{"version":1,"viewport":{"width":700,"height":700},"buffers":{"100":{"data":[0.0,0.0,1.0,45.0,0.0,1.0,44.753485,4.703781,1.0,0.0,0.0,1.0,44.753485,4.703781,1.0,44.016642,9.356026,1.0,0.0,0.0,1.0,44.016642,9.356026,1.0,42.797543,13.905765,1.0,0.0,0.0,1.0,42.797543,13.905765,1.0,41.109546,18.303149,1.0,0.0,0.0,1.0,41.109546,18.303149,1.0,38.971143,22.5,1.0,0.0,0.0,1.0,38.971143,22.5,1.0,36.405765,26.450336,1.0,0.0,0.0,1.0,36.405765,26.450336,1.0,33.441517,30.110877,1.0,0.0,0.0,1.0,33.441517,30.110877,1.0,30.110877,33.441517,1.0,0.0,0.0,1.0,30.110877,33.441517,1.0,26.450336,36.405765,1.0,0.0,0.0,1.0,26.450336,36.405765,1.0,22.5,38.971143,1.0,0.0,0.0,1.0,22.5,38.971143,1.0,18.303149,41.109546,1.0,0.0,0.0,1.0,18.303149,41.109546,1.0,13.905765,42.797543,1.0,0.0,0.0,1.0,13.905765,42.797543,1.0,9.356026,44.016642,1.0,0.0,0.0,1.0,9.356026,44.016642,1.0,4.703781,44.753485,1.0,0.0,0.0,1.0,4.703781,44.753485,1.0,0.0,45.0,1.0,0.0,0.0,1.0,0.0,45.0,1.0,-4.703781,44.753485,1.0,0.0,0.0,1.0,-4.703781,44.753485,1.0,-9.356026,44.016642,1.0,0.0,0.0,1.0,-9.356026,44.016642,1.0,-13.905765,42.797543,1.0,0.0,0.0,1.0,-13.905765,42.797543,1.0,-18.303149,41.109546,1.0,0.0,0.0,1.0,-18.303149,41.109546,1.0,-22.5,38.971143,1.0,0.0,0.0,1.0,-22.5,38.971143,1.0,-26.450336,36.405765,1.0,0.0,0.0,1.0,-26.450336,36.405765,1.0,-30.110877,33.441517,1.0,0.0,0.0,1.0,-30.110877,33.441517,1.0,-33.441517,30.110877,1.0,0.0,0.0,1.0,-33.441517,30.110877,1.0,-36.405765,26.450336,1.0,0.0,0.0,1.0,-36.405765,26.450336,1.0,-38.971143,22.5,1.0,0.0,0.0,1.0,-38.971143,22.5,1.0,-41.109546,18.303149,1.0,0.0,0.0,1.0,-41.109546,18.303149,1.0,-42.797543,13.905765,1.0,0.0,0.0,1.0,-42.797543,13.905765,1.0,-44.016642,9.356026,1.0,0.0,0.0,1.0,-44.016642,9.356026,1.0,-44.753485,4.703781,1.0,0.0,0.0,1.0,-44.753485,4.703781,1.0,-45.0,0.0,1.0,0.0,0.0,1.0,-45.0,0.0,1.0,-44.753485,-4.703781,1.0,0.0,0.0,1.0,-44.753485,-4.703781,1.0,-44.016642,-9.356026,1.0,0.0,0.0,1.0,-44.016642,-9.356026,1.0,-42.797543,-13.905765,1.0,0.0,0.0,1.0,-42.797543,-13.905765,1.0,-41.109546,-18.303149,1.0,0.0,0.0,1.0,-41.109546,-18.303149,1.0,-38.971143,-22.5,1.0,0.0,0.0,1.0,-38.971143,-22.5,1.0,-36.405765,-26.450336,1.0,0.0,0.0,1.0,-36.405765,-26.450336,1.0,-33.441517,-30.110877,1.0,0.0,0.0,1.0,-33.441517,-30.110877,1.0,-30.110877,-33.441517,1.0,0.0,0.0,1.0,-30.110877,-33.441517,1.0,-26.450336,-36.405765,1.0,0.0,0.0,1.0,-26.450336,-36.405765,1.0,-22.5,-38.971143,1.0,0.0,0.0,1.0,-22.5,-38.971143,1.0,-18.303149,-41.109546,1.0,0.0,0.0,1.0,-18.303149,-41.109546,1.0,-13.905765,-42.797543,1.0,0.0,0.0,1.0,-13.905765,-42.797543,1.0,-9.356026,-44.016642,1.0,0.0,0.0,1.0,-9.356026,-44.016642,1.0,-4.703781,-44.753485,1.0,0.0,0.0,1.0,-4.703781,-44.753485,1.0,-0.0,-45.0,1.0,0.0,0.0,1.0,-0.0,-45.0,1.0,4.703781,-44.753485,1.0,0.0,0.0,1.0,4.703781,-44.753485,1.0,9.356026,-44.016642,1.0,0.0,0.0,1.0,9.356026,-44.016642,1.0,13.905765,-42.797543,1.0,0.0,0.0,1.0,13.905765,-42.797543,1.0,18.303149,-41.109546,1.0,0.0,0.0,1.0,18.303149,-41.109546,1.0,22.5,-38.971143,1.0,0.0,0.0,1.0,22.5,-38.971143,1.0,26.450336,-36.405765,1.0,0.0,0.0,1.0,26.450336,-36.405765,1.0,30.110877,-33.441517,1.0,0.0,0.0,1.0,30.110877,-33.441517,1.0,33.441517,-30.110877,1.0,0.0,0.0,1.0,33.441517,-30.110877,1.0,36.405765,-26.450336,1.0,0.0,0.0,1.0,36.405765,-26.450336,1.0,38.971143,-22.5,1.0,0.0,0.0,1.0,38.971143,-22.5,1.0,41.109546,-18.303149,1.0,0.0,0.0,1.0,41.109546,-18.303149,1.0,42.797543,-13.905765,1.0,0.0,0.0,1.0,42.797543,-13.905765,1.0,44.016642,-9.356026,1.0,0.0,0.0,1.0,44.016642,-9.356026,1.0,44.753485,-4.703781,1.0,0.0,0.0,1.0,44.753485,-4.703781,1.0,45.0,-0.0,1.0]},"101":{"data":[0.0,38.0,0.0,43.0,19.0,32.908965,21.5,37.239092,32.908965,19.0,37.239092,21.5,38.0,0.0,43.0,0.0,32.908965,-19.0,37.239092,-21.5,19.0,-32.908965,21.5,-37.239092,0.0,-38.0,0.0,-43.0,-19.0,-32.908965,-21.5,-37.239092,-32.908965,-19.0,-37.239092,-21.5,-38.0,-0.0,-43.0,-0.0,-32.908965,19.0,-37.239092,21.5,-19.0,32.908965,-21.5,37.239092]},"102":{"data":[4.285667,40.775398,4.494724,42.764442,8.524379,40.104052,8.940203,42.060347,12.669697,38.993317,13.287731,40.89543,16.676202,37.455364,17.489676,39.282455,24.099195,33.169697,25.274766,34.787731,27.434355,30.468938,28.772616,31.955227,30.468938,27.434355,31.955227,28.772616,33.169697,24.099195,34.787731,25.274766,37.455364,16.676202,39.282455,17.489676,38.993317,12.669697,40.89543,13.287731,40.104052,8.524379,42.060347,8.940203,40.775398,4.285667,42.764442,4.494724,40.775398,-4.285667,42.764442,-4.494724,40.104052,-8.524379,42.060347,-8.940203,38.993317,-12.669697,40.89543,-13.287731,37.455364,-16.676202,39.282455,-17.489676,33.169697,-24.099195,34.787731,-25.274766,30.468938,-27.434355,31.955227,-28.772616,27.434355,-30.468938,28.772616,-31.955227,24.099195,-33.169697,25.274766,-34.787731,16.676202,-37.455364,17.489676,-39.282455,12.669697,-38.993317,13.287731,-40.89543,8.524379,-40.104052,8.940203,-42.060347,4.285667,-40.775398,4.494724,-42.764442,-4.285667,-40.775398,-4.494724,-42.764442,-8.524379,-40.104052,-8.940203,-42.060347,-12.669697,-38.993317,-13.287731,-40.89543,-16.676202,-37.455364,-17.489676,-39.282455,-24.099195,-33.169697,-25.274766,-34.787731,-27.434355,-30.468938,-28.772616,-31.955227,-30.468938,-27.434355,-31.955227,-28.772616,-33.169697,-24.099195,-34.787731,-25.274766,-37.455364,-16.676202,-39.282455,-17.489676,-38.993317,-12.669697,-40.89543,-13.287731,-40.104052,-8.524379,-42.060347,-8.940203,-40.775398,-4.285667,-42.764442,-4.494724,-40.775398,4.285667,-42.764442,4.494724,-40.104052,8.524379,-42.060347,8.940203,-38.993317,12.669697,-40.89543,13.287731,-37.455364,16.676202,-39.282455,17.489676,-33.169697,24.099195,-34.787731,25.274766,-30.468938,27.434355,-31.955227,28.772616,-27.434355,30.468938,-28.772616,31.955227,-24.099195,33.169697,-25.274766,34.787731,-16.676202,37.455364,-17.489676,39.282455,-12.669697,38.993317,-13.287731,40.89543,-8.524379,40.104052,-8.940203,42.060347,-4.285667,40.775398,-4.494724,42.764442]},"103":{"data":[0.0,0.0,-20.725939,13.979823]},"104":{"data":[0.0,0.0,27.276829,21.931133]},"105":{"data":[0.0,0.0,-7.900644,-37.169609]},"106":{"data":[0.0,0.0,1.0,2.0,0.0,1.0,1.847759,0.765367,1.0,0.0,0.0,1.0,1.847759,0.765367,1.0,1.414214,1.414214,1.0,0.0,0.0,1.0,1.414214,1.414214,1.0,0.765367,1.847759,1.0,0.0,0.0,1.0,0.765367,1.847759,1.0,0.0,2.0,1.0,0.0,0.0,1.0,0.0,2.0,1.0,-0.765367,1.847759,1.0,0.0,0.0,1.0,-0.765367,1.847759,1.0,-1.414214,1.414214,1.0,0.0,0.0,1.0,-1.414214,1.414214,1.0,-1.847759,0.765367,1.0,0.0,0.0,1.0,-1.847759,0.765367,1.0,-2.0,0.0,1.0,0.0,0.0,1.0,-2.0,0.0,1.0,-1.847759,-0.765367,1.0,0.0,0.0,1.0,-1.847759,-0.765367,1.0,-1.414214,-1.414214,1.0,0.0,0.0,1.0,-1.414214,-1.414214,1.0,-0.765367,-1.847759,1.0,0.0,0.0,1.0,-0.765367,-1.847759,1.0,-0.0,-2.0,1.0,0.0,0.0,1.0,-0.0,-2.0,1.0,0.765367,-1.847759,1.0,0.0,0.0,1.0,0.765367,-1.847759,1.0,1.414214,-1.414214,1.0,0.0,0.0,1.0,1.414214,-1.414214,1.0,1.847759,-0.765367,1.0,0.0,0.0,1.0,1.847759,-0.765367,1.0,2.0,-0.0,1.0]}},"transforms":{"50":{"sx":0.019,"sy":0.019,"tx":0.0,"ty":0.0}},"panes":{"1":{"name":"clock","region":{"clipYMin":-1.0,"clipYMax":1.0,"clipXMin":-1.0,"clipXMax":1.0},"hasClearColor":true,"clearColor":[0.058824,0.090196,0.164706,1.0]}},"layers":{"10":{"paneId":1,"name":"face"},"11":{"paneId":1,"name":"ticks"},"12":{"paneId":1,"name":"hands"},"13":{"paneId":1,"name":"center_dot"}},"geometries":{"200":{"vertexBufferId":100,"format":"pos2_alpha","vertexCount":180},"201":{"vertexBufferId":101,"format":"rect4","vertexCount":12},"202":{"vertexBufferId":102,"format":"rect4","vertexCount":48},"203":{"vertexBufferId":103,"format":"rect4","vertexCount":1},"204":{"vertexBufferId":104,"format":"rect4","vertexCount":1},"205":{"vertexBufferId":105,"format":"rect4","vertexCount":1},"206":{"vertexBufferId":106,"format":"pos2_alpha","vertexCount":48}},"drawItems":{"300":{"layerId":10,"name":"clock_face","pipeline":"triAA@1","geometryId":200,"transformId":50,"color":[0.117647,0.160784,0.231373,1.0]},"301":{"layerId":11,"name":"hour_ticks","pipeline":"lineAA@1",