{"version":1,"viewport":{"width":500,"height":900},"buffers":{"100":{"data":[4.0,0.0,3.980017,0.1,3.980017,0.1,3.920266,0.2,3.920266,0.2,3.821346,0.3,3.821346,0.3,3.684244,0.4,3.684244,0.4,3.51033,0.5,3.51033,0.5,3.301342,0.6,3.301342,0.6,3.059369,0.7,3.059369,0.7,2.786827,0.8,2.786827,0.8,2.48644,0.9,2.48644,0.9,2.161209,1.0,2.161209,1.0,1.814384,1.1,1.814384,1.1,1.449431,1.2,1.449431,1.2,1.069995,1.3,1.069995,1.3,0.679869,1.4,0.679869,1.4,0.282949,1.5,0.282949,1.5,-0.116798,1.6,-0.049555,4.7,0.349996,4.8,0.349996,4.8,0.746049,4.9,0.746049,4.9,1.134649,5.0,1.134649,5.0,1.511911,5.1,1.511911,5.1,1.874067,5.2,1.874067,5.2,2.217497,5.3,2.217497,5.3,2.538772,5.4,2.538772,5.4,2.834679,5.5,2.834679,5.5,3.102264,5.6,3.102264,5.6,3.338851,5.7,3.338851,5.7,3.542078,5.8,3.542078,5.8,3.709914,5.9,3.709914,5.9,3.840681,6.0,3.840681,6.0,3.933074,6.1,3.933074,6.1,3.986168,6.2,3.986168,6.2,3.999435,6.3,3.999435,6.3,3.97274,6.4,3.97274,6.4,3.906351,6.5,3.906351,6.5,3.80093,6.6,3.80093,6.6,3.657533,6.7,3.657533,6.7,3.47759,6.8,3.47759,6.8,3.2629,6.9,3.2629,6.9,3.015609,7.0,3.015609,7.0,2.738187,7.1,2.738187,7.1,2.433405,7.2,2.433405,7.2,2.10431,7.3,2.10431,7.3,1.754189,7.4,1.754189,7.4,1.386541,7.5,1.386541,7.5,1.005039,7.6,1.005039,7.6,0.613495,7.7,0.613495,7.7,0.215822,7.8,0.215822,7.8,-0.184009,7.9,0.017703,11.0,0.416944,11.1,0.416944,11.1,0.812019,11.2,0.812019,11.2,1.198981,11.3,1.198981,11.3,1.573963,11.4,1.573963,11.4,1.933219,11.5,1.933219,11.5,2.273159,11.6,2.273159,11.6,2.590385,11.7,2.590385,11.7,2.88173,11.8,2.88173,11.8,3.144281,11.9,3.144281,11.9,3.375416,12.0,3.375416,12.0,3.572824,12.1,3.572824,12.1,3.734535,12.2,3.734535,12.2,3.85893,12.3,3.85893,12.3,3.944769,12.4,3.944769,12.4,3.991193,12.5,3.991193,12.5,3.997738,12.6,3.997738,12.6,3.964339,12.7,3.964339,12.7,3.89133,12.8,3.89133,12.8,3.77944,12.9,3.77944,12.9,3.629787,13.0,3.629787,13.0,3.443866,13.1,3.443866,13.1,3.223536,13.2,3.223536,13.2,2.970997,13.3,2.970997,13.3,2.688772,13.4,2.688772,13.4,2.379683,13.5,2.379683,13.5,2.046816,13.6,2.046816,13.6,1.693498,13.7,1.693498,13.7,1.32326,13.8,1.32326,13.8,0.939799,13.9,0.939799,13.9,0.546949,14.0,0.546949,14.0,0.148634,14.1,0.084955,17.3,0.483774,17.4,0.483774,17.4,0.87776,17.5,0.87776,17.5,1.262975,17.6,1.262975,17.6,1.635571,17.7,1.635571,17.7,1.991825,17.8,1.991825,17.8,2.328177,17.9,2.328177,17.9,2.641267,18.0,2.641267,18.0,2.927966,18.1,2.927966,18.1,3.18541,18.2,3.18541,18.2,3.411026,18.3,3.411026,18.3,3.602561,18.4,3.602561,18.4,3.7581,18.5,3.7581,18.5,3.876089,18.6,3.876089,18.6,3.955349,18.7,3.955349,18.7,3.995089,18.8,3.995089,18.8,3.994912,18.9,3.994912,18.9,3.954818,19.0,3.954818,19.0,3.87521,19.1,3.87521,19.1,3.756881,19.2,3.756881,19.2,3.601015,19.3,3.601015,19.3,3.409169,19.4,3.409169,19.4,3.18326,19.5,3.18326,19.5,2.925544,19.6,2.925544,19.6,2.638598,19.7,2.638598,19.7,2.325287,19.8,2.325287,19.8,1.988743,19.9,1.988743,19.9,1.632328,20.0,1.632328,20.0,1.259604,20.1,1.259604,20.1,0.874293,20.2,0.874293,20.2,0.480248,20.3,0.480248,20.3,0.081403,20.4,0.152184,23.6,0.550468,23.7,0.550468,23.7,0.943252,23.8,0.943252,23.8,1.326612,23.9,1.326612,23.9,1.696716,24.0,1.696716,24.0,2.049867,24.1,2.049867,24.1,2.382537,24.2,2.382537,24.2,2.691402,24.3,2.691402,24.3,2.973374,24.4,2.973374,24.4,3.225638,24.5,3.225638,24.5,3.445672,24.6,3.445672,24.6,3.631278,24.7,3.631278,24.7,3.780602,24.8,3.780602,24.8,3.892151,24.9,3.892151,24.9,3.964811,25.0,3.964811,25.0,3.997856,25.1,3.997856,25.1,3.990956,25.2,3.990956,25.2,3.944179,25.3,3.944179,25.3,3.857994,25.4,3.857994,25.4,3.73326,25.5,3.73326,25.5,3.571226,25.6,3.571226,25.6,3.373508,25.7,3.373508,25.7,3.142084,25.8,3.142084,25.8,2.879265,25.9,2.879265,25.9,2.587677,26.0,2.587677,26.0,2.270234,26.1,2.270234,26.1,1.930108,26.2,1.930108,26.2,1.570697,26.3,1.570697,26.3,1.195592,26.4,1.195592,26.4,0.80854,26.5,0.80854,26.5,0.413411,26.6,0.413411,26.6,0.01415,26.7,-0.18046,29.8,0.219369,29.9,0.219369,29.9,0.617006,30.0]},"103":{"data":[-0.116798,1.6,-0.515378,1.7,-0.515378,1.7,-0.908808,1.8,-0.908808,1.8,-1.293158,1.9,-1.293158,1.9,-1.664587,2.0,-1.664587,2.0,-2.019384,2.1,-2.019384,2.1,-2.354004,2.2,-2.354004,2.2,-2.665104,2.3,-2.665104,2.3,-2.949575,2.4,-2.949575,2.4,-3.204574,2.5,-3.204574,2.5,-3.427555,2.6,-3.427555,2.6,-3.616289,2.7,-3.616289,2.7,-3.768889,2.8,-3.768889,2.8,-3.883833,2.9,-3.883833,2.9,-3.95997,3.0,-3.95997,3.0,-3.996541,3.1,-3.996541,3.1,-3.993179,3.2,-3.993179,3.2,-3.949919,3.3,-3.949919,3.3,-3.867193,3.4,-3.867193,3.4,-3.745827,3.5,-3.745827,3.5,-3.587034,3.6,-3.587034,3.6,-3.3924,3.7,-3.3924,3.7,-3.163871,3.8,-3.163871,3.8,-2.903729,3.9,-2.903729,3.9,-2.614574,4.0,-2.614574,4.0,-2.299296,4.1,-2.299296,4.1,-1.961043,4.2,-1.961043,4.2,-1.603197,4.3,-1.603197,4.3,-1.229331,4.4,-1.229331,4.4,-0.843183,4.5,-0.843183,4.5,-0.44861,4.6,-0.44861,4.6,-0.049555,4.7,-0.184009,7.9,-0.582,8.0,-0.582,8.0,-0.974177,8.1,-0.974177,8.1,-1.356619,8.2,-1.356619,8.2,-1.725507,8.3,-1.725507,8.3,-2.077155,8.4,-2.077155,8.4,-2.408048,8.5,-2.408048,8.5,-2.71488,8.6,-2.71488,8.6,-2.994587,8.7,-2.994587,8.7,-3.244372,8.8,-3.244372,8.8,-3.461741,8.9,-3.461741,8.9,-3.644521,9.0,-3.644521,9.0,-3.790886,9.1,-3.790886,9.1,-3.899374,9.2,-3.899374,9.2,-3.968901,9.3,-3.968901,9.3,-3.998772,9.4,-3.998772,9.4,-3.988689,9.5,-3.988689,9.5,-3.938751,9.6,-3.938751,9.6,-3.84946,9.7,-3.84946,9.7,-3.721705,9.8,-3.721705,9.8,-3.556765,9.9,-3.556765,9.9,-3.356286,10.0,-3.356286,10.0,-3.122273,10.1,-3.122273,10.1,-2.857063,10.2,-2.857063,10.2,-2.563306,10.3,-2.563306,10.3,-2.243937,10.4,-2.243937,10.4,-1.902148,10.5,-1.902148,10.5,-1.541353,10.6,-1.541353,10.6,-1.165157,10.7,-1.165157,10.7,-0.77732,10.8,-0.77732,10.8,-0.381715,10.9,-0.381715,10.9,0.017703,11.0,0.148634,14.1,-0.251167,14.2,-0.251167,14.2,-0.648458,14.3,-0.648458,14.3,-1.039269,14.4,-1.039269,14.4,-1.419697,14.5,-1.419697,14.5,-1.78594,14.6,-1.78594,14.6,-2.134338,14.7,-2.134338,14.7,-2.46141,14.8,-2.46141,14.8,-2.763889,14.9,-2.763889,14.9,-3.038752,15.0,-3.038752,15.0,-3.283252,15.1,-3.283252,15.1,-3.494948,15.2,-3.494948,15.2,-3.671723,15.3,-3.671723,15.3,-3.811812,15.4,-3.811812,15.4,-3.913814,15.5,-3.913814,15.5,-3.976711,15.6,-3.976711,15.6,-3.999873,15.7,-3.999873,15.7,-3.98307,15.8,-3.98307,15.8,-3.92647,15.9,-3.92647,15.9,-3.830638,16.0,-3.830638,16.0,-3.696531,16.1,-3.696531,16.1,-3.52549,16.2,-3.52549,16.2,-3.319223,16.3,-3.319223,16.3,-3.079792,16.4,-3.079792,16.4,-2.809588,16.5,-2.809588,16.5,-2.511312,16.6,-2.511312,16.6,-2.187944,16.7,-2.187944,16.7,-1.842714,16.8,-1.842714,16.8,-1.479073,16.9,-1.479073,16.9,-1.100653,17.0,-1.100653,17.0,-0.711236,17.1,-0.711236,17.1,-0.314713,17.2,-0.314713,17.2,0.084955,17.3,0.081403,20.4,-0.318254,20.5,-0.318254,20.5,-0.714732,20.6,-0.714732,20.6,-1.104068,20.7,-1.104068,20.7,-1.482373,20.8,-1.482373,20.8,-1.845867,20.9,-1.845867,20.9,-2.190917,21.0,-2.190917,21.0,-2.514076,21.1,-2.514076,21.1,-2.812116,21.2,-2.812116,21.2,-3.082058,21.3,-3.082058,21.3,-3.321204,21.4,-3.321204,21.4,-3.527167,21.5,-3.527167,21.5,-3.697887,21.6,-3.697887,21.6,-3.831659,21.7,-3.831659,21.7,-3.927147,21.8,-3.927147,21.8,-3.983395,21.9,-3.983395,21.9,-3.999843,22.0,-3.999843,22.0,-3.976326,22.1,-3.976326,22.1,-3.913079,22.2,-3.913079,22.2,-3.810733,22.3,-3.810733,22.3,-3.670312,22.4,-3.670312,22.4,-3.493219,22.5,-3.493219,22.5,-3.281222,22.6,-3.281222,22.6,-3.03644,22.7,-3.03644,22.7,-2.76132,22.8,-2.76132,22.8,-2.458609,22.9,-2.458609,22.9,-2.131332,23.0,-2.131332,23.0,-1.78276,23.1,-1.78276,23.1,-1.416375,23.2,-1.416375,23.2,-1.035838,23.3,-1.035838,23.3,-0.644952,23.4,-0.644952,23.4,-0.247621,23.5,-0.247621,23.5,0.152184,23.6,0.01415,26.7,-0.385252,26.8,-0.385252,26.8,-0.780804,26.9,-0.780804,26.9,-1.168555,27.0,-1.168555,27.0,-1.54463,27.1,-1.54463,27.1,-1.905272,27.2,-1.905272,27.2,-2.246877,27.3,-2.246877,27.3,-2.566032,27.4,-2.566032,27.4,-2.859548,27.5,-2.859548,27.5,-3.124492,27.6,-3.124492,27.6,-3.358217,27.7,-3.358217,27.7,-3.558389,27.8,-3.558389,27.8,-3.723006,27.9,-3.723006,27.9,-3.850423,28.0,-3.850423,28.0,