{"version":1,"viewport":{"width":600,"height":600},"buffers":{"100":{"data":[0,0,40.0,0.0,39.807389067,3.920685613,0,0,39.807389067,3.920685613,39.231411216,7.803612881,0,0,39.231411216,7.803612881,38.277613429,11.61138709,0,0,38.277613429,11.61138709,36.9551813,15.307337295,0,0,36.9551813,15.307337295,35.276850574,18.855869473,0,0,35.276850574,18.855869473,33.258784492,22.222809321,0,0,33.258784492,22.222809321,30.920418135,25.375731367,0,0,30.920418135,25.375731367,28.284271247,28.284271247,0,0,28.284271247,28.284271247,25.375731367,30.920418135,0,0,25.375731367,30.920418135,22.222809321,33.258784492,0,0,22.222809321,33.258784492,18.855869473,35.276850574,0,0,18.855869473,35.276850574,15.307337295,36.9551813,0,0,15.307337295,36.9551813,11.61138709,38.277613429,0,0,11.61138709,38.277613429,7.803612881,39.231411216,0,0,7.803612881,39.231411216,3.920685613,39.807389067,0,0,3.920685613,39.807389067,0.0,40.0,0,0,0.0,40.0,-3.920685613,39.807389067,0,0,-3.920685613,39.807389067,-7.803612881,39.231411216,0,0,-7.803612881,39.231411216,-11.61138709,38.277613429,0,0,-11.61138709,38.277613429,-15.307337295,36.9551813,0,0,-15.307337295,36.9551813,-18.855869473,35.276850574,0,0,-18.855869473,35.276850574,-22.222809321,33.258784492,0,0,-22.222809321,33.258784492,-25.375731367,30.920418135,0,0,-25.375731367,30.920418135,-28.284271247,28.284271247,0,0,-28.284271247,28.284271247,-30.920418135,25.375731367,0,0,-30.920418135,25.375731367,-33.258784492,22.222809321,0,0,-33.258784492,22.222809321,-35.276850574,18.855869473,0,0,-35.276850574,18.855869473,-36.9551813,15.307337295,0,0,-36.9551813,15.307337295,-38.277613429,11.61138709,0,0,-38.277613429,11.61138709,-39.231411216,7.803612881,0,0,-39.231411216,7.803612881,-39.807389067,3.920685613,0,0,-39.807389067,3.920685613,-40.0,0.0,0,0,-40.0,0.0,-39.807389067,-3.920685613,0,0,-39.807389067,-3.920685613,-39.231411216,-7.803612881,0,0,-39.231411216,-7.803612881,-38.277613429,-11.61138709,0,0,-38.277613429,-11.61138709,-36.9551813,-15.307337295,0,0,-36.9551813,-15.307337295,-35.276850574,-18.855869473,0,0,-35.276850574,-18.855869473,-33.258784492,-22.222809321,0,0,-33.258784492,-22.222809321,-30.920418135,-25.375731367,0,0,-30.920418135,-25.375731367,-28.284271247,-28.284271247,0,0,-28.284271247,-28.284271247,-25.375731367,-30.920418135,0,0,-25.375731367,-30.920418135,-22.222809321,-33.258784492,0,0,-22.222809321,-33.258784492,-18.855869473,-35.276850574,0,0,-18.855869473,-35.276850574,-15.307337295,-36.9551813,0,0,-15.307337295,-36.9551813,-11.61138709,-38.277613429,0,0,-11.61138709,-38.277613429,-7.803612881,-39.231411216,0,0,-7.803612881,-39.231411216,-3.920685613,-39.807389067,0,0,-3.920685613,-39.807389067,-0.0,-40.0,0,0,-0.0,-40.0,3.920685613,-39.807389067,0,0,3.920685613,-39.807389067,7.803612881,-39.231411216,0,0,7.803612881,-39.231411216,11.61138709,-38.277613429,0,0,11.61138709,-38.277613429,15.307337295,-36.9551813,0,0,15.307337295,-36.9551813,18.855869473,-35.276850574,0,0,18.855869473,-35.276850574,22.222809321,-33.258784492,0,0,22.222809321,-33.258784492,25.375731367,-30.920418135,0,0,25.375731367,-30.920418135,28.284271247,-28.284271247,0,0,28.284271247,-28.284271247,30.920418135,-25.375731367,0,0,30.920418135,-25.375731367,33.258784492,-22.222809321,0,0,33.258784492,-22.222809321,35.276850574,-18.855869473,0,0,35.276850574,-18.855869473,36.9551813,-15.307337295,0,0,36.9551813,-15.307337295,38.277613429,-11.61138709,0,0,38.277613429,-11.61138709,39.231411216,-7.803612881,0,0,39.231411216,-7.803612881,39.807389067,-3.920685613,0,0,39.807389067,-3.920685613,40.0,-0.0]},"101":{"data":[0,0,0.0,-40.0,3.920685613,-39.807389067,0,0,3.920685613,-39.807389067,7.803612881,-39.231411216,0,0,7.803612881,-39.231411216,11.61138709,-38.277613429,0,0,11.61138709,-38.277613429,15.307337295,-36.9551813,0,0,15.307337295,-36.9551813,18.855869473,-35.276850574,0,0,18.855869473,-35.276850574,22.222809321,-33.258784492,0,0,22.222809321,-33.258784492,25.375731367,-30.920418135,0,0,25.375731367,-30.920418135,28.284271247,-28.284271247,0,0,28.284271247,-28.284271247,30.920418135,-25.375731367,0,0,30.920418135,-25.375731367,33.258784492,-22.222809321,0,0,33.258784492,-22.222809321,35.276850574,-18.855869473,0,0,35.276850574,-18.855869473,36.9551813,-15.307337295,0,0,36.9551813,-15.307337295,38.277613429,-11.61138709,0,0,38.277613429,-11.61138709,39.231411216,-7.803612881,0,0,39.231411216,-7.803612881,39.807389067,-3.920685613,0,0,39.807389067,-3.920685613,40.0,0.0,0,0,40.0,0.0,39.807389067,3.920685613,0,0,39.807389067,3.920685613,39.231411216,7.803612881,0,0,39.231411216,7.803612881,38.277613429,11.61138709,0,0,38.277613429,11.61138709,36.9551813,15.307337295,0,0,36.9551813,15.307337295,35.276850574,18.855869473,0,0,35.276850574,18.855869473,33.258784492,22.222809321,0,0,33.258784492,22.222809321,30.920418135,25.375731367,0,0,30.920418135,25.375731367,28.284271247,28.284271247,0,0,28.284271247,28.284271247,25.375731367,30.920418135,0,0,25.375731367,30.920418135,22.222809321,33.258784492,0,0,22.222809321,33.258784492,18.855869473,35.276850574,0,0,18.855869473,35.276850574,15.307337295,36.9551813,0,0,15.307337295,36.9551813,11.61138709,38.277613429,0,0,11.61138709,38.277613429,7.803612881,39.231411216,0,0,7.803612881,39.231411216,3.920685613,39.807389067,0,0,3.920685613,39.807389067,0.0,40.0]},"102":{"data":[0,20,0.0,0.0,1.960342807,0.096305467,0,20,1.960342807,0.096305467,3.90180644,0.384294392,0,20,3.90180644,0.384294392,5.805693545,0.861193285,0,20,5.805693545,0.861193285,7.653668647,1.52240935,0,20,7.653668647,1.52240935,9.427934737,2.361574713,0,20,9.427934737,2.361574713,11.11140466,3.370607754,0,20,11.11140466,3.370607754,12.687865683,4.539790933,0,20,12.687865683,4.539790933,14.142135624,5.857864376,0,20,14.142135624,5.857864376,15.460209067,7.312134317,0,20,15.460209067,7.312134317,16.629392246,8.88859534,0,20,16.629392246,8.88859534,17.638425287,10.572065263,0,20,17.638425287,10.572065263,18.47759065,12.346331353,0,20,18.47759065,12.346331353,19.138806715,14.194306455,0,20,19.138806715,14.194306455,19.615705608,16.09819356,0,20,19.615705608,16.09819356,19.903694533,18.039657193,0,20,19.903694533,18.039657193,20.0,20.0,0,20,20.0,20.0,19.903694533,21.960342807,0,20,19.903694533,21.960342807,19.615705608,23.90180644,0,20,19.615705608,23.90180644,19.138806715,25.805693545,0,20,19.138806715,25.805693545,18.47759065,27.653668647,0,20,18.47759065,27.653668647,17.638425287,29.427934737,0,20,17.638425287,29.427934737,16.629392246,31.11140466,0,20,16.629392246,31.11140466,15.460209067,32.687865683,0,20,15.460209067,32.687865683,14.142135624,34.142135624,0,20,14.142135624,34.142135624,12.687865683,35.460209067,0,20,12.687865683,35.460209067,11.11140466,36.629392246,0,20,11.11140466,36.629392246,9.427934737,37.638425287,0,20,9.427934737,37.638425287,7.653668647,38.47759065,0,20,7.653668647,38.47759065,5.805693545,39.138806715,0,20,5.805693545,39.138806715,3.90180644,39.615705608,0,20,3.90180644,39.615705608,1.960342807,39.903694533,0,20,1.960342807,39.903694533,0.0,40.0]},