{"version":1,"viewport":{"width":700,"height":700},"buffers":{"100":{"data":[5.5,0.0,3.0,0.0,5.479825,0.470663,5.479825,0.470663,3.0,0.0,2.988995,0.256725,5.479825,0.470663,2.988995,0.256725,5.419446,0.937872,5.419446,0.937872,2.988995,0.256725,2.956062,0.511567,5.419446,0.937872,2.956062,0.511567,5.319308,1.398201,5.319308,1.398201,2.956062,0.511567,2.901441,0.762655,5.319308,1.398201,2.901441,0.762655,5.180144,1.848272,5.180144,1.848272,2.901441,0.762655,2.825533,1.008148,5.180144,1.848272,2.825533,1.008148,5.002976,2.284783,5.002976,2.284783,2.825533,1.008148,2.728896,1.246245,5.002976,2.284783,2.728896,1.246245,4.789103,2.704531,4.789103,2.704531,2.728896,1.246245,2.612238,1.475199,4.789103,2.704531,2.612238,1.475199,4.540095,3.104438,4.540095,3.104438,2.612238,1.475199,2.476416,1.69333,4.540095,3.104438,2.476416,1.69333,4.257779,3.481568,4.257779,3.481568,2.476416,1.69333,2.322425,1.899037,4.257779,3.481568,2.322425,1.899037,3.944225,3.833157,3.944225,3.833157,2.322425,1.899037,2.151395,2.090813,3.944225,3.833157,2.151395,2.090813,3.601734,4.156623,3.601734,4.156623,2.151395,2.090813,1.964582,2.267249,3.601734,4.156623,1.964582,2.267249,3.232819,4.449593,3.232819,4.449593,1.964582,2.267249,1.763356,2.427051,3.232819,4.449593,1.763356,2.427051,2.840186,4.70992,2.840186,4.70992,1.763356,2.427051,1.549192,2.569047,2.840186,4.70992,1.549192,2.569047,2.426716,4.935691,2.426716,4.935691,1.549192,2.569047,1.323663,2.692195,2.426716,4.935691,1.323663,2.692195,1.995442,5.125252,1.995442,5.125252,1.323663,2.692195,1.088423,2.795592,1.995442,5.125252,1.088423,2.795592,1.549529,5.277211,1.549529,5.277211,1.088423,2.795592,0.845198,2.878479,1.549529,5.277211,0.845198,2.878479,1.092248,5.390454,1.092248,5.390454,0.845198,2.878479,0.595771,2.940248,1.092248,5.390454,0.595771,2.940248,0.626953,5.46415,0.626953,5.46415,0.595771,2.940248,0.341974,2.980445,0.626953,5.46415,0.341974,2.980445,0.157058,5.497757,0.157058,5.497757,0.341974,2.980445,0.085668,2.998777,0.157058,5.497757,0.085668,2.998777,-0.313988,5.49103,-0.313988,5.49103,0.085668,2.998777,-0.171266,2.995107,-0.313988,5.49103,-0.171266,2.995107,-0.782732,5.444018,-0.782732,5.444018,-0.171266,2.995107,-0.426945,2.969464,-0.782732,5.444018,-0.426945,2.969464,-1.245732,5.357066,-1.245732,5.357066,-0.426945,2.969464,-0.67949,2.922036,-1.245732,5.357066,-0.67949,2.922036,-1.699593,5.230811,-1.699593,5.230811,-0.67949,2.922036,-0.927051,2.85317]},"103":{"data":[-1.699593,5.230811,-0.927051,2.85317,-2.140986,5.06618,-2.140986,5.06618,-0.927051,2.85317,-1.16781,2.763371,-2.140986,5.06618,-1.16781,2.763371,-2.56667,4.864381,-2.56667,4.864381,-1.16781,2.763371,-1.400002,2.653299,-2.56667,4.864381,-1.400002,2.653299,-2.973524,4.626894,-2.973524,4.626894,-1.400002,2.653299,-1.621922,2.523761,-2.973524,4.626894,-1.621922,2.523761,-3.358563,4.355462,-3.358563,4.355462,-1.621922,2.523761,-1.831944,2.375707,-3.358563,4.355462,-1.831944,2.375707,-3.718962,4.052076,-3.718962,4.052076,-1.831944,2.375707,-2.028525,2.210223,-3.718962,4.052076,-2.028525,2.210223,-4.052076,3.718962,-4.052076,3.718962,-2.028525,2.210223,-2.210223,2.028525,-4.052076,3.718962,-2.210223,2.028525,-4.355462,3.358563,-4.355462,3.358563,-2.210223,2.028525,-2.375707,1.831944,-4.355462,3.358563,-2.375707,1.831944,-4.626894,2.973524,-4.626894,2.973524,-2.375707,1.831944,-2.523761,1.621922,-4.626894,2.973524,-2.523761,1.621922,-4.864381,2.56667,-4.864381,2.56667,-2.523761,1.621922,-2.653299,1.400002,-4.864381,2.56667,-2.653299,1.400002,-5.06618,2.140986,-5.06618,2.140986,-2.653299,1.400002,-2.763371,1.16781,-5.06618,2.140986,-2.763371,1.16781,-5.230811,1.699593,-5.230811,1.699593,-2.763371,1.16781,-2.85317,0.927051]},"106":{"data":[-5.230811,1.699593,-2.85317,0.927051,-5.354684,1.25593,-5.354684,1.25593,-2.85317,0.927051,-2.920737,0.685053,-5.354684,1.25593,-2.920737,0.685053,-5.440998,0.803457,-5.440998,0.803457,-2.920737,0.685053,-2.967817,0.438249,-5.440998,0.803457,-2.967817,0.438249,-5.489147,0.345348,-5.489147,0.345348,-2.967817,0.438249,-2.99408,0.188372,-5.489147,0.345348,-2.99408,0.188372,-5.498794,-0.115183,-5.498794,-0.115183,-2.99408,0.188372,-2.999342,-0.062827,-5.498794,-0.115183,-2.999342,-0.062827,-5.46987,-0.574907,-5.46987,-0.574907,-2.999342,-0.062827,-2.983566,-0.313585,-5.46987,-0.574907,-2.983566,-0.313585,-5.40258,-1.030597,-5.40258,-1.030597,-2.983566,-0.313585,-2.946862,-0.562144,-5.40258,-1.030597,-2.946862,-0.562144,-5.297394,-1.479059,-5.297394,-1.479059,-2.946862,-0.562144,-2.889488,-0.806759,-5.297394,-1.479059,-2.889488,-0.806759,-5.155051,-1.917146,-5.155051,-1.917146,-2.889488,-0.806759,-2.811846,-1.045716,-5.155051,-1.917146,-2.811846,-1.045716,-4.976549,-2.341786,-4.976549,-2.341786,-2.811846,-1.045716,-2.714481,-1.277338]},"109":{"data":[-4.976549,-2.341786,-2.714481,-1.277338,-4.777473,-2.725023,-4.777473,-2.725023,-2.714481,-1.277338,-2.605895,-1.486376,-4.777473,-2.725023,-2.605895,-1.486376,-4.548943,-3.091459,-4.548943,-3.091459,-2.605895,-1.486376,-2.481242,-1.68625,-4.548943,-3.091459,-2.481242,-1.68625,-4.292367,-3.438835,-4.292367,-3.438835,-2.481242,-1.68625,-2.341291,-1.875728,-4.292367,-3.438835,-2.341291,-1.875728,-4.009327,-3.765009,-4.009327,-3.765009,-2.341291,-1.875728,-2.186906,-2.053641,-4.009327,-3.765009,-2.186906,-2.053641,-3.701569,-4.067971,-3.701569,-4.067971,-2.186906,-2.053641,-2.019038,-2.218893,-3.701569,-4.067971,-2.019038,-2.218893,-3.370989,-4.345853,-3.370989,-4.345853,-2.019038,-2.218893,-1.838721,-2.370465,-3.370989,-4.345853,-1.838721,-2.370465,-3.019625,-4.59694,-3.019625,-4.59694,-1.838721,-2.370465,-1.647068,-2.507422,-3.019625,-4.59694,-1.647068,-2.507422,-2.649645,-4.819687,-2.649645,-4.819687,-1.647068,-2.507422,-1.445261,-2.62892]},"112":{"data":[-2.649645,-4.819687,-1.445261,-2.62892,-2.252075,-5.017784,-2.252075,-5.017784,-1.445261,-2.62892,-1.228404,-2.736973,-2.252075,-5.017784,-1.228404,-2.736973,-1.839815,-5.183153,-1.839815,-5.183153,-1.228404,-2.736973,-1.003536,-2.827175,-1.839815,-5.183153,-1.003536,-2.827175,-1.415556,-5.314716,-1.415556,-5.314716,-1.003536,-2.827175,-0.772121,-2.898936,-1.415556,-5.314716,-0.772121,-2.898936,-0.982063,-5.411613,-0.982063,-5.411613,-0.772121,-2.898936,-0.535671,-2.951789,-0.982063,-5.411613,-0.535671,-2.951789,-0.542165,-5.473213,-0.542165,-5.473213,-0.535671,-2.951789,-0.295726,-2.985389,-0.542165,-5.473213,-0.295726,-2.985389,-0.09873,-5.499114,-0.09873,-5.499114,-0.295726,-2.985389,-0.053853,-2.999517,-0.09873,-5.499114,-0.053853,-2.999517,0.345348,-5.489147,0.345348,-5.489147,-0.053853,-2.999517,0.188372,-2.99408]},