{"version":1,"viewport":{"width":750,"height":750},"buffers":{"100":{"data":[5.999086,0.104714,5.299193,0.092498,5.970092,0.598334,5.970092,0.598334,5.299193,0.092498,5.273581,0.528529,5.970092,0.598334,5.273581,0.528529,5.90055,1.08789,5.90055,1.08789,5.273581,0.528529,5.212153,0.96097,5.90055,1.08789,5.212153,0.96097,5.790934,1.570058,5.790934,1.570058,5.212153,0.96097,5.115325,1.386884,5.790934,1.570058,5.115325,1.386884,5.641988,2.041562,5.641988,2.041562,5.115325,1.386884,4.983756,1.80338,5.641988,2.041562,4.983756,1.80338,5.454723,2.4992,5.454723,2.4992,4.983756,1.80338,4.818338,2.207627,5.454723,2.4992,4.818338,2.207627,5.230411,2.939865,5.230411,2.939865,4.818338,2.207627,4.620196,2.596881,5.230411,2.939865,4.620196,2.596881,4.970575,3.360563,4.970575,3.360563,4.620196,2.596881,4.390675,2.968497,4.970575,3.360563,4.390675,2.968497,4.676981,3.758437,4.676981,3.758437,4.390675,2.968497,4.131333,3.319952,4.676981,3.758437,4.131333,3.319952,4.351623,4.130785,4.351623,4.130785,4.131333,3.319952,3.843933,3.64886,4.351623,4.130785,3.843933,3.64886,3.996709,4.475077,3.996709,4.475077,3.843933,3.64886,3.530426,3.952985,3.996709,4.475077,3.530426,3.952985,3.614651,4.788977,3.614651,4.788977,3.530426,3.952985,3.192942,4.230263,3.614651,4.788977,3.192942,4.230263,3.208043,5.070351,3.208043,5.070351,3.192942,4.230263,2.833772,4.47881,3.208043,5.070351,2.833772,4.47881,2.779648,5.317289,2.779648,5.317289,2.833772,4.47881,2.455356,4.696938,2.779648,5.317289,2.455356,4.696938,2.332374,5.528113,2.332374,5.528113,2.455356,4.696938,2.060263,4.883167,2.332374,5.528113,2.060263,4.883167,1.869259,5.701392,1.869259,5.701392,2.060263,4.883167,1.651178,5.03623,1.869259,5.701392,1.651178,5.03623,1.393448,5.835949,1.393448,5.835949,1.651178,5.03623,1.230879,5.155088,1.393448,5.835949,1.230879,5.155088,0.908174,5.93087,0.908174,5.93087,1.230879,5.155088,0.80222,5.238935]},"101":{"data":[0.700636,5.958952,0.618895,5.263741,0.187165,5.99708,0.187165,5.99708,0.618895,5.263741,0.165329,5.297421,0.187165,5.99708,0.165329,5.297421,-0.327685,5.991045,-0.327685,5.991045,0.165329,5.297421,-0.289455,5.29209,-0.327685,5.991045,-0.289455,5.29209,-0.840122,5.940892,-0.840122,5.940892,-0.289455,5.29209,-0.742107,5.247788,-0.840122,5.940892,-0.742107,5.247788,-1.346372,5.846989,-1.346372,5.846989,-0.742107,5.247788,-1.189295,5.164841,-1.346372,5.846989,-1.189295,5.164841,-1.842707,5.710029,-1.842707,5.710029,-1.189295,5.164841,-1.627724,5.043859,-1.842707,5.710029,-1.627724,5.043859,-2.325472,5.53102,-2.325472,5.53102,-1.627724,5.043859,-2.054167,4.885734,-2.325472,5.53102,-2.054167,4.885734,-2.791112,5.31128,-2.791112,5.31128,-2.054167,4.885734,-2.465483,4.69163,-2.791112,5.31128,-2.465483,4.69163,-3.236199,5.052427,-3.236199,5.052427,-2.465483,4.69163,-2.858642,4.462977,-3.236199,5.052427,-2.858642,4.462977,-3.657454,4.756368,-3.657454,4.756368,-2.858642,4.462977,-3.230751,4.201458,-3.657454,4.756368,-3.230751,4.201458,-4.051775,4.425282,-4.051775,4.425282,-3.230751,4.201458,-3.579068,3.908999,-4.051775,4.425282,-3.579068,3.908999,-4.416258,4.061608,-4.416258,4.061608,-3.579068,3.908999,-3.901028,3.587754,-4.416258,4.061608,-3.901028,3.587754,-4.74822,3.668025,-4.74822,3.668025,-3.901028,3.587754,-4.194261,3.240089,-4.74822,3.668025,-4.194261,3.240089,-5.045216,3.24743,-5.045216,3.24743,-4.194261,3.240089,-4.456607,2.868563,-5.045216,3.24743,-4.456607,2.868563,-5.305058,2.80292,-5.305058,2.80292,-4.456607,2.868563,-4.686134,2.475913,-5.305058,2.80292,-4.686134,2.475913,-5.525833,2.33777,-5.525833,2.33777,-4.686134,2.475913,-4.881153,2.06503,-5.525833,2.33777,-4.881153,2.06503,-5.705916,1.855404,-5.705916,1.855404,-4.881153,2.06503,-5.040226,1.63894,-5.705916,1.855404,-5.040226,1.63894,-5.84398,1.359375,-5.84398,1.359375,-5.040226,1.63894,-5.162182,1.200781,-5.84398,1.359375,-5.162182,1.200781,-5.939008,0.853335,-5.939008,0.853335,-5.162182,1.200781,-5.246124,0.753779]},"102":{"data":[-5.965171,0.645546,-5.269235,0.570233,-5.998278,0.143719,-5.998278,0.143719,-5.269235,0.570233,-5.298479,0.126952,-5.998278,0.143719,-5.298479,0.126952,-5.989243,-0.359118,-5.989243,-0.359118,-5.298479,0.126952,-5.290498,-0.317221,-5.989243,-0.359118,-5.290498,-0.317221,-5.938129,-0.859432,-5.938129,-0.859432,-5.290498,-0.317221,-5.245347,-0.759165,-5.938129,-0.859432,-5.245347,-0.759165,-5.845295,-1.353707,-5.845295,-1.353707,-5.245347,-0.759165,-5.163344,-1.195775,-5.845295,-1.353707,-5.163344,-1.195775,-5.711394,-1.838472,-5.711394,-1.838472,-5.163344,-1.195775,-5.045065,-1.623984,-5.711394,-1.838472,-5.045065,-1.623984,-5.537366,-2.310321,-5.537366,-2.310321,-5.045065,-1.623984,-4.89134,-2.040783,-5.537366,-2.310321,-4.89134,-2.040783,-5.324433,-2.765937,-5.324433,-2.765937,-4.89134,-2.040783,-4.703249,-2.443245,-5.324433,-2.765937,-4.703249,-2.443245,-5.074093,-3.202121,-5.074093,-3.202121,-4.703249,-2.443245,-4.482115,-2.82854,-5.074093,-3.202121,-4.482115,-2.82854,-4.788103,-3.615808,-4.788103,-3.615808,-4.482115,-2.82854,-4.229491,-3.193964,-4.788103,-3.615808,-4.229491,-3.193964,-4.468474,-4.004091,-4.468474,-4.004091,-4.229491,-3.193964,-3.947152,-3.536947,-4.468474,-4.004091,-3.947152,-3.536947,-4.11745,-4.364242,-4.11745,-4.364242,-3.947152,-3.536947,-3.637081,-3.85508,-4.11745,-4.364242,-3.637081,-3.85508,-3.737498,-4.693731,-3.737498,-4.693731,-3.637081,-3.85508,-3.301456,-4.146129]},"103":{"data":[-3.571412,-4.821308,-3.154747,-4.258822,-3.163829,-5.098057,-3.163829,-5.098057,-3.154747,-4.258822,-2.794715,-4.503284,-3.163829,-5.098057,-2.794715,-4.503284,-2.734914,-5.340435,-2.734914,-5.340435,-2.794715,-4.503284,-2.415841,-4.717384,-2.734914,-5.340435,-2.415841,-4.717384,-2.287561,-5.546807,-2.287561,-5.546807,-2.415841,-4.717384,-2.020679,-4.899679,-2.287561,-5.546807,-2.020679,-4.899679,-1.824785,-5.715782,-1.824785,-5.715782,-2.020679,-4.899679,-1.611894,-5.04894,-1.824785,-5.715782,-1.611894,-5.04894,-1.349706,-5.84622,-1.349706,-5.84622,-1.611894,-5.04894,-1.192241,-5.164161,-1.349706,-5.84622,-1.192241,-5.164161,-0.865528,-5.937244,-0.865528,-5.937244,-1.192241,-5.164161,-0.764549,-5.244565,-0.865528,-5.937244,-0.764549,-5.244565,-0.375514,-5.988238,-0.375514,-5.988238,-0.764549,-5.244565,-0.331704,-5.28961,-0.375514,-5.988238,-0.331704,-5.28961,0.117032,-5.998859,0.117032,-5.998859,-0.331704,-5.28961,0.103379,-5.298992,0.117032,-5.998859,0.103379,-5.298992,0.608789,-5.969035,0.608789,-5.969035,0.103379,-5.298992,0.537764,-5.272647,0.608789,-5.969035,0.537764,-5.272647,1.096441,-5.898967,1.096441,-5.898967,0.537764,-5.272647,0.968523,-5.210755,1.096441,-5.898967,0.968523,-5.210755,1.576701,-5.789129,1.576701,-5.789129,0.968523,-5.210755,1.392753,-5.11373,1.576701,-5.789129,1.392753,-5.11373,2.046331,-5.64026,2.046331,-5.64026,1.392753,-5.11373,1.807593,-4.982229,2.046331,-5.64026,1.807593,-4.982229,2.502165,-5.453363,2.502165,-5.453363,1.807593,-4.982229,2.210245,-4.817138,2.502165,-5.453363,2.210245,-4.817138,2.941128,-5.2297,2.941128,-5.2297,2.210245,-4.817138,2.597997,-4.619569]},