{"version":1,"viewport":{"width":600,"height":600},"buffers":{"100":{"data":[45.0,0.0,44.783313,4.410771,44.783313,4.410771,44.135338,8.779064,44.135338,8.779064,43.062315,13.06281,43.062315,13.06281,41.574579,17.220754,41.574579,17.220754,39.686457,21.212853,39.686457,21.212853,37.416133,25.00066,37.416133,25.00066,34.78547,28.547698,34.78547,28.547698,31.819805,31.819805,31.819805,31.819805,28.547698,34.78547,28.547698,34.78547,25.00066,37.416133,25.00066,37.416133,21.212853,39.686457,21.212853,39.686457,17.220754,41.574579,17.220754,41.574579,13.06281,43.062315,13.06281,43.062315,8.779064,44.135338,8.779064,44.135338,4.410771,44.783313,4.410771,44.783313,0.0,45.0,0.0,45.0,-4.410771,44.783313,-4.410771,44.783313,-8.779064,44.135338,-8.779064,44.135338,-13.06281,43.062315,-13.06281,43.062315,-17.220754,41.574579,-17.220754,41.574579,-21.212853,39.686457,-21.212853,39.686457,-25.00066,37.416133,-25.00066,37.416133,-28.547698,34.78547,-28.547698,34.78547,-31.819805,31.819805,-31.819805,31.819805,-34.78547,28.547698,-34.78547,28.547698,-37.416133,25.00066,-37.416133,25.00066,-39.686457,21.212853,-39.686457,21.212853,-41.574579,17.220754,-41.574579,17.220754,-43.062315,13.06281,-43.062315,13.06281,-44.135338,8.779064,-44.135338,8.779064,-44.783313,4.410771,-44.783313,4.410771,-45.0,0.0,-45.0,0.0,-44.783313,-4.410771,-44.783313,-4.410771,-44.135338,-8.779064,-44.135338,-8.779064,-43.062315,-13.06281,-43.062315,-13.06281,-41.574579,-17.220754,-41.574579,-17.220754,-39.686457,-21.212853,-39.686457,-21.212853,-37.416133,-25.00066,-37.416133,-25.00066,-34.78547,-28.547698,-34.78547,-28.547698,-31.819805,-31.819805,-31.819805,-31.819805,-28.547698,-34.78547,-28.547698,-34.78547,-25.00066,-37.416133,-25.00066,-37.416133,-21.212853,-39.686457,-21.212853,-39.686457,-17.220754,-41.574579,-17.220754,-41.574579,-13.06281,-43.062315,-13.06281,-43.062315,-8.779064,-44.135338,-8.779064,-44.135338,-4.410771,-44.783313,-4.410771,-44.783313,-0.0,-45.0,-0.0,-45.0,4.410771,-44.783313,4.410771,-44.783313,8.779064,-44.135338,8.779064,-44.135338,13.06281,-43.062315,13.06281,-43.062315,17.220754,-41.574579,17.220754,-41.574579,21.212853,-39.686457,21.212853,-39.686457,25.00066,-37.416133,25.00066,-37.416133,28.547698,-34.78547,28.547698,-34.78547,31.819805,-31.819805,31.819805,-31.819805,34.78547,-28.547698,34.78547,-28.547698,37.416133,-25.00066,37.416133,-25.00066,39.686457,-21.212853,39.686457,-21.212853,41.574579,-17.220754,41.574579,-17.220754,43.062315,-13.06281,43.062315,-13.06281,44.135338,-8.779064,44.135338,-8.779064,44.783313,-4.410771,44.783313,-4.410771,45.0,-0.0]},"103":{"data":[0.0,40.0,0.0,44.0,20.0,34.641016,22.0,38.105118,34.641016,20.0,38.105118,22.0,40.0,0.0,44.0,0.0,34.641016,-20.0,38.105118,-22.0,20.0,-34.641016,22.0,-38.105118,0.0,-40.0,0.0,-44.0,-20.0,-34.641016,-22.0,-38.105118,-34.641016,-20.0,-38.105118,-22.0,-40.0,-0.0,-44.0,-0.0,-34.641016,20.0,-38.105118,22.0,-20.0,34.641016,-22.0,38.105118]},"106":{"data":[4.390195,41.76992,4.599252,43.758963,8.732291,41.082199,9.148114,43.038494,12.978714,39.944374,13.596748,41.846487,17.082939,38.368909,17.896412,40.196,24.686981,33.978714,25.862551,35.596748,28.103485,31.212083,29.441747,32.698372,31.212083,28.103485,32.698372,29.441747,33.978714,24.686981,35.596748,25.862551,38.368909,17.082939,40.196,17.896412,39.944374,12.978714,41.846487,13.596748,41.082199,8.732291,43.038494,9.148114,41.76992,4.390195,43.758963,4.599252,41.76992,-4.390195,43.758963,-4.599252,41.082199,-8.732291,43.038494,-9.148114,39.944374,-12.978714,41.846487,-13.596748,38.368909,-17.082939,40.196,-17.896412,33.978714,-24.686981,35.596748,-25.862551,31.212083,-28.103485,32.698372,-29.441747,28.103485,-31.212083,29.441747,-32.698372,24.686981,-33.978714,25.862551,-35.596748,17.082939,-38.368909,17.896412,-40.196,12.978714,-39.944374,13.596748,-41.846487,8.732291,-41.082199,9.148114,-43.038494,4.390195,-41.76992,4.599252,-43.758963,-4.390195,-41.76992,-4.599252,-43.758963,-8.732291,-41.082199,-9.148114,-43.038494,-12.978714,-39.944374,-13.596748,-41.846487,-17.082939,-38.368909,-17.896412,-40.196,-24.686981,-33.978714,-25.862551,-35.596748,-28.103485,-31.212083,-29.441747,-32.698372,-31.212083,-28.103485,-32.698372,-29.441747,-33.978714,-24.686981,-35.596748,-25.862551,-38.368909,-17.082939,-40.196,-17.896412,-39.944374,-12.978714,-41.846487,-13.596748,-41.082199,-8.732291,-43.038494,-9.148114,-41.76992,-4.390195,-43.758963,-4.599252,-41.76992,4.390195,-43.758963,4.599252,-41.082199,8.732291,-43.038494,9.148114,-39.944374,12.978714,-41.846487,13.596748,-38.368909,17.082939,-40.196,17.896412,-33.978714,24.686981,-35.596748,25.862551,-31.212083,28.103485,-32.698372,29.441747,-28.103485,31.212083,-29.441747,32.698372,-24.686981,33.978714,-25.862551,35.596748,-17.082939,38.368909,-17.896412,40.196,-12.978714,39.944374,-13.596748,41.846487,-8.732291,41.082199,-9.148114,43.038494,-4.390195,41.76992,-4.599252,43.758963]},"109":{"data":[0.0,0.0,-18.021345,12.618682]},"112":{"data":[0.0,0.0,27.712813,16.0]},"115":{"data":[0.0,0.0,0.0,-36.0]},"118":{"data":[0.0,0.0,2.0,0.0,1.847759,0.765367,0.0,0.0,1.847759,0.765367,1.414214,1.414214,0.0,0.0,1.414214,1.414214,0.765367,1.847759,0.0,0.0,0.765367,1.847759,0.0,2.0,0.0,0.0,0.0,2.0,-0.765367,1.847759,0.0,0.0,-0.765367,1.847759,-1.414214,1.414214,0.0,0.0,-1.414214,1.414214,-1.847759,0.765367,0.0,0.0,-1.847759,0.765367,-2.0,0.0,0.0,0.0,-2.0,0.0,-1.847759,-0.765367,0.0,0.0,-1.847759,-0.765367,-1.414214,-1.414214,0.0,0.0,-1.414214,-1.414214,-0.765367,-1.847759,0.0,0.0,-0.765367,-1.847759,-0.0,-2.0,0.0,0.0,-0.0,-2.0,0.765367,-1.847759,0.0,0.0,0.765367,-1.847759,1.414214,-1.414214,0.0,0.0,1.414214,-1.414214,1.847759,-0.765367,0.0,0.0,1.847759,-0.765367,2.0,-0.0]}},"transforms":{"50":{"sx":0.02,"sy":0.02,"tx":0.0,"ty":0.0}},"panes":{"1":{"name":"clock","region":{"clipYMin":-1.0,"clipYMax":1.0,"clipXMin":-1.0,"clipXMax":1.0},"hasClearColor":true,"clearColor":[0.058824,0.090196,0.164706,1.0]}},"layers":{"10":{"paneId":1,"name":"marks"},"11":{"paneId":1,"name":"hands"},"12":{"paneId":1,"name":"center_dot"}},"geometries":{"101":{"vertexBufferId":100,"format":"rect4","vertexCount":64},"104":{"vertexBufferId":103,"format":"rect4","vertexCount":12},"107":{"vertexBufferId":106,"format":"rect4","vertexCount":48},"110":{"vertexBufferId":109,"format":"rect4","vertexCount":1},"113":{"vertexBufferId":112,"format":"rect4","vertexCount":1},"116":{"vertexBufferId":115,"format":"rect4","vertexCount":1},"119":{"vertexBufferId":118,"format":"pos2_clip","vertexCount":48}},"drawItems":{"102":{"layerId":10,"name":"outer_ring","pipeline":"lineAA@1","geometryId":101,"transformId":50,"color":[0.580392,0.639216,0.721569,1.0],"lineWidth":2.0},"105":{"layerId":10,"name":"hour_markers","pipeline":"lineAA@1","geometryId":104,"transformId":50,"color":[0.886275,0.909804,0.941176,1.0],"lineWidth":3.0},"108":{"layerId":10,"name":"minute_ticks","pipeline":"lineAA@1","geometryId":107,"transformId":50,"color":[0.392157,0.454902,0.545098,1.0],"lineWidth":1.5},"111":{"layerId":11,"name":"hour_hand","pipeline":"lineAA@1","geometryId":110,"transformId":50,"color":[0.886275,0.909804,0.941176,1.0],"lineWidth":4.0},"114":{"layerId":11,"name":"minute_hand","pipeline":"lineAA@1","geometryId":113,"transformId":50,"color":[0.886275,0.909804,0.941176,1.0],"lineWidth":2.5},"117":{"layerId":11,"name":"second_hand","pipeline":"lineAA@1","geometryId":116,"transformId":50,"color":[0.937255,0.267059,0.267059,1.0],"lineWidth":1.5},"120":{"layerId":12,"name":"center_dot","pipeline":"triSolid@1","geometryId":119,"transformId":50,"color":[0.886275,0.909804,0.941176,1.0]}}}