{
  "version": 1,
  "viewport": {
    "width": 700,
    "height": 700
  },
  "buffers": {
    "100": {
      "data": [
        0.0,
        0.0,
        0.75,
        0.0,
        0.746854,
        0.068626,
        0.0,
        0.0,
        0.746854,
        0.068626,
        0.737441,
        0.136677,
        0.0,
        0.0,
        0.737441,
        0.136677,
        0.721841,
        0.20358,
        0.0,
        0.0,
        0.721841,
        0.20358,
        0.700185,
        0.268776,
        0.0,
        0.0,
        0.700185,
        0.268776,
        0.672655,
        0.331717,
        0.0,
        0.0,
        0.672655,
        0.331717,
        0.63948,
        0.391874,
        0.0,
        0.0,
        0.63948,
        0.391874,
        0.60094,
        0.448743,
        0.0,
        0.0,
        0.60094,
        0.448743,
        0.557359,
        0.501848,
        0.0,
        0.0,
        0.557359,
        0.501848,
        0.509101,
        0.550742,
        0.0,
        0.0,
        0.509101,
        0.550742,
        0.456571,
        0.595015,
        0.0,
        0.0,
        0.456571,
        0.595015,
        0.400211,
        0.634296,
        0.0,
        0.0,
        0.400211,
        0.634296,
        0.340493,
        0.668255,
        0.0,
        0.0,
        0.340493,
        0.668255,
        0.277918,
        0.696607,
        0.0,
        0.0,
        0.277918,
        0.696607,
        0.213012,
        0.719115,
        0.0,
        0.0,
        0.213012,
        0.719115,
        0.146318,
        0.735589,
        0.0,
        0.0,
        0.146318,
        0.735589,
        0.078396,
        0.745891,
        0.0,
        0.0,
        0.078396,
        0.745891,
        0.009817,
        0.749936,
        0.0,
        0.0,
        0.009817,
        0.749936,
        -0.058844,
        0.747688,
        0.0,
        0.0,
        -0.058844,
        0.747688,
        -0.127012,
        0.739167,
        0.0,
        0.0,
        -0.127012,
        0.739167,
        -0.194114,
        0.724444,
        0.0,
        0.0,
        -0.194114,
        0.724444,
        -0.259588,
        0.703644,
        0.0,
        0.0,
        -0.259588,
        0.703644,
        -0.322883,
        0.676939,
        0.0,
        0.0,
        -0.322883,
        0.676939,
        -0.38347,
        0.644555,
        0.0,
        0.0,
        -0.38347,
        0.644555,
        -0.440839,
        0.606763
      ]
    },
    "103": {
      "data": [
        0.0,
        0.0,
        -0.440839,
        0.606763,
        -0.479579,
        0.576631,
        0.0,
        0.0,
        -0.479579,
        0.576631,
        -0.516266,
        0.544031,
        0.0,
        0.0,
        -0.516266,
        0.544031,
        -0.550742,
        0.509101,
        0.0,
        0.0,
        -0.550742,
        0.509101,
        -0.582859,
        0.47199,
        0.0,
        0.0,
        -0.582859,
        0.47199,
        -0.612481,
        0.432859,
        0.0,
        0.0,
        -0.612481,
        0.432859,
        -0.63948,
        0.391874,
        0.0,
        0.0,
        -0.63948,
        0.391874,
        -0.663741,
        0.349211,
        0.0,
        0.0,
        -0.663741,
        0.349211,
        -0.685159,
        0.305052,
        0.0,
        0.0,
        -0.685159,
        0.305052,
        -0.703644,
        0.259588,
        0.0,
        0.0,
        -0.703644,
        0.259588,
        -0.719115,
        0.213012,
        0.0,
        0.0,
        -0.719115,
        0.213012,
        -0.731507,
        0.165523,
        0.0,
        0.0,
        -0.731507,
        0.165523,
        -0.740766,
        0.117326,
        0.0,
        0.0,
        -0.740766,
        0.117326,
        -0.746854,
        0.068626,
        0.0,
        0.0,
        -0.746854,
        0.068626,
        -0.749743,
        0.019633,
        0.0,
        0.0,
        -0.749743,
        0.019633,
        -0.749422,
        -0.029445,
        0.0,
        0.0,
        -0.749422,
        -0.029445,
        -0.745891,
        -0.078396,
        0.0,
        0.0,
        -0.745891,
        -0.078396,
        -0.739167,
        -0.127012,
        0.0,
        0.0,
        -0.739167,
        -0.127012,
        -0.729277,
        -0.175084,
        0.0,
        0.0,
        -0.729277,
        -0.175084,
        -0.716265,
        -0.222406,
        0.0,
        0.0,
        -0.716265,
        -0.222406,
        -0.700185,
        -0.268776,
        0.0,
        0.0,
        -0.700185,
        -0.268776,
        -0.681107,
        -0.313995,
        0.0,
        0.0,
        -0.681107,
        -0.313995,
        -0.659113,
        -0.357869,
        0.0,
        0.0,
        -0.659113,
        -0.357869,
        -0.634296,
        -0.400211,
        0.0,
        0.0,
        -0.634296,
        -0.400211,
        -0.606763,
        -0.440839
      ]
    },
    "106": {
      "data": [
        0.0,
        0.0,
        -0.606763,
        -0.440839,
        -0.588988,
        -0.46432,
        0.0,
        0.0,
        -0.588988,
        -0.46432,
        -0.570304,
        -0.487086,
        0.0,
        0.0,
        -0.570304,
        -0.487086,
        -0.550742,
        -0.509101,
        0.0,
        0.0,
        -0.550742,
        -0.509101,
        -0.53033,
        -0.53033,
        0.0,
        0.0,
        -0.53033,
        -0.53033,
        -0.509101,
        -0.550742,
        0.0,
        0.0,
        -0.509101,
        -0.550742,
        -0.487086,
        -0.570304,
        0.0,
        0.0,
        -0.487086,
        -0.570304,
        -0.46432,
        -0.588988,
        0.0,
        0.0,
        -0.46432,
        -0.588988,
        -0.440839,
        -0.606763,
        0.0,
        0.0,
        -0.440839,
        -0.606763,
        -0.416678,
        -0.623602,
        0.0,
        0.0,
        -0.416678,
        -0.623602,
        -0.391874,
        -0.63948,
        0.0,
        0.0,
        -0.391874,
        -0.63948,
        -0.366466,
        -0.654372,
        0.0,
        0.0,
        -0.366466,
        -0.654372,
        -0.340493,
        -0.668255,
        0.0,
        0.0,
        -0.340493,
        -0.668255,
        -0.313995,
        -0.681107,
        0.0,
        0.0,
        -0.313995,
        -0.681107,
        -0.287013,
        -0.69291,
        0.0,
        0.0,
        -0.287013,
        -0.69291,
        -0.259588,
        -0.703644,
        0.0,
        0.0,
        -0.259588,
        -0.703644,
        -0.231763,
        -0.713292,
        0.0,
        0.0,
        -0.231763,
        -0.713292,
        -0.20358,
        -0.721841,
        0.0,
        0.0,
        -0.20358,
        -0.721841,
        -0.175084,
        -0.729277,
        0.0,
        0.0,
        -0.175084,
        -0.729277,
        -0.146318,
        -0.735589,
        0.0,
        0.0,
        -0.146318,
        -0.735589,
        -0.117326,
        -0.740766,
        0.0,
        0.0,
        -0.117326,
        -0.740766,
        -0.088153,
        -0.744801,
        0.0,
        0.0,
        -0.088153,
        -0.744801,
        -0.058844,
        -0.747688,
        0.0,
        0.0,
        -0.058844,
        -0.747688,
        -0.029445,
        -0.749422,
        0.0,
        0.0,
        -0.029445,
        -0.749422,
        -0.0,
        -0.75
      ]
    },