{
  "version": 1,
  "viewport": {
    "width": 300,
    "height": 700
  },
  "buffers": {
    "100": {
      "data": [
        -0.35,
        -0.78,
        0.35,
        0.78
      ]
    },
    "103": {
      "data": [
        0.0,
        0.5,
        0.18,
        0.5,
        0.176541,
        0.535116,
        0.0,
        0.5,
        0.176541,
        0.535116,
        0.166298,
        0.568883,
        0.0,
        0.5,
        0.166298,
        0.568883,
        0.149665,
        0.600003,
        0.0,
        0.5,
        0.149665,
        0.600003,
        0.127279,
        0.627279,
        0.0,
        0.5,
        0.127279,
        0.627279,
        0.100003,
        0.649665,
        0.0,
        0.5,
        0.100003,
        0.649665,
        0.068883,
        0.666298,
        0.0,
        0.5,
        0.068883,
        0.666298,
        0.035116,
        0.676541,
        0.0,
        0.5,
        0.035116,
        0.676541,
        0.0,
        0.68,
        0.0,
        0.5,
        0.0,
        0.68,
        -0.035116,
        0.676541,
        0.0,
        0.5,
        -0.035116,
        0.676541,
        -0.068883,
        0.666298,
        0.0,
        0.5,
        -0.068883,
        0.666298,
        -0.100003,
        0.649665,
        0.0,
        0.5,
        -0.100003,
        0.649665,
        -0.127279,
        0.627279,
        0.0,
        0.5,
        -0.127279,
        0.627279,
        -0.149665,
        0.600003,
        0.0,
        0.5,
        -0.149665,
        0.600003,
        -0.166298,
        0.568883,
        0.0,
        0.5,
        -0.166298,
        0.568883,
        -0.176541,
        0.535116,
        0.0,
        0.5,
        -0.176541,
        0.535116,
        -0.18,
        0.5,
        0.0,
        0.5,
        -0.18,
        0.5,
        -0.176541,
        0.464884,
        0.0,
        0.5,
        -0.176541,
        0.464884,
        -0.166298,
        0.431117,
        0.0,
        0.5,
        -0.166298,
        0.431117,
        -0.149665,
        0.399997,
        0.0,
        0.5,
        -0.149665,
        0.399997,
        -0.127279,
        0.372721,
        0.0,
        0.5,
        -0.127279,
        0.372721,
        -0.100003,
        0.350335,
        0.0,
        0.5,
        -0.100003,
        0.350335,
        -0.068883,
        0.333702,
        0.0,
        0.5,
        -0.068883,
        0.333702,
        -0.035116,
        0.323459,
        0.0,
        0.5,
        -0.035116,
        0.323459,
        -0.0,
        0.32,
        0.0,
        0.5,
        -0.0,
        0.32,
        0.035116,
        0.323459,
        0.0,
        0.5,
        0.035116,
        0.323459,
        0.068883,
        0.333702,
        0.0,
        0.5,
        0.068883,
        0.333702,
        0.100003,
        0.350335,
        0.0,
        0.5,
        0.100003,
        0.350335,
        0.127279,
        0.372721,
        0.0,
        0.5,
        0.127279,
        0.372721,
        0.149665,
        0.399997,
        0.0,
        0.5,
        0.149665,
        0.399997,
        0.166298,
        0.431117,
        0.0,
        0.5,
        0.166298,
        0.431117,
        0.176541,
        0.464884,
        0.0,
        0.5,
        0.176541,
        0.464884,
        0.18,
        0.5
      ]
    },
    "106": {
      "data": [
        0.0,
        0.0,
        0.18,
        0.0,
        0.176541,
        0.035116,
        0.0,
        0.0,
        0.176541,
        0.035116,
        0.166298,
        0.068883,
        0.0,
        0.0,
        0.166298,
        0.068883,
        0.149665,
        0.100003,
        0.0,
        0.0,
        0.149665,
        0.100003,
        0.127279,
        0.127279,
        0.0,
        0.0,
        0.127279,
        0.127279,
        0.100003,
        0.149665,
        0.0,
        0.0,
        0.100003,
        0.149665,
        0.068883,
        0.166298,
        0.0,
        0.0,
        0.068883,
        0.166298,
        0.035116,
        0.176541,
        0.0,
        0.0,
        0.035116,
        0.176541,
        0.0,
        0.18,
        0.0,
        0.0,
        0.0,
        0.18,
        -0.035116,
        0.176541,
        0.0,
        0.0,
        -0.035116,
        0.176541,
        -0.068883,
        0.166298,
        0.0,
        0.0,
        -0.068883,
        0.166298,
        -0.100003,
        0.149665,
        0.0,
        0.0,
        -0.100003,
        0.149665,
        -0.127279,
        0.127279,
        0.0,
        0.0,
        -0.127279,
        0.127279,
        -0.149665,
        0.100003,
        0.0,
        0.0,
        -0.149665,
        0.100003,
        -0.166298,
        0.068883,
        0.0,
        0.0,
        -0.166298,
        0.068883,
        -0.176541,
        0.035116,
        0.0,
        0.0,
        -0.176541,
        0.035116,
        -0.18,
        0.0,
        0.0,
        0.0,
        -0.18,
        0.0,
        -0.176541,
        -0.035116,
        0.0,
        0.0,
        -0.176541,
        -0.035116,
        -0.166298,
        -0.068883,
        0.0,
        0.0,
        -0.166298,
        -0.068883,
        -0.149665,
        -0.100003,
        0.0,
        0.0,
        -0.149665,
        -0.100003,
        -0.127279,
        -0.127279,
        0.0,
        0.0,
        -0.127279,
        -0.127279,
        -0.100003,
        -0.149665,
        0.0,
        0.0,
        -0.100003,
        -0.149665,
        -0.068883,
        -0.166298,
        0.0,
        0.0,
        -0.068883,
        -0.166298,
        -0.035116,
        -0.176541,
        0.0,
        0.0,
        -0.035116,
        -0.176541,
        -0.0,
        -0.18,
        0.0,
        0.0,
        -0.0,
        -0.18,
        0.035116,
        -0.176541,
        0.0,
        0.0,
        0.035116,
        -0.176541,
        0.068883,
        -0.166298,
        0.0,
        0.0,
        0.068883,
        -0.166298,
        0.100003,
        -0.149665,
        0.0,
        0.0,
        0.100003,
        -0.149665,
        0.127279,
        -0.127279,
        0.0,
        0.0,
        0.127279,
        -0.127279,
        0.149665,
        -0.100003,
        0.0,
        0.0,
        0.149665,
        -0.100003,
        0.166298,
        -0.068883,
        0.0,
        0.0,
        0.166298,
        -0.068883,
        0.176541,
        -0.035116,
        0.0,
        0.0,
        0.176541,
        -0.035116,
        0.18,
        -0.0
      ]
    },