{
  "version": 1,
  "viewport": {
    "width": 900,
    "height": 500
  },
  "buffers": {
    "100": {
      "data": [
        0.8,
        0.0,
        0.0,
        0.8,
        0.000727,
        0.7,
        1.15,
        0.001934,
        0.7,
        0.8,
        0.0,
        0.0,
        1.15,
        0.001934,
        0.7,
        1.15,
        0.0,
        0.0,
        1.15,
        0.0,
        0.0,
        1.15,
        0.001934,
        0.7,
        1.5,
        0.004726,
        0.7,
        1.15,
        0.0,
        0.0,
        1.5,
        0.004726,
        0.7,
        1.5,
        0.0,
        0.0,
        1.5,
        0.0,
        0.0,
        1.5,
        0.004726,
        0.7,
        1.85,
        0.010603,
        0.7,
        1.5,
        0.0,
        0.0,
        1.85,
        0.010603,
        0.7,
        1.85,
        0.0,
        0.0,
        1.85,
        0.0,
        0.0,
        1.85,
        0.010603,
        0.7,
        2.2,
        0.021852,
        0.7,
        1.85,
        0.0,
        0.0,
        2.2,
        0.021852,
        0.7,
        2.2,
        0.0,
        0.0,
        2.2,
        0.0,
        0.0,
        2.2,
        0.021852,
        0.7,
        2.55,
        0.041359,
        0.7,
        2.2,
        0.0,
        0.0,
        2.55,
        0.041359,
        0.7,
        2.55,
        0.0,
        0.0,
        2.55,
        0.0,
        0.0,
        2.55,
        0.041359,
        0.7,
        2.9,
        0.071898,
        0.7,
        2.55,
        0.0,
        0.0,
        2.9,
        0.071898,
        0.7,
        2.9,
        0.0,
        0.0,
        2.9,
        0.0,
        0.0,
        2.9,
        0.071898,
        0.7,
        3.25,
        0.114793,
        0.7,
        2.9,
        0.0,
        0.0,
        3.25,
        0.114793,
        0.7,
        3.25,
        0.0,
        0.0,
        3.25,
        0.0,
        0.0,
        3.25,
        0.114793,
        0.7,
        3.6,
        0.168332,
        0.7,
        3.25,
        0.0,
        0.0,
        3.6,
        0.168332,
        0.7,
        3.6,
        0.0,
        0.0,
        3.6,
        0.0,
        0.0,
        3.6,
        0.168332,
        0.7,
        3.95,
        0.226712,
        0.7,
        3.6,
        0.0,
        0.0,
        3.95,
        0.226712,
        0.7,
        3.95,
        0.0,
        0.0,
        3.95,
        0.0,
        0.0,
        3.95,
        0.226712,
        0.7,
        4.3,
        0.280439,
        0.7,
        3.95,
        0.0,
        0.0,
        4.3,
        0.280439,
        0.7,
        4.3,
        0.0,
        0.0,
        4.3,
        0.0,
        0.0,
        4.3,
        0.280439,
        0.7,
        4.65,
        0.318608,
        0.7,
        4.3,
        0.0,
        0.0,
        4.65,
        0.318608,
        0.7,
        4.65,
        0.0,
        0.0,
        4.65,
        0.0,
        0.0,
        4.65,
        0.318608,
        0.7,
        5.0,
        0.332452,
        0.7,
        4.65,
        0.0,
        0.0,
        5.0,
        0.332452,
        0.7,
        5.0,
        0.0,
        0.0,
        5.0,
        0.0,
        0.0,
        5.0,
        0.332452,
        0.7,
        5.35,
        0.318608,
        0.7,
        5.0,
        0.0,
        0.0,
        5.35,
        0.318608,
        0.7,
        5.35,
        0.0,
        0.0,
        5.35,
        0.0,
        0.0,
        5.35,
        0.318608,
        0.7,
        5.7,
        0.280439,
        0.7,
        5.35,
        0.0,
        0.0,
        5.7,
        0.280439,
        0.7,
        5.7,
        0.0,
        0.0,
        5.7,
        0.0,
        0.0,
        5.7,
        0.280439,
        0.7,
        6.05,
        0.226712,
        0.7,
        5.7,
        0.0,
        0.0,
        6.05,
        0.226712,
        0.7,
        6.05,
        0.0,
        0.0,
        6.05,
        0.0,
        0.0,
        6.05,
        0.226712,
        0.7,
        6.4,
        0.168332,
        0.7,
        6.05,
        0.0,
        0.0,
        6.4,
        0.168332,
        0.7,
        6.4,
        0.0,
        0.0,
        6.4,
        0.0,
        0.0,
        6.4,
        0.168332,
        0.7,
        6.75,
        0.114793,
        0.7,
        6.4,
        0.0,
        0.0,
        6.75,
        0.114793,
        0.7,
        6.75,
        0.0,
        0.0,
        6.75,
        0.0,
        0.0,
        6.75,
        0.114793,
        0.7,
        7.1,
        0.071898,
        0.7,
        6.75,
        0.0,
        0.0,
        7.1,
        0.071898,
        0.7,
        7.1,
        0.0,
        0.0,
        7.1,
        0.0,
        0.0,
        7.1,
        0.071898,
        0.7,
        7.45,
        0.041359,
        0.7,
        7.1,
        0.0,
        0.0,
        7.45,
        0.041359,
        0.7,
        7.45,
        0.0,
        0.0,
        7.45,
        0.0,
        0.0,
        7.45,
        0.041359,
        0.7,
        7.8,
        0.021852,
        0.7,
        7.45,
        0.0,
        0.0,
        7.8,
        0.021852,
        0.7,
        7.8,
        0.0,
        0.0,
        7.8,
        0.0,
        0.0,
        7.8,
        0.021852,
        0.7,
        8.15,
        0.010603,
        0.7,
        7.8,
        0.0,
        0.0,
        8.15,
        0.010603,
        0.7,
        8.15,
        0.0,
        0.0,
        8.15,
        0.0,
        0.0,
        8.15,
        0.010603,
        0.7,
        8.5,
        0.004726,
        0.7,
        8.15,
        0.0,
        0.0,
        8.5,
        0.004726,
        0.7,
        8.5,
        0.0,
        0.0,
        8.5,
        0.0,
        0.0,
        8.5,
        0.004726,
        0.7,
        8.85,
        0.001934,
        0.7,
        8.5,
        0.0,
        0.0,
        8.85,
        0.001934,
        0.7,
        8.85,
        0.0,
        0.0,
        8.85,
        0.0,
        0.0,
        8.85,
        0.001934,
        0.7,
        9.2,
        0.000727,
        0.7,
        8.85,
        0.0,
        0.0,
        9.2,
        0.000727,
        0.7,
        9.2,
        0.0,
        0.0
      ]
    },