{
  "version": 1,
  "viewport": {
    "width": 700,
    "height": 500
  },
  "buffers": {
    "100": {
      "data": [
        0.0,
        -0.1,
        -0.7,
        -0.1,
        -0.699223,
        -0.067025,
        0.0,
        -0.1,
        -0.699223,
        -0.067025,
        -0.696893,
        -0.034124,
        0.0,
        -0.1,
        -0.696893,
        -0.034124,
        -0.693017,
        -0.001369,
        0.0,
        -0.1,
        -0.693017,
        -0.001369,
        -0.687601,
        0.031167,
        0.0,
        -0.1,
        -0.687601,
        0.031167,
        -0.680659,
        0.063412,
        0.0,
        -0.1,
        -0.680659,
        0.063412,
        -0.672206,
        0.095294,
        0.0,
        -0.1,
        -0.672206,
        0.095294,
        -0.66226,
        0.126742,
        0.0,
        -0.1,
        -0.66226,
        0.126742,
        -0.650844,
        0.157687,
        0.0,
        -0.1,
        -0.650844,
        0.157687,
        -0.637982,
        0.18806,
        0.0,
        -0.1,
        -0.637982,
        0.18806,
        -0.623705,
        0.217793,
        0.0,
        -0.1,
        -0.623705,
        0.217793,
        -0.608042,
        0.246821,
        0.0,
        -0.1,
        -0.608042,
        0.246821,
        -0.59103,
        0.275079,
        0.0,
        -0.1,
        -0.59103,
        0.275079,
        -0.572705,
        0.302504,
        0.0,
        -0.1,
        -0.572705,
        0.302504,
        -0.553109,
        0.329035,
        0.0,
        -0.1,
        -0.553109,
        0.329035,
        -0.532284,
        0.354614,
        0.0,
        -0.1,
        -0.532284,
        0.354614,
        -0.510278,
        0.379183,
        0.0,
        -0.1,
        -0.510278,
        0.379183,
        -0.487139,
        0.402688,
        0.0,
        -0.1,
        -0.487139,
        0.402688,
        -0.462918,
        0.425078,
        0.0,
        -0.1,
        -0.462918,
        0.425078,
        -0.43767,
        0.446301,
        0.0,
        -0.1,
        -0.43767,
        0.446301,
        -0.41145,
        0.466312
      ]
    },
    "103": {
      "data": [
        0.0,
        -0.1,
        -0.41145,
        0.466312,
        -0.375079,
        0.49103,
        0.0,
        -0.1,
        -0.375079,
        0.49103,
        -0.337228,
        0.513415,
        0.0,
        -0.1,
        -0.337228,
        0.513415,
        -0.298046,
        0.533379,
        0.0,
        -0.1,
        -0.298046,
        0.533379,
        -0.257687,
        0.550844,
        0.0,
        -0.1,
        -0.257687,
        0.550844,
        -0.216312,
        0.56574,
        0.0,
        -0.1,
        -0.216312,
        0.56574,
        -0.174083,
        0.578008,
        0.0,
        -0.1,
        -0.174083,
        0.578008,
        -0.131167,
        0.587601,
        0.0,
        -0.1,
        -0.131167,
        0.587601,
        -0.087733,
        0.59448,
        0.0,
        -0.1,
        -0.087733,
        0.59448,
        -0.043953,
        0.598619,
        0.0,
        -0.1,
        -0.043953,
        0.598619,
        0.0,
        0.6,
        0.0,
        -0.1,
        0.0,
        0.6,
        0.043953,
        0.598619,
        0.0,
        -0.1,
        0.043953,
        0.598619,
        0.087733,
        0.59448,
        0.0,
        -0.1,
        0.087733,
        0.59448,
        0.131167,
        0.587601,
        0.0,
        -0.1,
        0.131167,
        0.587601,
        0.174083,
        0.578008,
        0.0,
        -0.1,
        0.174083,
        0.578008,
        0.216312,
        0.56574,
        0.0,
        -0.1,
        0.216312,
        0.56574,
        0.257687,
        0.550844,
        0.0,
        -0.1,
        0.257687,
        0.550844,
        0.298046,
        0.533379,
        0.0,
        -0.1,
        0.298046,
        0.533379,
        0.337228,
        0.513415,
        0.0,
        -0.1,
        0.337228,
        0.513415,
        0.375079,
        0.49103,
        0.0,
        -0.1,
        0.375079,
        0.49103,
        0.41145,
        0.466312
      ]
    },
    "106": {
      "data": [
        0.0,
        -0.1,
        0.41145,
        0.466312,
        0.43767,
        0.446301,
        0.0,
        -0.1,
        0.43767,
        0.446301,
        0.462918,
        0.425078,
        0.0,
        -0.1,
        0.462918,
        0.425078,
        0.487139,
        0.402688,
        0.0,
        -0.1,
        0.487139,
        0.402688,
        0.510278,
        0.379183,
        0.0,
        -0.1,
        0.510278,
        0.379183,
        0.532284,
        0.354614,
        0.0,
        -0.1,
        0.532284,
        0.354614,
        0.553109,
        0.329035,
        0.0,
        -0.1,
        0.553109,
        0.329035,
        0.572705,
        0.302504,
        0.0,
        -0.1,
        0.572705,
        0.302504,
        0.59103,
        0.275079,
        0.0,
        -0.1,
        0.59103,
        0.275079,
        0.608042,
        0.246821,
        0.0,
        -0.1,
        0.608042,
        0.246821,
        0.623705,
        0.217793,
        0.0,
        -0.1,
        0.623705,
        0.217793,
        0.637982,
        0.18806,
        0.0,
        -0.1,
        0.637982,
        0.18806,
        0.650844,
        0.157687,
        0.0,
        -0.1,
        0.650844,
        0.157687,
        0.66226,
        0.126742,
        0.0,
        -0.1,
        0.66226,
        0.126742,
        0.672206,
        0.095294,
        0.0,
        -0.1,
        0.672206,
        0.095294,
        0.680659,
        0.063412,
        0.0,
        -0.1,
        0.680659,
        0.063412,
        0.687601,
        0.031167,
        0.0,
        -0.1,
        0.687601,
        0.031167,
        0.693017,
        -0.001369,
        0.0,
        -0.1,
        0.693017,
        -0.001369,
        0.696893,
        -0.034124,
        0.0,
        -0.1,
        0.696893,
        -0.034124,
        0.699223,
        -0.067025,
        0.0,
        -0.1,
        0.699223,
        -0.067025,
        0.7,
        -0.1
      ]
    },
    "109": {
      "data": [
        0.0,
        -0.1,
        0.382454,
        0.362308
      ]
    }
  },
  "transforms": {},
  "panes": {
    "1": {
      "name": "NPS",
      "region": {
        "clipYMin": -0.95,
        "clipYMax": 0.95,
        "clipXMin": -0.95,
        "clipXMax": 0.95
      },
      "hasClearColor": true,
      "clearColor": [
        0.05,
        0.05,
        0.1,
        1.0
      ]
    }
  },
  "layers": {
    "10": {
      "paneId": 1,
      "name": "arc"
    },
    "11": {
      "paneId": 1,
      "name": "needle"
    }
  },
  "geometries": {
    "101": {
      "vertexBufferId": 100,
      "format": "pos2_clip",
      "vertexCount": 60
    },
    "104": {
      "vertexBufferId": 103,
      "format": "pos2_clip",
      "vertexCount": 60
    },
    "107": {
      "vertexBufferId": 106,
      "format": "pos2_clip",
      "vertexCount": 60
    },
    "110": {
      "vertexBufferId": 109,
      "format": "rect4",
      "vertexCount": 1
    }
  },
  "drawItems": {
    "102": {
      "layerId": 10,
      "name": "RedZone",
      "pipeline": "triSolid@1",
      "geometryId": 101,
      "color": [
        0.9,
        0.2,
        0.15,
        1.0
      ]
    },
    "105": {
      "layerId": 10,
      "name": "YellowZone",
      "pipeline": "triSolid@1",
      "geometryId": 104,
      "color": [
        0.95,
        0.8,
        0.1,
        1.0
      ]
    },
    "108": {
      "layerId": 10,
      "name": "GreenZone",
      "pipeline": "triSolid@1",
      "geometryId": 107,
      "color": [
        0.2,
        0.8,
        0.3,
        1.0
      ]
    },
    "111": {
      "layerId": 11,
      "name": "Needle",
      "pipeline": "lineAA@1",
      "geometryId": 110,
      "color": [
        1.0,
        1.0,
        1.0,
        1.0
      ],
      "lineWidth": 3.0
    }
  }
}
