{
  "version": 1,
  "viewport": {
    "width": 1000,
    "height": 800
  },
  "buffers": {
    "100": {
      "data": [
        0,
        1.085,
        1.085284,
        1.078818,
        1.080143,
        0.35,
        1,
        1.080143,
        1.083077,
        1.075763,
        1.075887,
        0.35,
        2,
        1.075887,
        1.077361,
        1.073113,
        1.076279,
        0.35,
        3,
        1.076279,
        1.077377,
        1.0715,
        1.072587,
        0.35,
        4,
        1.072587,
        1.072592,
        1.068402,
        1.069822,
        0.35,
        5,
        1.069822,
        1.071767,
        1.06512,
        1.065347,
        0.35,
        6,
        1.065347,
        1.066807,
        1.060398,
        1.063345,
        0.35,
        7,
        1.063345,
        1.063808,
        1.056355,
        1.058927,
        0.35,
        8,
        1.058927,
        1.061892,
        1.051866,
        1.053732,
        0.35,
        9,
        1.053732,
        1.056459,
        1.048683,
        1.051186,
        0.35,
        10,
        1.051186,
        1.053795,
        1.048814,
        1.049487,
        0.35,
        11,
        1.049487,
        1.052385,
        1.046853,
        1.050669,
        0.35,
        12,
        1.050669,
        1.051965,
        1.046161,
        1.048665,
        0.35,
        13,
        1.048665,
        1.051032,
        1.046587,
        1.048803,
        0.35,
        14,
        1.048803,
        1.053508,
        1.047221,
        1.050611,
        0.35,
        15,
        1.050611,
        1.053658,
        1.050508,
        1.052439,
        0.35,
        16,
        1.052439,
        1.055788,
        1.049769,
        1.055197,
        0.35,
        17,
        1.055197,
        1.061827,
        1.054643,
        1.059685,
        0.35,
        18,
        1.059685,
        1.060958,
        1.057677,
        1.057915,
        0.35,
        19,
        1.057915,
        1.059781,
        1.056352,
        1.057446,
        0.35
      ]
    },
    "103": {
      "data": [
        0,
        1.265,
        1.265335,
        1.258682,
        1.261067,
        0.35,
        1,
        1.261067,
        1.262402,
        1.254034,
        1.254904,
        0.35,
        2,
        1.254904,
        1.258055,
        1.251454,
        1.255309,
        0.35,
        3,
        1.255309,
        1.260828,
        1.25165,
        1.257065,
        0.35,
        4,
        1.257065,
        1.259595,
        1.255228,
        1.258709,
        0.35,
        5,
        1.258709,
        1.262473,
        1.252944,
        1.25463,
        0.35,
        6,
        1.25463,
        1.257981,
        1.254119,
        1.257814,
        0.35,
        7,
        1.257814,
        1.258787,
        1.252596,
        1.253932,
        0.35,
        8,
        1.253932,
        1.255581,
        1.249452,
        1.251047,
        0.35,
        9,
        1.251047,
        1.251285,
        1.244749,
        1.246096,
        0.35,
        10,
        1.246096,
        1.24774,
        1.240862,
        1.240895,
        0.35,
        11,
        1.240895,
        1.241626,
        1.23826,
        1.241348,
        0.35,
        12,
        1.241348,
        1.245087,
        1.239139,
        1.240136,
        0.35,
        13,
        1.240136,
        1.242985,
        1.238517,
        1.239788,
        0.35,
        14,
        1.239788,
        1.242213,
        1.23419,
        1.23787,
        0.35,
        15,
        1.23787,
        1.244316,
        1.235146,
        1.242726,
        0.35,
        16,
        1.242726,
        1.246403,
        1.241834,
        1.244991,
        0.35,
        17,
        1.244991,
        1.248326,
        1.23944,
        1.239657,
        0.35,
        18,
        1.239657,
        1.241934,
        1.239103,
        1.239894,
        0.35,
        19,
        1.239894,
        1.245342,
        1.236948,
        1.241866,
        0.35
      ]
    },
    "106": {
      "data": [
        0,
        148.5,
        148.556342,
        147.901219,
        148.33555,
        0.35,
        1,
        148.33555,
        148.641443,
        147.978136,
        148.360949,
        0.35,
        2,
        148.360949,
        148.388595,
        148.131429,
        148.192024,
        0.35,
        3,
        148.192024,
        148.597888,
        147.803959,
        148.442168,
        0.35,
        4,
        148.442168,
        149.235598,
        148.144203,
        148.798813,
        0.35,
        5,
        148.798813,
        149.151252,
        148.494875,
        148.507464,
        0.35,
        6,
        148.507464,
        148.927733,
        148.278157,
        148.539526,
        0.35,
        7,
        148.539526,
        148.762331,
        147.758022,
        148.001023,
        0.35,
        8,
        148.001023,
        148.399048,
        147.654983,
        147.806489,
        0.35,
        9,
        147.806489,
        148.032046,
        147.376982,
        147.46754,
        0.35,
        10,
        147.46754,
        147.644925,
        146.785299,
        147.203295,
        0.35,
        11,
        147.203295,
        147.2911,
        146.491255,
        146.580132,
        0.35,
        12,
        146.580132,
        147.712456,
        146.493632,
        147.315601,
        0.35,
        13,
        147.315601,
        147.44948,
        147.174364,
        147.411568,
        0.35,
        14,
        147.411568,
        147.651105,
        146.761631,
        147.175667,
        0.35,
        15,
        147.175667,
        147.87254,
        146.825468,
        147.634561,
        0.35,
        16,
        147.634561,
        147.960026,
        147.264607,
        147.61074,
        0.35,
        17,
        147.61074,
        147.981742,
        146.992191,
        147.249665,
        0.35,
        18,
        147.249665,
        147.426,
        147.129194,
        147.229053,
        0.35,
        19,
        147.229053,
        147.287101,
        146.946257,
        147.230921,
        0.35
      ]
    },