{
  "version": 1,
  "viewport": {
    "width": 1200,
    "height": 500
  },
  "buffers": {
    "100": {
      "data": [
        -0.776167,
        0.604143,
        -0.711333,
        0.853,
        -0.705333,
        0.604143,
        -0.6405,
        0.853,
        -0.563667,
        0.604143,
        -0.498833,
        0.853,
        -0.492833,
        0.604143,
        -0.428,
        0.853,
        0.782167,
        0.604143,
        0.847,
        0.853,
        -0.847,
        0.361286,
        -0.782167,
        0.610143,
        -0.776167,
        0.361286,
        -0.711333,
        0.610143,
        -0.705333,
        0.361286,
        -0.6405,
        0.610143,
        -0.563667,
        0.361286,
        -0.498833,
        0.610143,
        -0.422,
        0.361286,
        -0.357167,
        0.610143,
        0.6405,
        0.361286,
        0.705333,
        0.610143,
        0.782167,
        0.361286,
        0.847,
        0.610143,
        -0.492833,
        0.118429,
        -0.428,
        0.367286,
        -0.422,
        0.118429,
        -0.357167,
        0.367286,
        0.6405,
        0.118429,
        0.705333,
        0.367286,
        0.782167,
        0.118429,
        0.847,
        0.367286,
        -0.847,
        -0.124429,
        -0.782167,
        0.124429,
        -0.776167,
        -0.124429,
        -0.711333,
        0.124429,
        -0.351167,
        -0.124429,
        -0.286333,
        0.124429,
        0.711333,
        -0.124429,
        0.776167,
        0.124429,
        0.782167,
        -0.124429,
        0.847,
        0.124429,
        -0.847,
        -0.367286,
        -0.782167,
        -0.118429,
        -0.705333,
        -0.367286,
        -0.6405,
        -0.118429,
        -0.563667,
        -0.367286,
        -0.498833,
        -0.118429,
        0.6405,
        -0.367286,
        0.705333,
        -0.118429,
        -0.705333,
        -0.610143,
        -0.6405,
        -0.361286,
        -0.563667,
        -0.610143,
        -0.498833,
        -0.361286,
        -0.492833,
        -0.610143,
        -0.428,
        -0.361286,
        -0.422,
        -0.610143,
        -0.357167,
        -0.361286,
        0.711333,
        -0.610143,
        0.776167,
        -0.361286,
        -0.6345,
        -0.853,
        -0.569667,
        -0.604143,
        -0.492833,
        -0.853,
        -0.428,
        -0.604143,
        0.6405,
        -0.853,
        0.705333,
        -0.604143
      ]
    },
    "103": {
      "data": [
        -0.847,
        0.604143,
        -0.782167,
        0.853,
        -0.6345,
        0.604143,
        -0.569667,
        0.853,
        -0.422,
        0.604143,
        -0.357167,
        0.853,
        -0.351167,
        0.604143,
        -0.286333,
        0.853,
        0.6405,
        0.604143,
        0.705333,
        0.853,
        0.711333,
        0.604143,
        0.776167,
        0.853,
        -0.6345,
        0.361286,
        -0.569667,
        0.610143,
        -0.492833,
        0.361286,
        -0.428,
        0.610143,
        -0.351167,
        0.361286,
        -0.286333,
        0.610143,
        0.711333,
        0.361286,
        0.776167,
        0.610143,
        -0.847,
        0.118429,
        -0.782167,
        0.367286,
        -0.776167,
        0.118429,
        -0.711333,
        0.367286,
        -0.705333,
        0.118429,
        -0.6405,
        0.367286,
        -0.6345,
        0.118429,
        -0.569667,
        0.367286,
        -0.563667,
        0.118429,
        -0.498833,
        0.367286,
        -0.351167,
        0.118429,
        -0.286333,
        0.367286,
        0.711333,
        0.118429,
        0.776167,
        0.367286,
        -0.705333,
        -0.124429,
        -0.6405,
        0.124429,
        -0.6345,
        -0.124429,
        -0.569667,
        0.124429,
        -0.563667,
        -0.124429,
        -0.498833,
        0.124429,
        -0.492833,
        -0.124429,
        -0.428,
        0.124429,
        -0.422,
        -0.124429,
        -0.357167,
        0.124429,
        0.6405,
        -0.124429,
        0.705333,
        0.124429,
        -0.776167,
        -0.367286,
        -0.711333,
        -0.118429,
        -0.6345,
        -0.367286,
        -0.569667,
        -0.118429,
        -0.492833,
        -0.367286,
        -0.428,
        -0.118429,
        -0.422,
        -0.367286,
        -0.357167,
        -0.118429,
        -0.351167,
        -0.367286,
        -0.286333,
        -0.118429,
        0.711333,
        -0.367286,
        0.776167,
        -0.118429,
        0.782167,
        -0.367286,
        0.847,
        -0.118429,
        -0.847,
        -0.610143,
        -0.782167,
        -0.361286,
        -0.776167,
        -0.610143,
        -0.711333,
        -0.361286,
        -0.6345,
        -0.610143,
        -0.569667,
        -0.361286,
        -0.351167,
        -0.610143,
        -0.286333,
        -0.361286,
        0.6405,
        -0.610143,
        0.705333,
        -0.361286,
        0.782167,
        -0.610143,
        0.847,
        -0.361286,
        -0.847,
        -0.853,
        -0.782167,
        -0.604143,
        -0.776167,
        -0.853,
        -0.711333,
        -0.604143,
        -0.705333,
        -0.853,
        -0.6405,
        -0.604143,
        -0.563667,
        -0.853,
        -0.498833,
        -0.604143,
        -0.422,
        -0.853,
        -0.357167,
        -0.604143,
        -0.351167,
        -0.853,
        -0.286333,
        -0.604143,
        0.711333,
        -0.853,
        0.776167,
        -0.604143,
        0.782167,
        -0.853,
        0.847,
        -0.604143
      ]
    },