{
  "version": 1,
  "viewport": {
    "width": 700,
    "height": 500
  },
  "buffers": {
    "100": {
      "data": [
        0.0,
        -0.15,
        -0.440839,
        0.456763,
        -0.46432,
        0.438988,
        0.0,
        -0.15,
        -0.46432,
        0.438988,
        -0.487086,
        0.420304,
        0.0,
        -0.15,
        -0.487086,
        0.420304,
        -0.509101,
        0.400742,
        0.0,
        -0.15,
        -0.509101,
        0.400742,
        -0.53033,
        0.38033,
        0.0,
        -0.15,
        -0.53033,
        0.38033,
        -0.550742,
        0.359101,
        0.0,
        -0.15,
        -0.550742,
        0.359101,
        -0.570304,
        0.337086,
        0.0,
        -0.15,
        -0.570304,
        0.337086,
        -0.588988,
        0.31432,
        0.0,
        -0.15,
        -0.588988,
        0.31432,
        -0.606763,
        0.290839,
        0.0,
        -0.15,
        -0.606763,
        0.290839,
        -0.623602,
        0.266678,
        0.0,
        -0.15,
        -0.623602,
        0.266678,
        -0.63948,
        0.241874,
        0.0,
        -0.15,
        -0.63948,
        0.241874,
        -0.654372,
        0.216466,
        0.0,
        -0.15,
        -0.654372,
        0.216466,
        -0.668255,
        0.190493,
        0.0,
        -0.15,
        -0.668255,
        0.190493,
        -0.681107,
        0.163995,
        0.0,
        -0.15,
        -0.681107,
        0.163995,
        -0.69291,
        0.137013,
        0.0,
        -0.15,
        -0.69291,
        0.137013,
        -0.703644,
        0.109588,
        0.0,
        -0.15,
        -0.703644,
        0.109588,
        -0.713292,
        0.081763,
        0.0,
        -0.15,
        -0.713292,
        0.081763,
        -0.721841,
        0.05358,
        0.0,
        -0.15,
        -0.721841,
        0.05358,
        -0.729277,
        0.025084,
        0.0,
        -0.15,
        -0.729277,
        0.025084,
        -0.735589,
        -0.003682,
        0.0,
        -0.15,
        -0.735589,
        -0.003682,
        -0.740766,
        -0.032674,
        0.0,
        -0.15,
        -0.740766,
        -0.032674,
        -0.744801,
        -0.061847,
        0.0,
        -0.15,
        -0.744801,
        -0.061847,
        -0.747688,
        -0.091156,
        0.0,
        -0.15,
        -0.747688,
        -0.091156,
        -0.749422,
        -0.120555,
        0.0,
        -0.15,
        -0.749422,
        -0.120555,
        -0.75,
        -0.15
      ]
    },
    "103": {
      "data": [
        0.0,
        -0.15,
        0.440839,
        0.456763,
        0.408479,
        0.479003,
        0.0,
        -0.15,
        0.408479,
        0.479003,
        0.375,
        0.499519,
        0.0,
        -0.15,
        0.375,
        0.499519,
        0.340493,
        0.518255,
        0.0,
        -0.15,
        0.340493,
        0.518255,
        0.305052,
        0.535159,
        0.0,
        -0.15,
        0.305052,
        0.535159,
        0.268776,
        0.550185,
        0.0,
        -0.15,
        0.268776,
        0.550185,
        0.231763,
        0.563292,
        0.0,
        -0.15,
        0.231763,
        0.563292,
        0.194114,
        0.574444,
        0.0,
        -0.15,
        0.194114,
        0.574444,
        0.155934,
        0.583611,
        0.0,
        -0.15,
        0.155934,
        0.583611,
        0.117326,
        0.590766,
        0.0,
        -0.15,
        0.117326,
        0.590766,
        0.078396,
        0.595891,
        0.0,
        -0.15,
        0.078396,
        0.595891,
        0.039252,
        0.598972,
        0.0,
        -0.15,
        0.039252,
        0.598972,
        0.0,
        0.6,
        0.0,
        -0.15,
        0.0,
        0.6,
        -0.039252,
        0.598972,
        0.0,
        -0.15,
        -0.039252,
        0.598972,
        -0.078396,
        0.595891,
        0.0,
        -0.15,
        -0.078396,
        0.595891,
        -0.117326,
        0.590766,
        0.0,
        -0.15,
        -0.117326,
        0.590766,
        -0.155934,
        0.583611,
        0.0,
        -0.15,
        -0.155934,
        0.583611,
        -0.194114,
        0.574444,
        0.0,
        -0.15,
        -0.194114,
        0.574444,
        -0.231763,
        0.563292,
        0.0,
        -0.15,
        -0.231763,
        0.563292,
        -0.268776,
        0.550185,
        0.0,
        -0.15,
        -0.268776,
        0.550185,
        -0.305052,
        0.535159,
        0.0,
        -0.15,
        -0.305052,
        0.535159,
        -0.340493,
        0.518255,
        0.0,
        -0.15,
        -0.340493,
        0.518255,
        -0.375,
        0.499519,
        0.0,
        -0.15,
        -0.375,
        0.499519,
        -0.408479,
        0.479003,
        0.0,
        -0.15,
        -0.408479,
        0.479003,
        -0.440839,
        0.456763
      ]
    },
    "106": {
      "data": [
        0.0,
        -0.15,
        0.75,
        -0.15,
        0.749422,
        -0.120555,
        0.0,
        -0.15,
        0.749422,
        -0.120555,
        0.747688,
        -0.091156,
        0.0,
        -0.15,
        0.747688,
        -0.091156,
        0.744801,
        -0.061847,
        0.0,
        -0.15,
        0.744801,
        -0.061847,
        0.740766,
        -0.032674,
        0.0,
        -0.15,
        0.740766,
        -0.032674,
        0.735589,
        -0.003682,
        0.0,
        -0.15,
        0.735589,
        -0.003682,
        0.729277,
        0.025084,
        0.0,
        -0.15,
        0.729277,
        0.025084,
        0.721841,
        0.05358,
        0.0,
        -0.15,
        0.721841,
        0.05358,
        0.713292,
        0.081763,
        0.0,
        -0.15,
        0.713292,
        0.081763,
        0.703644,
        0.109588,
        0.0,
        -0.15,
        0.703644,
        0.109588,
        0.69291,
        0.137013,
        0.0,
        -0.15,
        0.69291,
        0.137013,
        0.681107,
        0.163995,
        0.0,
        -0.15,
        0.681107,
        0.163995,
        0.668255,
        0.190493,
        0.0,
        -0.15,
        0.668255,
        0.190493,
        0.654372,
        0.216466,
        0.0,
        -0.15,
        0.654372,
        0.216466,
        0.63948,
        0.241874,
        0.0,
        -0.15,
        0.63948,
        0.241874,
        0.623602,
        0.266678,
        0.0,
        -0.15,
        0.623602,
        0.266678,
        0.606763,
        0.290839,
        0.0,
        -0.15,
        0.606763,
        0.290839,
        0.588988,
        0.31432,
        0.0,
        -0.15,
        0.588988,
        0.31432,
        0.570304,
        0.337086,
        0.0,
        -0.15,
        0.570304,
        0.337086,
        0.550742,
        0.359101,
        0.0,
        -0.15,
        0.550742,
        0.359101,
        0.53033,
        0.38033,
        0.0,
        -0.15,
        0.53033,
        0.38033,
        0.509101,
        0.400742,
        0.0,
        -0.15,
        0.509101,
        0.400742,
        0.487086,
        0.420304,
        0.0,
        -0.15,
        0.487086,
        0.420304,
        0.46432,
        0.438988,
        0.0,
        -0.15,
        0.46432,
        0.438988,
        0.440839,
        0.456763
      ]
    },
    "109": {
      "data": [
        0.0,
        -0.15,
        0.295094,
        0.429154
      ]
    },