{
  "version": 1,
  "viewport": {
    "width": 800,
    "height": 500
  },
  "buffers": {
    "100": {
      "data": [
        -0.84,
        0.556667,
        -0.6475,
        0.86,
        -0.6275,
        0.556667,
        -0.435,
        0.86,
        -0.415,
        0.556667,
        -0.2225,
        0.86,
        -0.2025,
        0.556667,
        -0.01,
        0.86,
        0.01,
        0.556667,
        0.2025,
        0.86,
        -0.2025,
        0.273333,
        -0.01,
        0.576667,
        0.2225,
        0.273333,
        0.415,
        0.576667,
        0.435,
        0.273333,
        0.6275,
        0.576667,
        0.6475,
        0.273333,
        0.84,
        0.576667,
        0.435,
        -0.01,
        0.6275,
        0.293333,
        -0.2025,
        -0.293333,
        -0.01,
        0.01,
        0.01,
        -0.293333,
        0.2025,
        0.01,
        0.435,
        -0.293333,
        0.6275,
        0.01,
        0.6475,
        -0.293333,
        0.84,
        0.01,
        -0.84,
        -0.576667,
        -0.6475,
        -0.273333,
        0.2225,
        -0.576667,
        0.415,
        -0.273333,
        0.435,
        -0.576667,
        0.6275,
        -0.273333,
        0.6475,
        -0.576667,
        0.84,
        -0.273333,
        -0.84,
        -0.86,
        -0.6475,
        -0.556667,
        -0.6275,
        -0.86,
        -0.435,
        -0.556667,
        -0.2025,
        -0.86,
        -0.01,
        -0.556667,
        0.435,
        -0.86,
        0.6275,
        -0.556667
      ]
    },
    "103": {
      "data": [
        0.435,
        0.556667,
        0.6275,
        0.86,
        0.6475,
        0.556667,
        0.84,
        0.86,
        -0.6275,
        0.273333,
        -0.435,
        0.576667,
        -0.415,
        0.273333,
        -0.2225,
        0.576667,
        0.01,
        0.273333,
        0.2025,
        0.576667,
        -0.84,
        -0.01,
        -0.6475,
        0.293333,
        -0.6275,
        -0.01,
        -0.435,
        0.293333,
        -0.415,
        -0.01,
        -0.2225,
        0.293333,
        -0.2025,
        -0.01,
        -0.01,
        0.293333,
        0.01,
        -0.01,
        0.2025,
        0.293333,
        -0.84,
        -0.293333,
        -0.6475,
        0.01,
        -0.6275,
        -0.293333,
        -0.435,
        0.01,
        0.2225,
        -0.293333,
        0.415,
        0.01,
        0.01,
        -0.576667,
        0.2025,
        -0.273333,
        -0.415,
        -0.86,
        -0.2225,
        -0.556667,
        0.01,
        -0.86,
        0.2025,
        -0.556667,
        0.2225,
        -0.86,
        0.415,
        -0.556667,
        0.6475,
        -0.86,
        0.84,
        -0.556667
      ]
    },
    "106": {
      "data": [
        0.2225,
        0.556667,
        0.415,
        0.86,
        -0.84,
        0.273333,
        -0.6475,
        0.576667,
        0.2225,
        -0.01,
        0.415,
        0.293333,
        0.6475,
        -0.01,
        0.84,
        0.293333,
        -0.415,
        -0.293333,
        -0.2225,
        0.01,
        -0.6275,
        -0.576667,
        -0.435,
        -0.273333,
        -0.415,
        -0.576667,
        -0.2225,
        -0.273333,
        -0.2025,
        -0.576667,
        -0.01,
        -0.273333
      ]
    }
  },
  "transforms": {},
  "panes": {
    "1": {
      "name": "Parking",
      "region": {
        "clipYMin": -0.95,
        "clipYMax": 0.95,
        "clipXMin": -0.95,
        "clipXMax": 0.95
      },
      "hasClearColor": true,
      "clearColor": [
        0.1,
        0.12,
        0.18,
        1.0
      ]
    }
  },
  "layers": {
    "10": {
      "paneId": 1,
      "name": "spots"
    }
  },
  "geometries": {
    "101": {
      "vertexBufferId": 100,
      "format": "rect4",
      "vertexCount": 22
    },
    "104": {
      "vertexBufferId": 103,
      "format": "rect4",
      "vertexCount": 18
    },
    "107": {
      "vertexBufferId": 106,
      "format": "rect4",
      "vertexCount": 8
    }
  },
  "drawItems": {
    "102": {
      "layerId": 10,
      "name": "Available",
      "pipeline": "instancedRect@1",
      "geometryId": 101,
      "color": [
        0.2,
        0.8,
        0.3,
        1.0
      ],
      "cornerRadius": 3.0
    },
    "105": {
      "layerId": 10,
      "name": "Occupied",
      "pipeline": "instancedRect@1",
      "geometryId": 104,
      "color": [
        0.9,
        0.2,
        0.15,
        1.0
      ],
      "cornerRadius": 3.0
    },
    "108": {
      "layerId": 10,
      "name": "Reserved",
      "pipeline": "instancedRect@1",
      "geometryId": 107,
      "color": [
        0.4,
        0.4,
        0.45,
        0.7
      ],
      "cornerRadius": 3.0
    }
  }
}
