{"version":1,"viewport":{"width":800,"height":500},"buffers":{"100":{"data":[0.0,0.0,0.15708,0.156434,0.15708,0.156434,0.314159,0.309017,0.314159,0.309017,0.471239,0.45399,0.471239,0.45399,0.628319,0.587785,0.628319,0.587785,0.785398,0.707107,0.785398,0.707107,0.942478,0.809017,0.942478,0.809017,1.099557,0.891007,1.099557,0.891007,1.256637,0.951057,1.256637,0.951057,1.413717,0.987688,1.413717,0.987688,1.570796,1.0,1.570796,1.0,1.727876,0.987688,1.727876,0.987688,1.884956,0.951057,1.884956,0.951057,2.042035,0.891007,2.042035,0.891007,2.199115,0.809017,2.199115,0.809017,2.356194,0.707107,2.356194,0.707107,2.513274,0.587785,2.513274,0.587785,2.670354,0.45399,2.670354,0.45399,2.827433,0.309017,2.827433,0.309017,2.984513,0.156434,2.984513,0.156434,3.141593,0.0,3.141593,0.0,3.298672,-0.156434,3.298672,-0.156434,3.455752,-0.309017,3.455752,-0.309017,3.612832,-0.45399,3.612832,-0.45399,3.769911,-0.587785,3.769911,-0.587785,3.926991,-0.707107,3.926991,-0.707107,4.08407,-0.809017,4.08407,-0.809017,4.24115,-0.891007,4.24115,-0.891007,4.39823,-0.951057,4.39823,-0.951057,4.555309,-0.987688,4.555309,-0.987688,4.712389,-1.0,4.712389,-1.0,4.869469,-0.987688,4.869469,-0.987688,5.026548,-0.951057,5.026548,-0.951057,5.183628,-0.891007,5.183628,-0.891007,5.340708,-0.809017,5.340708,-0.809017,5.497787,-0.707107,5.497787,-0.707107,5.654867,-0.587785,5.654867,-0.587785,5.811946,-0.45399,5.811946,-0.45399,5.969026,-0.309017,5.969026,-0.309017,6.126106,-0.156434,6.126106,-0.156434,6.283185,-0.0]},"103":{"data":[0.0,0.0,0.15708,0.309017,0.15708,0.309017,0.314159,0.587785,0.314159,0.587785,0.471239,0.809017,0.471239,0.809017,0.628319,0.951057,0.628319,0.951057,0.785398,1.0,0.785398,1.0,0.942478,0.951057,0.942478,0.951057,1.099557,0.809017,1.099557,0.809017,1.256637,0.587785,1.256637,0.587785,1.413717,0.309017,1.413717,0.309017,1.570796,0.0,1.570796,0.0,1.727876,-0.309017,1.727876,-0.309017,1.884956,-0.587785,1.884956,-0.587785,2.042035,-0.809017,2.042035,-0.809017,2.199115,-0.951057,2.199115,-0.951057,2.356194,-1.0,2.356194,-1.0,2.513274,-0.951057,2.513274,-0.951057,2.670354,-0.809017,2.670354,-0.809017,2.827433,-0.587785,2.827433,-0.587785,2.984513,-0.309017,2.984513,-0.309017,3.141593,-0.0,3.141593,-0.0,3.298672,0.309017,3.298672,0.309017,3.455752,0.587785,3.455752,0.587785,3.612832,0.809017,3.612832,0.809017,3.769911,0.951057,3.769911,0.951057,3.926991,1.0,3.926991,1.0,4.08407,0.951057,4.08407,0.951057,4.24115,0.809017,4.24115,0.809017,4.39823,0.587785,4.39823,0.587785,4.555309,0.309017,4.555309,0.309017,4.712389,0.0,4.712389,0.0,4.869469,-0.309017,4.869469,-0.309017,5.026548,-0.587785,5.026548,-0.587785,5.183628,-0.809017,5.183628,-0.809017,5.340708,-0.951057,5.340708,-0.951057,5.497787,-1.0,5.497787,-1.0,5.654867,-0.951057,5.654867,-0.951057,5.811946,-0.809017,5.811946,-0.809017,5.969026,-0.587785,5.969026,-0.587785,6.126106,-0.309017,6.126106,-0.309017,6.283185,-0.0]},"106":{"data":[0.0,0.0,0.15708,0.45399,0.15708,0.45399,0.314159,0.809017,0.314159,0.809017,0.471239,0.987688,0.471239,0.987688,0.628319,0.951057,0.628319,0.951057,0.785398,0.707107,0.785398,0.707107,0.942478,0.309017,0.942478,0.309017,1.099557,-0.156434,1.099557,-0.156434,1.256637,-0.587785,1.256637,-0.587785,1.413717,-0.891007,1.413717,-0.891007,1.570796,-1.0,1.570796,-1.0,1.727876,-0.891007,1.727876,-0.891007,1.884956,-0.587785,1.884956,-0.587785,2.042035,-0.156434,2.042035,-0.156434,2.199115,0.309017,2.199115,0.309017,2.356194,0.707107,2.356194,0.707107,2.513274,0.951057,2.513274,0.951057,2.670354,0.987688,2.670354,0.987688,2.827433,0.809017,2.827433,0.809017,2.984513,0.45399,2.984513,0.45399,3.141593,0.0,3.141593,0.0,3.298672,-0.45399,3.298672,-0.45399,3.455752,-0.809017,3.455752,-0.809017,3.612832,-0.987688,3.612832,-0.987688,3.769911,-0.951057,3.769911,-0.951057,3.926991,-0.707107,3.926991,-0.707107,4.08407,-0.309017,4.08407,-0.309017,4.24115,0.156434,4.24115,0.156434,4.39823,0.587785,4.39823,0.587785,4.555309,0.891007,4.555309,0.891007,4.712389,1.0,4.712389,1.0,4.869469,0.891007,4.869469,0.891007,5.026548,0.587785,5.026548,0.587785,5.183628,0.156434,5.183628,0.156434,5.340708,-0.309017,5.340708,-0.309017,5.497787,-0.707107,5.497787,-0.707107,5.654867,-0.951057,5.654867,-0.951057,5.811946,-0.987688,5.811946,-0.987688,5.969026,-0.809017,5.969026,-0.809017,6.126106,-0.45399,6.126106,-0.45399,6.283185,-0.0]},"109":{"data":[0.0,0.0,0.15708,0.587785,0.15708,0.587785,0.314159,0.951057,0.314159,0.951057,0.471239,0.951057,0.471239,0.951057,0.628319,0.587785,0.628319,0.587785,0.785398,0.0,0.785398,0.0,0.942478,-0.587785,0.942478,-0.587785,1.099557,-0.951057,1.099557,-0.951057,1.256637,-0.951057,1.256637,-0.951057,1.413717,-0.587785,1.413717,-0.587785,1.570796,-0.0,1.570796,-0.0,1.727876,0.587785,1.727876,0.587785,1.884956,0.951057,1.884956,0.951057,2.042035,0.951057,2.042035,0.951057,2.199115,0.587785,2.199115,0.587785,2.356194,0.0,2.356194,0.0,2.513274,-0.587785,2.513274,-0.587785,2.670354,-0.951057,2.670354,-0.951057,2.827433,-0.951057,2.827433,-0.951057,2.984513,-0.587785,2.984513,-0.587785,3.141593,-0.0,3.141593,-0.0,3.298672,0.587785,3.298672,0.587785,3.455752,0.951057,3.455752,0.951057,3.612832,0.951057,3.612832,0.951057,3.769911,0.587785,3.769911,0.587785,3.926991,0.0,3.926991,0.0,4.08407,-0.587785,4.08407,-0.587785,4.24115,-0.951057,4.24115,-0.951057,4.39823,-0.951057,4.39823,-0.951057,4.555309,-0.587785,4.555309,-0.587785,4.712389,-0.0,4.712389,-0.0,4.869469,0.587785,4.869469,0.587785,5.026548,0.951057,5.026548,0.951057,5.183628,0.951057,5.183628,0.951057,5.340708,0.587785,5.340708,0.587785,5.497787,0.0,5.497787,0.0,5.654867,-0.587785,5.654867,-0.587785,5.811946,-0.951057,5.811946,-0.951057,5.969026,-0.951057,5.969026,-0.951057,6.126106,-0.587785,6.126106,-0.587785,6.283185,-0.0]},"112":{"data":[0,0,6.283185,0]}},"transforms":{"50":{"sx":0.286478898,"sy":0.653846154,"tx":-0.9,"ty":0.0}},"panes":{"1":{"name":"Main","region":{"clipYMin":-0.95,"clipYMax":0.95,"clipXMin":-0.95,"clipXMax":0.95},"hasClearColor":true,"clearColor":[0.06,0.09,0.16,1.0]}},"layers":{"10":{"paneId":1,"name":"ref"},"11":{"paneId":1,"name":"curves"}},"geometries":{"101":{"vertexBufferId":100,"format":"rect4","vertexCount":40},"104":{"vertexBufferId":103,"format":"rect4","vertexCount":40},"107":{"vertexBufferId":106,"format":"rect4","vertexCount":40},"110":{"vertexBufferId":109,"format":"rect4","vertexCount":40},"113":{"vertexBufferId":112,"format":"rect4","vertexCount":1}},"drawItems":{"102":{"layerId":11,"name":"fundamental","pipeline":"lineAA@1","geometryId":101,"color":[0.18,0.831,0.886,1.0],"transformId":50,"lineWidth":2.0},"105":{"layerId":11,"name":"2nd_harmonic","pipeline":"lineAA@1","geometryId":104,"color":[0.976,0.788,0.18,1.0],"transformId":50,"lineWidth":2.0},"108":{"layerId":11,"name":"3rd_harmonic","pipeline":"lineAA@1","geometryId":107,"color":[0.8,0.306,0.878,1.0],"transformId":50,"lineWidth":2.0},"111":{"layerId":11,"name":"4th_harmonic","pipeline":"lineAA@1","geometryId":110,"color":[0.18,0.8,0.443,1.0],"transformId":50,"lineWidth":2.0},"114":{"layerId":10,"name":"zero_ref","pipeline":"lineAA@1","geometryId":113,"color":[0.392,0.455,0.545,1.0],"transformId":50,"lineWidth":0.8,"dashLength":4.0,"gapLength":4.0}}}