{"version":1,"viewport":{"width":800,"height":600},"buffers":{"100":{"data":[1.0,1.13,1.316873,2.527665,2.176325,4.592556,3.766398,8.042698,6.512471,13.702592,10.92854,21.736983,16.729975,27.966503,20.356345,20.064228,16.167857,-0.511462,6.913185,-11.023531,-0.632234,-12.019796,-5.007408,-10.963489,-7.167482,-9.813355,-8.018143,-8.766585,-8.138595,-7.895365,-7.91377,-7.307587,-7.611266,-7.068874,-7.40368,-7.175511,-7.382531,-7.576364,-7.576482,-8.19357,-7.966264,-8.920962,-8.489757,-9.609676,-9.040936,-10.067897,-9.477478,-10.10776,-9.655656,-9.646639,-9.493356,-8.797878,-9.0238,-7.843485,-8.389311,-7.082295,-7.773843,-6.691711,-7.329557,-6.707873,-7.143539,-7.084825,-7.242567,-7.746982,-7.608767,-8.598666,-8.185502,-9.500554,-8.869652,-10.2436,-9.503401,-10.566972,-9.893328,-10.265544,-9.880025,-9.356307,-9.433014,-8.142092,-8.688318,-7.047466,-7.879689,-6.372152,-7.224486,-6.202067,-6.856619,-6.487227,-6.826444,-7.140448,-7.128787,-8.07282,-7.72122,-9.169147,-8.518386,-10.235537,-9.36943,-10.967103,-10.047948,-11.014032,-10.302806,-10.199273,-9.987682,-8.748081,-9.180374,-7.217367,-8.155303,-6.116761,-7.222992,-5.64643,-6.594951,-5.759048,-6.359591,-6.335626,-6.562862,-7.390121,-7.133865,-8.637754,-8.007883,-10.009035,-9.060546,-11.207607,-10.063614,-11.770893,-10.688319,-11.260653,-10.633345,-9.672181,-9.844603,-7.629889,-8.6012,-5.949712,-7.33263,-5.056041,-6.370624,-4.925762,-5.863076,-5.37598,-5.830047,-6.26629,-6.242501,-7.52791,-7.059504,-9.096025,-8.212873,-10.793338,-9.546196,-12.19813,-10.741064,-12.62978,-11.33449,-11.51852,-10.958574,-9.097119,-9.679705,-6.480416,-8.006333,-4.695777,-6.504869,-3.988243,-5.495732,-4.104891,-5.053612,-4.770271,-5.140986,-5.857265,-5.709406,-7.351014,-6.729423,-9.242773,-8.156635,-11.373418,-9.836252,-13.220744,-11.371662,-13.803069,-12.11166,-12.212927,-11.518385,-8.828309,-9.73457,-5.419337,-7.543152,-3.360773,-5.69615,-2.702796,-4.517417,-2.924178,-4.00603,-3.638533,-4.060109,-4.723066,-4.606681,-6.223957,-5.635374,-8.242666,-7.16982,-10.793922,-9.172691,-13.541093,-11.352589,-15.409118,-12.94887,-14.667493,-12.93562,-10.6549,-10.996022,-5.580058,-8.077877,-2.215664,-5.426891,-0.999861,-3.627369,-1.0126,-2.667783,-1.514032,-2.339721,-2.228257,-2.469928,-3.160736,-2.986368,-4.449736,-3.916362,-6.302616,-5.545034,-9.261195,-7.721473,-12.857285,-10.550881,-16.64646,-13.462884,-18.349355,-14.931581,-14.819949,-13.397301,-7.020989,-9.46348,-0.717934,-5.360931,1.72971,-2.420842,2.016918,-0.686876,1.768769,0.264143,1.636835,0.834031,1.785536,1.296876,2.25436,1.834645,3.107175,2.596147,4.485003,3.745474,6.622157,5.489091,9.808516,8.045177,14.146776,11.427784,18.721002,14.832163,20.158401,16.059542,14.19745,13.276722,3.976531,8.093371,-2.377317,3.457241,-4.04694,0.437957,-3.990448,-1.30609,-3.879712,-2.388013,-4.221226,-3.283521,-5.13406,-4.309356,-6.684759,-5.684451,-8.94681,-7.553137,-11.870802,-9.901401,-14.910615,-12.313479,-16.499754,-13.74044,-14.478015,-13.009679,-8.923407,-10.215656,-3.427167,-6.836861,-0.587944,-4.145666,0.09341,-2.474936,-0.136733,-1.625924,-0.602275,-1.315297,-1.11676,-1.349105,-1.71427,-1.644127,-2.51415,-2.208856,-3.68834,-3.129368,-5.472676,-4.56603,-8.171105,-6.737158,-12.050235,-9.803176,-16.837833,-13.441966,-20.40663,-16.053809,-18.064857,-15.119079,-8.504411,-10.532499,0.425707,-5.289276,3.89142,-1.478043,4.285783,0.793367,4.090251,2.125744,4.224107,3.174936,5.013634,4.161428,6.385254,5.435925,8.441498,7.15967,11.160877,9.359702,14.139694,11.733984,16.105199,13.40627,15.013793,13.204774,10.253476,10.878476,4.675784,7.632504,1.312784,4.83155,0.265657,2.998128,0.368097,2.030381,0.840191,1.664933,1.422743,1.700917,2.126293,2.047742,3.074665,2.714065,4.456171,3.792765,6.520451,5.448383,9.547818,7.869777,13.639642,11.070909,18.000334,14.351599,19.67846,15.755821,14.692355,13.465069,5.174348,8.667486,-1.372167,4.133845,-3.367368,1.087912,-3.415775,-0.678935,-3.247409,-1.731509,-3.437864,-2.534744,-4.129941,-3.404385,-5.400005,-4.567283,-7.364786,-6.209283,-10.135814,-8.450098,-13.572338,-11.16484,-16.693914,-13.61075,-17.125281,-14.312889,-12.723937,-12.287373,-5.70616,-8.558014,-0.793775,-5.015381,0.942577,-2.576089,1.042729,-1.18444,0.722314,-0.478913,0.441151,-0.14424,0.287446,0.016606,0.240022,0.109846,0.26985,0.190851,0.366788,0.293159,0.54343,0.446708,0.837493,0.690764,1.32033,1.086904,2.115282,1.736687,3.429388,2.807769,5.598302,4.566645,9.115348,7.384082,14.473846,12.024438,21.781965,16.76582,24.483077,18.430714,14.908326,13.833156,-0.571207,6.316205,-7.724977,0.415037,-8.556908,-3.093131,-8.082994,-5.044947,-7.916493,-6.249169,-8.259492,-7.188585,-8.978464,-8.077812,-9.846416,-8.940682,-10.568081,-9.663222,-10.811679,-10.05704,-10.344133,-9.968346,-9.226358,-9.398904,-7.850955,-8.536191,-6.699734,-7.653786,-6.060414,-6.979897,-5.974902,-6.638723,-6.361227,-6.666481,-7.122178,-7.04811,-8.169343,-7.734961,-9.382828,-8.632588,-10.5442,-9.569548,-11.297823,-10.284563,-11.239923,-10.493315,-10.198941,-10.05136,-8.502041,-9.086556,-6.826654,-7.935905,-5.712759,-6.941233,-5.310006,-6.309537,-5.516806,-6.110949,-6.192511,-6.339618,-7.242907,-6.960317,-8.593644,-7.912705,-10.10496,-9.074003,-11.465297,-10.201812,-12.14825,-10.92435,-11.615676,-10.88212,-9.823895,-9.999179,-7.504085,-8.59952,-5.623755,-7.181839,-4.652088,-6.116287,-4.519677,-5.552233,-4.994039,-5.496866,-5.917452,-5.912375,-7.231774,-6.760692,-8.900739,-7.988526,-10.781167,-9.458345,-12.457741,-10.849564,-13.162801,-11.638402,-12.125897,-11.344433,-9.451838,-9.97135,-6.420004,-8.088744,-4.321886,-6.371096,-3.470832,-5.113513,-3.579162,-4.617138,-4.258665,-4.674857,-5.347303,-5.22718,-6.853992,-6.252613,-8.819552,-7.73682,-11.160811,-9.574414,-13.423323,-11.403724,-14.549301,-12.506364,-13.258362,-12.132612,-9.555661,-10.260155,-5.457674,-7.758807,-2.874205,-5.576269,-1.982838,-4.136017,-2.108312,-3.433108,-2.728993,-3.324957,-3.664776,-3.70213,-4.955681,-4.538599,-6.743981,-5.880626,-9.176569,-7.789441,-12.225325,-10.193969,-15.279392,-12.599647,-16.625663,-13.86686,-14.101117,-12.853174,-8.212318,-9.84936,-2.843206,-6.439362,-0.279976,-3.820804,0.239871,-2.233523,-0.035932,-1.439626,-0.488596,-1.151035,-0.963829,-1.17863,-1.50348,-1.442305,-2.221539,-1.948814,-3.277985,-2.7778,-4.894751,-4.081592,-7.372891,-6.0813,-11.03405,-8.991945,-15.848558,-12.686298,-20.257766,-15.889576,-19.7536,-15.944496,-11.019886,-11.808573,-0.740942,-6.243381,3.965698,-1.925398,4.729534,0.708601,4.531912,2.238022,4.592792,3.285567,5.216788,4.285606,6.46704,5.515061,8.373489,7.14117,10.886988,9.190778,13.624832,11.393835,15.471132,12.987294,14.665521,12.941262,10.572529,10.958245,5.468738,8.014469,2.128872,5.139702,0.908167,3.438865,1.008455,2.559992,1.53842,2.287472,2.264869,2.456288,3.214092,3.005105,4.533886,3.970597,6.437376,5.466122,9.153633,7.630251,12.751369,10.462522,16.598997,13.417764,18.45221,14.979723,15.075559,13.527779,7.231724,9.592068,0.756336,5.429376,-1.795566,2.428066,-2.112133,0.651614,-1.870136,-0.327492,-1.747803,-0.920402,-1.918972,-1.40938,-2.427952,-1.983293,-3.344284,-2.797749,-4.816449,-4.023673,-7.083464,-5.870219,-10.417418,-8.536816,-14.8207,-11.952242,-19.091208,-15.121922,-19.544701,-15.767936,-12.632636,-12.511207,-2.831467,-7.369432,2.593869,-3.037098,3.845918,-0.286191,3.724814,1.296002,3.647535,2.296696,4.027065,3.156438,4.966173,4.170497,6.541424,5.551412,8.847879,7.450257,11.866881,9.86933,15.076776,12.401084,16.859962,13.950359,14.850477,13.233736,8.99769,10.309482,3.174303,6.760944,0.212786,3.946984,-0.475138,2.202452,-0.252409,1.298161,0.161107,0.922303,0.564467,0.858285,0.975218,1.000145,1.481962,1.326645,2.206142,1.881714,3.313499,2.771703,5.043862,4.175244,7.731734,6.343747,11.731185,9.509795,16.945087,13.859271,21.562384,16.742622,18.848651,15.56053,7.786672,10.305492,-1.939415,4.561597,-5.261194,0.535208,-5.470295,-1.826955,-5.271155,-3.239857,-5.529764,-4.311356,-6.411211,-5.430497,-7.91523,-6.817532,-9.970732,-8.542491,-12.299001,-10.450769,-14.146386,-12.033389,-14.233555,-12.498171,