{"version":1,"viewport":{"width":800,"height":500},"buffers":{"100":{"data":[-4.0,0.000134,-3.866667,0.000226,-3.866667,0.000226,-3.733333,0.000375,-3.733333,0.000375,-3.6,0.000612,-3.6,0.000612,-3.466667,0.00098,-3.466667,0.00098,-3.333333,0.001542,-3.333333,0.001542,-3.2,0.002384,-3.2,0.002384,-3.066667,0.00362,-3.066667,0.00362,-2.933333,0.005401,-2.933333,0.005401,-2.8,0.007915,-2.8,0.007915,-2.666667,0.011396,-2.666667,0.011396,-2.533333,0.016118,-2.533333,0.016118,-2.4,0.022395,-2.4,0.022395,-2.266667,0.030567,-2.266667,0.030567,-2.133333,0.040987,-2.133333,0.040987,-2.0,0.053991,-2.0,0.053991,-1.866667,0.069867,-1.866667,0.069867,-1.733333,0.088818,-1.733333,0.088818,-1.6,0.110921,-1.6,0.110921,-1.466667,0.136082,-1.466667,0.136082,-1.333333,0.16401,-1.333333,0.16401,-1.2,0.194186,-1.2,0.194186,-1.066667,0.225863,-1.066667,0.225863,-0.933333,0.258078,-0.933333,0.258078,-0.8,0.289692,-0.8,0.289692,-0.666667,0.319448,-0.666667,0.319448,-0.533333,0.346054,-0.533333,0.346054,-0.4,0.36827,-0.4,0.36827,-0.266667,0.385007,-0.266667,0.385007,-0.133333,0.395412,-0.133333,0.395412,0.0,0.398942,0.0,0.398942,0.133333,0.395412,0.133333,0.395412,0.266667,0.385007,0.266667,0.385007,0.4,0.36827,0.4,0.36827,0.533333,0.346054,0.533333,0.346054,0.666667,0.319448,0.666667,0.319448,0.8,0.289692,0.8,0.289692,0.933333,0.258078,0.933333,0.258078,1.066667,0.225863,1.066667,0.225863,1.2,0.194186,1.2,0.194186,1.333333,0.16401,1.333333,0.16401,1.466667,0.136082,1.466667,0.136082,1.6,0.110921,1.6,0.110921,1.733333,0.088818,1.733333,0.088818,1.866667,0.069867,1.866667,0.069867,2.0,0.053991,2.0,0.053991,2.133333,0.040987,2.133333,0.040987,2.266667,0.030567,2.266667,0.030567,2.4,0.022395,2.4,0.022395,2.533333,0.016118,2.533333,0.016118,2.666667,0.011396,2.666667,0.011396,2.8,0.007915,2.8,0.007915,2.933333,0.005401,2.933333,0.005401,3.066667,0.00362,3.066667,0.00362,3.2,0.002384,3.2,0.002384,3.333333,0.001542,3.333333,0.001542,3.466667,0.00098,3.466667,0.00098,3.6,0.000612,3.6,0.000612,3.733333,0.000375,3.733333,0.000375,3.866667,0.000226,3.866667,0.000226,4.0,0.000134]},"103":{"data":[-4.0,0.000134,-4.0,0.0,-3.866667,0.000226,-3.866667,0.000226,-4.0,0.0,-3.866667,0.0,-3.866667,0.000226,-3.866667,0.0,-3.733333,0.000375,-3.733333,0.000375,-3.866667,0.0,-3.733333,0.0,-3.733333,0.000375,-3.733333,0.0,-3.6,0.000612,-3.6,0.000612,-3.733333,0.0,-3.6,0.0,-3.6,0.000612,-3.6,0.0,-3.466667,0.00098,-3.466667,0.00098,-3.6,0.0,-3.466667,0.0,-3.466667,0.00098,-3.466667,0.0,-3.333333,0.001542,-3.333333,0.001542,-3.466667,0.0,-3.333333,0.0,-3.333333,0.001542,-3.333333,0.0,-3.2,0.002384,-3.2,0.002384,-3.333333,0.0,-3.2,0.0,-3.2,0.002384,-3.2,0.0,-3.066667,0.00362,-3.066667,0.00362,-3.2,0.0,-3.066667,0.0,-3.066667,0.00362,-3.066667,0.0,-2.933333,0.005401,-2.933333,0.005401,-3.066667,0.0,-2.933333,0.0,-2.933333,0.005401,-2.933333,0.0,-2.8,0.007915,-2.8,0.007915,-2.933333,0.0,-2.8,0.0,-2.8,0.007915,-2.8,0.0,-2.666667,0.011396,-2.666667,0.011396,-2.8,0.0,-2.666667,0.0,-2.666667,0.011396,-2.666667,0.0,-2.533333,0.016118,-2.533333,0.016118,-2.666667,0.0,-2.533333,0.0,-2.533333,0.016118,-2.533333,0.0,-2.4,0.022395,-2.4,0.022395,-2.533333,0.0,-2.4,0.0,-2.4,0.022395,-2.4,0.0,-2.266667,0.030567,-2.266667,0.030567,-2.4,0.0,-2.266667,0.0,-2.266667,0.030567,-2.266667,0.0,-2.133333,0.040987,-2.133333,0.040987,-2.266667,0.0,-2.133333,0.0,-2.133333,0.040987,-2.133333,0.0,-2.0,0.053991,-2.0,0.053991,-2.133333,0.0,-2.0,0.0,2.0,0.053991,2.0,0.0,2.133333,0.040987,2.133333,0.040987,2.0,0.0,2.133333,0.0,2.133333,0.040987,2.133333,0.0,2.266667,0.030567,2.266667,0.030567,2.133333,0.0,2.266667,0.0,2.266667,0.030567,2.266667,0.0,2.4,0.022395,2.4,0.022395,2.266667,0.0,2.4,0.0,2.4,0.022395,2.4,0.0,2.533333,0.016118,2.533333,0.016118,2.4,0.0,2.533333,0.0,2.533333,0.016118,2.533333,0.0,2.666667,0.011396,2.666667,0.011396,2.533333,0.0,2.666667,0.0,2.666667,0.011396,2.666667,0.0,2.8,0.007915,2.8,0.007915,2.666667,0.0,2.8,0.0,2.8,0.007915,2.8,0.0,2.933333,0.005401,2.933333,0.005401,2.8,0.0,2.933333,0.0,2.933333,0.005401,2.933333,0.0,3.066667,0.00362,3.066667,0.00362,2.933333,0.0,3.066667,0.0,3.066667,0.00362,3.066667,0.0,3.2,0.002384,3.2,0.002384,3.066667,0.0,3.2,0.0,3.2,0.002384,3.2,0.0,3.333333,0.001542,3.333333,0.001542,3.2,0.0,3.333333,0.0,3.333333,0.001542,3.333333,0.0,3.466667,0.00098,3.466667,0.00098,3.333333,0.0,3.466667,0.0,3.466667,0.00098,3.466667,0.0,3.6,0.000612,3.6,0.000612,3.466667,0.0,3.6,0.0,3.6,0.000612,3.6,0.0,3.733333,0.000375,3.733333,0.000375,3.6,0.0,3.733333,0.0,3.733333,0.000375,3.733333,0.0,3.866667,0.000226,3.866667,0.000226,3.733333,0.0,3.866667,0.0,3.866667,0.000226,3.866667,0.0,4.0,0.000134,4.0,0.000134,3.866667,0.0,4.0,0.0]},"106":{"data":[-2,0,-2,0.053991,-1,0,-1,0.241971,1,0,1,0.241971,2,0,2,0.053991]}},"transforms":{"50":{"sx":0.214285714,"sy":3.705023399,"tx":0.0,"ty":-0.775899532}},"panes":{"1":{"name":"Main","region":{"clipYMin":-0.95,"clipYMax":0.95,"clipXMin":-0.95,"clipXMax":0.95},"hasClearColor":true,"clearColor":[0.06,0.09,0.16,1.0]}},"layers":{"10":{"paneId":1,"name":"tails"},"11":{"paneId":1,"name":"refs"},"12":{"paneId":1,"name":"curve"}},"geometries":{"101":{"vertexBufferId":100,"format":"rect4","vertexCount":60},"104":{"vertexBufferId":103,"format":"pos2_clip","vertexCount":180},"107":{"vertexBufferId":106,"format":"rect4","vertexCount":4}},"drawItems":{"102":{"layerId":12,"name":"bell_curve","pipeline":"lineAA@1","geometryId":101,"color":[0.18,0.831,0.886,1.0],"transformId":50,"lineWidth":2.5},"105":{"layerId":10,"name":"tails","pipeline":"triSolid@1","geometryId":104,"color":[0.937,0.267,0.267,0.35],"transformId":50},"108":{"layerId":11,"name":"sigma_refs","pipeline":"lineAA@1","geometryId":107,"color":[0.392,0.455,0.545,1.0],"transformId":50,"lineWidth":1.0,"dashLength":5.0,"gapLength":4.0}}}