{"version":1,"viewport":{"width":800,"height":500},"buffers":{"100":{"data":[0.01,0.497506,0.4,0.409365,0.4,0.409365,0.8,0.33516,0.8,0.33516,1.2,0.274406,1.2,0.274406,1.6,0.224664,1.6,0.224664,2.0,0.18394,2.0,0.18394,2.4,0.150597,2.4,0.150597,2.8,0.123298,2.8,0.123298,3.2,0.100948,3.2,0.100948,3.6,0.082649,3.6,0.082649,4.0,0.067668,4.0,0.067668,4.4,0.055402,4.4,0.055402,4.8,0.045359,4.8,0.045359,5.2,0.037137,5.2,0.037137,5.6,0.030405,5.6,0.030405,6.0,0.024894,6.0,0.024894,6.4,0.020381,6.4,0.020381,6.8,0.016687,6.8,0.016687,7.2,0.013662,7.2,0.013662,7.6,0.011185,7.6,0.011185,8.0,0.009158,8.0,0.009158,8.4,0.007498,8.4,0.007498,8.8,0.006139,8.8,0.006139,9.2,0.005026,9.2,0.005026,9.6,0.004115,9.6,0.004115,10.0,0.003369,10.0,0.003369,10.4,0.002758,10.4,0.002758,10.8,0.002258,10.8,0.002258,11.2,0.001849,11.2,0.001849,11.6,0.001514,11.6,0.001514,12.0,0.001239,12.0,0.001239,12.4,0.001015,12.4,0.001015,12.8,0.000831,12.8,0.000831,13.2,0.00068,13.2,0.00068,13.6,0.000557,13.6,0.000557,14.0,0.000456,14.0,0.000456,14.4,0.000373,14.4,0.000373,14.8,0.000306,14.8,0.000306,15.2,0.00025,15.2,0.00025,15.6,0.000205,15.6,0.000205,16.0,0.000168,16.0,0.000168,16.4,0.000137,16.4,0.000137,16.8,0.000112,16.8,0.000112,17.2,9.2e-05,17.2,9.2e-05,17.6,7.5e-05,17.6,7.5e-05,18.0,6.2e-05,18.0,6.2e-05,18.4,5.1e-05,18.4,5.1e-05,18.8,4.1e-05,18.8,4.1e-05,19.2,3.4e-05,19.2,3.4e-05,19.6,2.8e-05,19.6,2.8e-05,20.0,2.3e-05]},"103":{"data":[0.01,0.002488,0.4,0.081873,0.4,0.081873,0.8,0.134064,0.8,0.134064,1.2,0.164643,1.2,0.164643,1.6,0.179732,1.6,0.179732,2.0,0.18394,2.0,0.18394,2.4,0.180717,2.4,0.180717,2.8,0.172618,2.8,0.172618,3.2,0.161517,3.2,0.161517,3.6,0.148769,3.6,0.148769,4.0,0.135335,4.0,0.135335,4.4,0.121883,4.4,0.121883,4.8,0.108862,4.8,0.108862,5.2,0.096556,5.2,0.096556,5.6,0.085134,5.6,0.085134,6.0,0.074681,6.0,0.074681,6.4,0.06522,6.4,0.06522,6.8,0.056735,6.8,0.056735,7.2,0.049183,7.2,0.049183,7.6,0.042504,7.6,0.042504,8.0,0.036631,8.0,0.036631,8.4,0.031491,8.4,0.031491,8.8,0.02701,8.8,0.02701,9.2,0.023119,9.2,0.023119,9.6,0.019751,9.6,0.019751,10.0,0.016845,10.0,0.016845,10.4,0.014343,10.4,0.014343,10.8,0.012195,10.8,0.012195,11.2,0.010354,11.2,0.010354,11.6,0.00878,11.6,0.00878,12.0,0.007436,12.0,0.007436,12.4,0.006291,12.4,0.006291,12.8,0.005317,12.8,0.005317,13.2,0.004489,13.2,0.004489,13.6,0.003787,13.6,0.003787,14.0,0.003192,14.0,0.003192,14.4,0.002688,14.4,0.002688,14.8,0.002262,14.8,0.002262,15.2,0.001902,15.2,0.001902,15.6,0.001598,15.6,0.001598,16.0,0.001342,16.0,0.001342,16.4,0.001126,16.4,0.001126,16.8,0.000944,16.8,0.000944,17.2,0.000792,17.2,0.000792,17.6,0.000663,17.6,0.000663,18.0,0.000555,18.0,0.000555,18.4,0.000465,18.4,0.000465,18.8,0.000389,18.8,0.000389,19.2,0.000325,19.2,0.000325,19.6,0.000272,19.6,0.000272,20.0,0.000227]},"106":{"data":[0.01,0.0,0.4,0.000546,0.4,0.000546,0.8,0.003575,0.8,0.003575,1.2,0.009879,1.2,0.009879,1.6,0.019171,1.6,0.019171,2.0,0.030657,2.0,0.030657,2.4,0.043372,2.4,0.043372,2.8,0.056389,2.8,0.056389,3.2,0.068914,3.2,0.068914,3.6,0.080335,3.6,0.080335,4.0,0.090224,4.0,0.090224,4.4,0.098319,4.4,0.098319,4.8,0.104507,4.8,0.104507,5.2,0.108786,5.2,0.108786,5.6,0.111242,5.6,0.111242,6.0,0.112021,6.0,0.112021,6.4,0.111308,6.4,0.111308,6.8,0.109309,6.8,0.109309,7.2,0.106235,7.2,0.106235,7.6,0.102294,7.6,0.102294,8.0,0.097683,8.0,0.097683,8.4,0.092583,8.4,0.092583,8.8,0.087153,8.8,0.087153,9.2,0.081534,9.2,0.081534,9.6,0.075845,9.6,0.075845,10.0,0.070187,10.0,0.070187,10.4,0.064639,10.4,0.064639,10.8,0.059267,10.8,0.059267,11.2,0.054117,11.2,0.054117,11.6,0.049226,11.6,0.049226,12.0,0.044618,12.0,0.044618,12.4,0.040306,12.4,0.040306,12.8,0.036297,12.8,0.036297,13.2,0.032592,13.2,0.032592,13.6,0.029184,13.6,0.029184,14.0,0.026065,14.0,0.026065,14.4,0.023222,14.4,0.023222,14.8,0.020641,14.8,0.020641,15.2,0.018307,15.2,0.018307,15.6,0.016203,15.6,0.016203,16.0,0.014313,16.0,0.014313,16.4,0.01262,16.4,0.01262,16.8,0.011107,16.8,0.011107,17.2,0.009758,17.2,0.009758,17.6,0.00856,17.6,0.00856,18.0,0.007497,18.0,0.007497,18.4,0.006557,18.4,0.006557,18.8,0.005726,18.8,0.005726,19.2,0.004994,19.2,0.004994,19.6,0.004349,19.6,0.004349,20.0,0.003783]}},"transforms":{"50":{"sx":0.085714286,"sy":2.870980619,"tx":-0.857142857,"ty":-0.792580388}},"panes":{"1":{"name":"Main","region":{"clipYMin":-0.95,"clipYMax":0.95,"clipXMin":-0.95,"clipXMax":0.95},"hasClearColor":true,"clearColor":[0.06,0.09,0.16,1.0]}},"layers":{"10":{"paneId":1,"name":"curves"}},"geometries":{"101":{"vertexBufferId":100,"format":"rect4","vertexCount":50},"104":{"vertexBufferId":103,"format":"rect4","vertexCount":50},"107":{"vertexBufferId":106,"format":"rect4","vertexCount":50}},"drawItems":{"102":{"layerId":10,"name":"k=2","pipeline":"lineAA@1","geometryId":101,"color":[0.18,0.831,0.886,1.0],"transformId":50,"lineWidth":2.0},"105":{"layerId":10,"name":"k=4","pipeline":"lineAA@1","geometryId":104,"color":[0.976,0.788,0.18,1.0],"transformId":50,"lineWidth":2.0},"108":{"layerId":10,"name":"k=8","pipeline":"lineAA@1","geometryId":107,"color":[0.8,0.306,0.878,1.0],"transformId":50,"lineWidth":2.0}}}