{"version":1,"viewport":{"width":600,"height":600},"buffers":{"100":{"data":[0,0,0.3,0.0,0.294236,0.058527,0,0,0.294236,0.058527,0.277164,0.114805,0,0,0.277164,0.114805,0.249441,0.166671,0,0,0.249441,0.166671,0.212132,0.212132,0,0,0.212132,0.212132,0.166671,0.249441,0,0,0.166671,0.249441,0.114805,0.277164,0,0,0.114805,0.277164,0.058527,0.294236,0,0,0.058527,0.294236,0.0,0.3,0,0,0.0,0.3,-0.058527,0.294236,0,0,-0.058527,0.294236,-0.114805,0.277164,0,0,-0.114805,0.277164,-0.166671,0.249441,0,0,-0.166671,0.249441,-0.212132,0.212132,0,0,-0.212132,0.212132,-0.249441,0.166671,0,0,-0.249441,0.166671,-0.277164,0.114805,0,0,-0.277164,0.114805,-0.294236,0.058527,0,0,-0.294236,0.058527,-0.3,0.0,0,0,-0.3,0.0,-0.294236,-0.058527,0,0,-0.294236,-0.058527,-0.277164,-0.114805,0,0,-0.277164,-0.114805,-0.249441,-0.166671,0,0,-0.249441,-0.166671,-0.212132,-0.212132,0,0,-0.212132,-0.212132,-0.166671,-0.249441,0,0,-0.166671,-0.249441,-0.114805,-0.277164,0,0,-0.114805,-0.277164,-0.058527,-0.294236,0,0,-0.058527,-0.294236,-0.0,-0.3,0,0,-0.0,-0.3,0.058527,-0.294236,0,0,0.058527,-0.294236,0.114805,-0.277164,0,0,0.114805,-0.277164,0.166671,-0.249441,0,0,0.166671,-0.249441,0.212132,-0.212132,0,0,0.212132,-0.212132,0.249441,-0.166671,0,0,0.249441,-0.166671,0.277164,-0.114805,0,0,0.277164,-0.114805,0.294236,-0.058527,0,0,0.294236,-0.058527,0.3,-0.0]},"103":{"data":[0.293613,-0.061574,0.344549,-0.061529,0.344549,-0.061529,0.54326,-0.085841,0.54326,-0.085841,0.54326,0.085841,0.54326,0.085841,0.344549,0.061529,0.344549,0.061529,0.293613,0.061574,0.251155,0.164077,0.287141,0.200126,0.287141,0.200126,0.444841,0.323444,0.444841,0.323444,0.323444,0.444841,0.323444,0.444841,0.200126,0.287141,0.200126,0.287141,0.164077,0.251155,0.061574,0.293613,0.061529,0.344549,0.061529,0.344549,0.085841,0.54326,0.085841,0.54326,-0.085841,0.54326,-0.085841,0.54326,-0.061529,0.344549,-0.061529,0.344549,-0.061574,0.293613,-0.164077,0.251155,-0.200126,0.287141,-0.200126,0.287141,-0.323444,0.444841,-0.323444,0.444841,-0.444841,0.323444,-0.444841,0.323444,-0.287141,0.200126,-0.287141,0.200126,-0.251155,0.164077,-0.293613,0.061574,-0.344549,0.061529,-0.344549,0.061529,-0.54326,0.085841,-0.54326,0.085841,-0.54326,-0.085841,-0.54326,-0.085841,-0.344549,-0.061529,-0.344549,-0.061529,-0.293613,-0.061574,-0.251155,-0.164077,-0.287141,-0.200126,-0.287141,-0.200126,-0.444841,-0.323444,-0.444841,-0.323444,-0.323444,-0.444841,-0.323444,-0.444841,-0.200126,-0.287141,-0.200126,-0.287141,-0.164077,-0.251155,-0.061574,-0.293613,-0.061529,-0.344549,-0.061529,-0.344549,-0.085841,-0.54326,-0.085841,-0.54326,0.085841,-0.54326,0.085841,-0.54326,0.061529,-0.344549,0.061529,-0.344549,0.061574,-0.293613,0.164077,-0.251155,0.200126,-0.287141,0.200126,-0.287141,0.323444,-0.444841,0.323444,-0.444841,0.444841,-0.323444,0.444841,-0.323444,0.287141,-0.200126,0.287141,-0.200126,0.251155,-0.164077]},"106":{"data":[0.3,0.0,0.297433,0.039158,0.297433,0.039158,0.289778,0.077646,0.289778,0.077646,0.277164,0.114805,0.277164,0.114805,0.259808,0.15,0.259808,0.15,0.238006,0.182628,0.238006,0.182628,0.212132,0.212132,0.212132,0.212132,0.182628,0.238006,0.182628,0.238006,0.15,0.259808,0.15,0.259808,0.114805,0.277164,0.114805,0.277164,0.077646,0.289778,0.077646,0.289778,0.039158,0.297433,0.039158,0.297433,0.0,0.3,0.0,0.3,-0.039158,0.297433,-0.039158,0.297433,-0.077646,0.289778,-0.077646,0.289778,-0.114805,0.277164,-0.114805,0.277164,-0.15,0.259808,-0.15,0.259808,-0.182628,0.238006,-0.182628,0.238006,-0.212132,0.212132,-0.212132,0.212132,-0.238006,0.182628,-0.238006,0.182628,-0.259808,0.15,-0.259808,0.15,-0.277164,0.114805,-0.277164,0.114805,-0.289778,0.077646,-0.289778,0.077646,-0.297433,0.039158,-0.297433,0.039158,-0.3,0.0,-0.3,0.0,-0.297433,-0.039158,-0.297433,-0.039158,-0.289778,-0.077646,-0.289778,-0.077646,-0.277164,-0.114805,-0.277164,-0.114805,-0.259808,-0.15,-0.259808,-0.15,-0.238006,-0.182628,-0.238006,-0.182628,-0.212132,-0.212132,-0.212132,-0.212132,-0.182628,-0.238006,-0.182628,-0.238006,-0.15,-0.259808,-0.15,-0.259808,-0.114805,-0.277164,-0.114805,-0.277164,-0.077646,-0.289778,-0.077646,-0.289778,-0.039158,-0.297433,-0.039158,-0.297433,-0.0,-0.3,-0.0,-0.3,0.039158,-0.297433,0.039158,-0.297433,0.077646,-0.289778,0.077646,-0.289778,0.114805,-0.277164,0.114805,-0.277164,0.15,-0.259808,0.15,-0.259808,0.182628,-0.238006,0.182628,-0.238006,0.212132,-0.212132,0.212132,-0.212132,0.238006,-0.182628,0.238006,-0.182628,0.259808,-0.15,0.259808,-0.15,0.277164,-0.114805,0.277164,-0.114805,0.289778,-0.077646,0.289778,-0.077646,0.297433,-0.039158,0.297433,-0.039158,0.3,-0.0]},"109":{"data":[0.08,0.0,0.07391,0.030615,0.07391,0.030615,0.056569,0.056569,0.056569,0.056569,0.030615,0.07391,0.030615,0.07391,0.0,0.08,0.0,0.08,-0.030615,0.07391,-0.030615,0.07391,-0.056569,0.056569,-0.056569,0.056569,-0.07391,0.030615,-0.07391,0.030615,-0.08,0.0,-0.08,0.0,-0.07391,-0.030615,-0.07391,-0.030615,-0.056569,-0.056569,-0.056569,-0.056569,-0.030615,-0.07391,-0.030615,-0.07391,-0.0,-0.08,-0.0,-0.08,0.030615,-0.07391,0.030615,-0.07391,0.056569,-0.056569,0.056569,-0.056569,0.07391,-0.030615,0.07391,-0.030615,0.08,-0.0]}},"transforms":{},"panes":{"1":{"name":"Gear","region":{"clipYMin":-0.95,"clipYMax":0.95,"clipXMin":-0.95,"clipXMax":0.95},"hasClearColor":true,"clearColor":[0.06,0.09,0.16,1.0]}},"layers":{"10":{"paneId":1,"name":"body"},"11":{"paneId":1,"name":"outlines"},"12":{"paneId":1,"name":"hole"}},"geometries":{"101":{"vertexBufferId":100,"format":"pos2_clip","vertexCount":96},"104":{"vertexBufferId":103,"format":"rect4","vertexCount":40},"107":{"vertexBufferId":106,"format":"rect4","vertexCount":48},"110":{"vertexBufferId":109,"format":"rect4","vertexCount":16}},"drawItems":{"102":{"layerId":10,"name":"gear_body","pipeline":"triSolid@1","geometryId":101,"color":[0.15,0.2,0.35,1.0]},"105":{"layerId":11,"name":"tooth_outlines","pipeline":"lineAA@1","geometryId":104,"color":[0.886,0.91,0.941,1.0],"lineWidth":2.0},"108":{"layerId":11,"name":"root_circle","pipeline":"lineAA@1","geometryId":107,"color":[0.58,0.639,0.722,1.0],"lineWidth":1.0},"111":{"layerId":12,"name":"center_hole","pipeline":"lineAA@1","geometryId":110,"color":[0.392,0.455,0.545,1.0],"lineWidth":1.5}}}