{"version":1,"viewport":{"width":600,"height":600},"buffers":{"100":{"data":[0.75,0.0,0.722638,0.114455,0.722638,0.114455,0.645179,0.209631,0.645179,0.209631,0.530523,0.270315,0.530523,0.270315,0.397131,0.288533,0.397131,0.288533,0.265165,0.265165,0.265165,0.265165,0.152306,0.209631,0.152306,0.209631,0.070178,0.137732,0.070178,0.137732,0.022131,0.068113,0.022131,0.068113,0.002871,0.018128,0.002871,0.018128,0.0,0.0,0.0,0.0,-0.002871,0.018128,-0.002871,0.018128,-0.022131,0.068113,-0.022131,0.068113,-0.070178,0.137732,-0.070178,0.137732,-0.152306,0.209631,-0.152306,0.209631,-0.265165,0.265165,-0.265165,0.265165,-0.397131,0.288533,-0.397131,0.288533,-0.530523,0.270315,-0.530523,0.270315,-0.645179,0.209631,-0.645179,0.209631,-0.722638,0.114455,-0.722638,0.114455,-0.75,0.0,-0.75,0.0,-0.722638,-0.114455,-0.722638,-0.114455,-0.645179,-0.209631,-0.645179,-0.209631,-0.530523,-0.270315,-0.530523,-0.270315,-0.397131,-0.288533,-0.397131,-0.288533,-0.265165,-0.265165,-0.265165,-0.265165,-0.152306,-0.209631,-0.152306,-0.209631,-0.070178,-0.137732,-0.070178,-0.137732,-0.022131,-0.068113,-0.022131,-0.068113,-0.002871,-0.018128,-0.002871,-0.018128,-0.0,-0.0,-0.0,-0.0,0.002871,-0.018128,0.002871,-0.018128,0.022131,-0.068113,0.022131,-0.068113,0.070178,-0.137732,0.070178,-0.137732,0.152306,-0.209631,0.152306,-0.209631,0.265165,-0.265165,0.265165,-0.265165,0.397131,-0.288533,0.397131,-0.288533,0.530523,-0.270315,0.530523,-0.270315,0.645179,-0.209631,0.645179,-0.209631,0.722638,-0.114455,0.722638,-0.114455,0.75,-0.0]},"103":{"data":[0.53025,0.0,0.522194,0.092077,0.522194,0.092077,0.498272,0.181356,0.498272,0.181356,0.45921,0.265125,0.45921,0.265125,0.406195,0.340838,0.406195,0.340838,0.340838,0.406195,0.340838,0.406195,0.265125,0.45921,0.265125,0.45921,0.181356,0.498272,0.181356,0.498272,0.092077,0.522194,0.092077,0.522194,0.0,0.53025,0.0,0.53025,-0.092077,0.522194,-0.092077,0.522194,-0.181356,0.498272,-0.181356,0.498272,-0.265125,0.45921,-0.265125,0.45921,-0.340838,0.406195,-0.340838,0.406195,-0.406195,0.340838,-0.406195,0.340838,-0.45921,0.265125,-0.45921,0.265125,-0.498272,0.181356,-0.498272,0.181356,-0.522194,0.092077,-0.522194,0.092077,-0.53025,0.0,-0.53025,0.0,-0.522194,-0.092077,-0.522194,-0.092077,-0.498272,-0.181356,-0.498272,-0.181356,-0.45921,-0.265125,-0.45921,-0.265125,-0.406195,-0.340838,-0.406195,-0.340838,-0.340838,-0.406195,-0.340838,-0.406195,-0.265125,-0.45921,-0.265125,-0.45921,-0.181356,-0.498272,-0.181356,-0.498272,-0.092077,-0.522194,-0.092077,-0.522194,-0.0,-0.53025,-0.0,-0.53025,0.092077,-0.522194,0.092077,-0.522194,0.181356,-0.498272,0.181356,-0.498272,0.265125,-0.45921,0.265125,-0.45921,0.340838,-0.406195,0.340838,-0.406195,0.406195,-0.340838,0.406195,-0.340838,0.45921,-0.265125,0.45921,-0.265125,0.498272,-0.181356,0.498272,-0.181356,0.522194,-0.092077,0.522194,-0.092077,0.53025,-0.0]},"106":{"data":[0.375,0.0,0.369303,0.065118,0.369303,0.065118,0.352385,0.128258,0.352385,0.128258,0.32476,0.1875,0.32476,0.1875,0.287267,0.241045,0.287267,0.241045,0.241045,0.287267,0.241045,0.287267,0.1875,0.32476,0.1875,0.32476,0.128258,0.352385,0.128258,0.352385,0.065118,0.369303,0.065118,0.369303,0.0,0.375,0.0,0.375,-0.065118,0.369303,-0.065118,0.369303,-0.128258,0.352385,-0.128258,0.352385,-0.1875,0.32476,-0.1875,0.32476,-0.241045,0.287267,-0.241045,0.287267,-0.287267,0.241045,-0.287267,0.241045,-0.32476,0.1875,-0.32476,0.1875,-0.352385,0.128258,-0.352385,0.128258,-0.369303,0.065118,-0.369303,0.065118,-0.375,0.0,-0.375,0.0,-0.369303,-0.065118,-0.369303,-0.065118,-0.352385,-0.128258,-0.352385,-0.128258,-0.32476,-0.1875,-0.32476,-0.1875,-0.287267,-0.241045,-0.287267,-0.241045,-0.241045,-0.287267,-0.241045,-0.287267,-0.1875,-0.32476,-0.1875,-0.32476,-0.128258,-0.352385,-0.128258,-0.352385,-0.065118,-0.369303,-0.065118,-0.369303,-0.0,-0.375,-0.0,-0.375,0.065118,-0.369303,0.065118,-0.369303,0.128258,-0.352385,0.128258,-0.352385,0.1875,-0.32476,0.1875,-0.32476,0.241045,-0.287267,0.241045,-0.287267,0.287267,-0.241045,0.287267,-0.241045,0.32476,-0.1875,0.32476,-0.1875,0.352385,-0.128258,0.352385,-0.128258,0.369303,-0.065118,0.369303,-0.065118,0.375,-0.0]},"109":{"data":[-0.9,0,0.9,0,0,-0.9,0,0.9]},"112":{"data":[0.75,0.0,0.743584,0.097895,0.743584,0.097895,0.724444,0.194114,0.724444,0.194114,0.69291,0.287013,0.69291,0.287013,0.649519,0.375,0.649519,0.375,0.595015,0.456571,0.595015,0.456571,0.53033,0.53033,0.53033,0.53033,0.456571,0.595015,0.456571,0.595015,0.375,0.649519,0.375,0.649519,0.287013,0.69291,0.287013,0.69291,0.194114,0.724444,0.194114,0.724444,0.097895,0.743584,0.097895,0.743584,0.0,0.75,0.0,0.75,-0.097895,0.743584,-0.097895,0.743584,-0.194114,0.724444,-0.194114,0.724444,-0.287013,0.69291,-0.287013,0.69291,-0.375,0.649519,-0.375,0.649519,-0.456571,0.595015,-0.456571,0.595015,-0.53033,0.53033,-0.53033,0.53033,-0.595015,0.456571,-0.595015,0.456571,-0.649519,0.375,-0.649519,0.375,-0.69291,0.287013,-0.69291,0.287013,-0.724444,0.194114,-0.724444,0.194114,-0.743584,0.097895,-0.743584,0.097895,-0.75,0.0,-0.75,0.0,-0.743584,-0.097895,-0.743584,-0.097895,-0.724444,-0.194114,-0.724444,-0.194114,-0.69291,-0.287013,-0.69291,-0.287013,-0.649519,-0.375,-0.649519,-0.375,-0.595015,-0.456571,-0.595015,-0.456571,-0.53033,-0.53033,-0.53033,-0.53033,-0.456571,-0.595015,-0.456571,-0.595015,-0.375,-0.649519,-0.375,-0.649519,-0.287013,-0.69291,-0.287013,-0.69291,-0.194114,-0.724444,-0.194114,-0.724444,-0.097895,-0.743584,-0.097895,-0.743584,-0.0,-0.75,-0.0,-0.75,0.097895,-0.743584,0.097895,-0.743584,0.194114,-0.724444,0.194114,-0.724444,0.287013,-0.69291,0.287013,-0.69291,0.375,-0.649519,0.375,-0.649519,0.456571,-0.595015,0.456571,-0.595015,0.53033,-0.53033,0.53033,-0.53033,0.595015,-0.456571,0.595015,-0.456571,0.649519,-0.375,0.649519,-0.375,0.69291,-0.287013,0.69291,-0.287013,0.724444,-0.194114,0.724444,-0.194114,0.743584,-0.097895,0.743584,-0.097895,0.75,-0.0]}},"transforms":{},"panes":{"1":{"name":"Radiation","region":{"clipYMin":-0.95,"clipYMax":0.95,"clipXMin":-0.95,"clipXMax":0.95},"hasClearColor":true,"clearColor":[0.06,0.09,0.16,1.0]}},"layers":{"10":{"paneId":1,"name":"grid"},"11":{"paneId":1,"name":"pattern"}},"geometries":{"101":{"vertexBufferId":100,"format":"rect4","vertexCount":40},"104":{"vertexBufferId":103,"format":"rect4","vertexCount":36},"107":{"vertexBufferId":106,"format":"rect4","vertexCount":36},"110":{"vertexBufferId":109,"format":"rect4","vertexCount":2},"113":{"vertexBufferId":112,"format":"rect4","vertexCount":48}},"drawItems":{"102":{"layerId":11,"name":"pattern","pipeline":"lineAA@1","geometryId":101,"color":[0.18,0.831,0.886,1.0],"lineWidth":2.5},"105":{"layerId":10,"name":"ref_-3dB","pipeline":"lineAA@1","geometryId":104,"color":[0.392,0.455,0.545,1.0],"lineWidth":0.8,"dashLength":4.0,"gapLength":3.0},"108":{"layerId":10,"name":"ref_-6dB","pipeline":"lineAA@1","geometryId":107,"color":[0.392,0.455,0.545,1.0],"lineWidth":0.8,"dashLength":4.0,"gapLength":3.0},"111":{"layerId":10,"name":"axes","pipeline":"lineAA@1","geometryId":110,"color":[0.392,0.455,0.545,1.0],"lineWidth":0.6},"114":{"layerId":10,"name":"ref_0dB","pipeline":"lineAA@1","geometryId":113,"color":[0.58,0.639,0.722,1.0],"lineWidth":1.0,"dashLength":5.0,"gapLength":3.0}}}