{"version":1,"viewport":{"width":600,"height":600},"buffers":{"100":{"data":[1.0,-0.001,0.999207,-0.171293,0.999207,-0.171293,0.986301,-0.369863,0.986301,-0.369863,0.923077,-0.615385,0.923077,-0.615385,0.737705,-0.885246,0.737705,-0.885246,0.387855,-1.057786,0.387855,-1.057786,0.0,-1.0,0.0,-1.0,-0.242111,-0.782204,-0.242111,-0.782204,-0.326425,-0.559585,-0.326425,-0.559585,-0.327869,-0.393443,-0.327869,-0.393443,-0.299376,-0.280665,-0.299376,-0.280665,-0.264226,-0.205164,-0.264226,-0.205164,-0.230769,-0.153846,-0.230769,-0.153846,-0.201405,-0.118117,-0.201405,-0.118117,-0.176384,-0.092602,-0.176384,-0.092602,-0.155268,-0.073937,-0.155268,-0.073937,-0.137462,-0.059983,-0.137462,-0.059983,-0.122398,-0.049346,-0.122398,-0.049346,-0.109589,-0.041096,-0.109589,-0.041096,-0.098633,-0.034598,-0.098633,-0.034598,-0.089206,-0.029409,-0.089206,-0.029409,-0.081045,-0.025214,-0.081045,-0.025214,-0.073938,-0.021785,-0.073938,-0.021785,-0.067716,-0.018955,-0.067716,-0.018955,-0.062241,-0.016598,-0.062241,-0.016598,-0.057398,-0.014617,-0.057398,-0.014617,-0.053095,-0.012942,-0.053095,-0.012942,-0.049256,-0.011514,-0.049256,-0.011514,-0.045817,-0.01029,-0.045817,-0.01029,-0.042724,-0.009235,-0.042724,-0.009235,-0.039933,-0.008319,-0.039933,-0.008319,-0.037406,-0.007522,-0.037406,-0.007522,-0.035111,-0.006823,-0.035111,-0.006823,-0.033021,-0.006209,-0.033021,-0.006209,-0.031111,-0.005667,-0.031111,-0.005667,-0.029362,-0.005186,-0.029362,-0.005186,-0.027756,-0.004758,-0.027756,-0.004758,-0.026278,-0.004376,-0.026278,-0.004376,-0.024915,-0.004035,-0.024915,-0.004035,-0.023655,-0.003727,-0.023655,-0.003727,-0.022488,-0.003451,-0.022488,-0.003451,-0.021406,-0.003201,-0.021406,-0.003201,-0.020399,-0.002975,-0.020399,-0.002975,-0.019462,-0.00277,-0.019462,-0.00277,-0.018588,-0.002583,-0.018588,-0.002583,-0.017772,-0.002412,-0.017772,-0.002412,-0.017008,-0.002257,-0.017008,-0.002257,-0.016293,-0.002114,-0.016293,-0.002114,-0.015621,-0.001984,-0.015621,-0.001984,-0.01499,-0.001863,-0.01499,-0.001863,-0.014397,-0.001753,-0.014397,-0.001753,-0.013838,-0.001651,-0.013838,-0.001651,-0.013311,-0.001557,-0.013311,-0.001557,-0.012814,-0.001469,-0.012814,-0.001469,-0.012344,-0.001389,-0.012344,-0.001389,-0.011899,-0.001314,-0.011899,-0.001314,-0.011478,-0.001244,-0.011478,-0.001244,-0.011079,-0.001179,-0.011079,-0.001179,-0.0107,-0.001119,-0.0107,-0.001119,-0.010341,-0.001063,-0.010341,-0.001063,-0.009999,-0.00101]},"103":{"data":[-0.009999,0.00101,-0.010341,0.001063,-0.010341,0.001063,-0.0107,0.001119,-0.0107,0.001119,-0.011079,0.001179,-0.011079,0.001179,-0.011478,0.001244,-0.011478,0.001244,-0.011899,0.001314,-0.011899,0.001314,-0.012344,0.001389,-0.012344,0.001389,-0.012814,0.001469,-0.012814,0.001469,-0.013311,0.001557,-0.013311,0.001557,-0.013838,0.001651,-0.013838,0.001651,-0.014397,0.001753,-0.014397,0.001753,-0.01499,0.001863,-0.01499,0.001863,-0.015621,0.001984,-0.015621,0.001984,-0.016293,0.002114,-0.016293,0.002114,-0.017008,0.002257,-0.017008,0.002257,-0.017772,0.002412,-0.017772,0.002412,-0.018588,0.002583,-0.018588,0.002583,-0.019462,0.00277,-0.019462,0.00277,-0.020399,0.002975,-0.020399,0.002975,-0.021406,0.003201,-0.021406,0.003201,-0.022488,0.003451,-0.022488,0.003451,-0.023655,0.003727,-0.023655,0.003727,-0.024915,0.004035,-0.024915,0.004035,-0.026278,0.004376,-0.026278,0.004376,-0.027756,0.004758,-0.027756,0.004758,-0.029362,0.005186,-0.029362,0.005186,-0.031111,0.005667,-0.031111,0.005667,-0.033021,0.006209,-0.033021,0.006209,-0.035111,0.006823,-0.035111,0.006823,-0.037406,0.007522,-0.037406,0.007522,-0.039933,0.008319,-0.039933,0.008319,-0.042724,0.009235,-0.042724,0.009235,-0.045817,0.01029,-0.045817,0.01029,-0.049256,0.011514,-0.049256,0.011514,-0.053095,0.012942,-0.053095,0.012942,-0.057398,0.014617,-0.057398,0.014617,-0.062241,0.016598,-0.062241,0.016598,-0.067716,0.018955,-0.067716,0.018955,-0.073938,0.021785,-0.073938,0.021785,-0.081045,0.025214,-0.081045,0.025214,-0.089206,0.029409,-0.089206,0.029409,-0.098633,0.034598,-0.098633,0.034598,-0.109589,0.041096,-0.109589,0.041096,-0.122398,0.049346,-0.122398,0.049346,-0.137462,0.059983,-0.137462,0.059983,-0.155268,0.073937,-0.155268,0.073937,-0.176384,0.092602,-0.176384,0.092602,-0.201405,0.118117,-0.201405,0.118117,-0.230769,0.153846,-0.230769,0.153846,-0.264226,0.205164,-0.264226,0.205164,-0.299376,0.280665,-0.299376,0.280665,-0.327869,0.393443,-0.327869,0.393443,-0.326425,0.559585,-0.326425,0.559585,-0.242111,0.782204,-0.242111,0.782204,0.0,1.0,0.0,1.0,0.387855,1.057786,0.387855,1.057786,0.737705,0.885246,0.737705,0.885246,0.923077,0.615385,0.923077,0.615385,0.986301,0.369863,0.986301,0.369863,0.999207,0.171293,0.999207,0.171293,1.0,0.001]},"106":{"data":[-1.257786,0,1.257786,0,0,-1.257786,0,1.257786]},"109":{"data":[-1,0]}},"transforms":{"50":{"sx":0.71554275,"sy":0.71554275,"tx":-0.0,"ty":-0.0}},"panes":{"1":{"name":"Nyquist","region":{"clipYMin":-0.95,"clipYMax":0.95,"clipXMin":-0.95,"clipXMax":0.95},"hasClearColor":true,"clearColor":[0.06,0.09,0.16,1.0]}},"layers":{"10":{"paneId":1,"name":"grid"},"11":{"paneId":1,"name":"plot"},"12":{"paneId":1,"name":"marker"}},"geometries":{"101":{"vertexBufferId":100,"format":"rect4","vertexCount":60},"104":{"vertexBufferId":103,"format":"rect4","vertexCount":60},"107":{"vertexBufferId":106,"format":"rect4","vertexCount":2},"110":{"vertexBufferId":109,"format":"pos2_clip","vertexCount":1}},"drawItems":{"102":{"layerId":11,"name":"nyquist_pos","pipeline":"lineAA@1","geometryId":101,"color":[0.18,0.831,0.886,1.0],"transformId":50,"lineWidth":2.0},"105":{"layerId":11,"name":"nyquist_neg","pipeline":"lineAA@1","geometryId":104,"color":[0.18,0.831,0.886,1.0],"transformId":50,"lineWidth":1.5,"dashLength":5.0,"gapLength":3.0},"108":{"layerId":10,"name":"axes","pipeline":"lineAA@1","geometryId":107,"color":[0.392,0.455,0.545,1.0],"transformId":50,"lineWidth":0.8,"dashLength":4.0,"gapLength":3.0},"111":{"layerId":12,"name":"critical_pt","pipeline":"points@1","geometryId":110,"color":[0.937,0.267,0.267,1.0],"transformId":50,"pointSize":10.0}}}