{"version":1,"viewport":{"width":700,"height":700},"buffers":{"100":{"data":[40.0,0.0,38.491161785,4.045584124,38.491161785,4.045584124,34.271317476,7.284593407,34.271317476,7.284593407,28.1848023,9.157797402,28.1848023,9.157797402,21.406263899,9.530682733,21.406263899,9.530682733,15.155444566,8.75,15.155444566,8.75,10.407797402,7.561707435,10.407797402,7.561707435,7.675040716,6.910637701,7.675040716,6.910637701,6.910637701,7.675040716,6.910637701,7.675040716,7.561707435,10.407797402,7.561707435,10.407797402,8.75,15.155444566,8.75,15.155444566,9.530682733,21.406263899,9.530682733,21.406263899,9.157797402,28.1848023,9.157797402,28.1848023,7.284593407,34.271317476,7.284593407,34.271317476,4.045584124,38.491161785,4.045584124,38.491161785,0.0,40.0,0.0,40.0,-4.045584124,38.491161785,-4.045584124,38.491161785,-7.284593407,34.271317476,-7.284593407,34.271317476,-9.157797402,28.1848023,-9.157797402,28.1848023,-9.530682733,21.406263899,-9.530682733,21.406263899,-8.75,15.155444566,-8.75,15.155444566,-7.561707435,10.407797402,-7.561707435,10.407797402,-6.910637701,7.675040716,-6.910637701,7.675040716,-7.675040716,6.910637701,-7.675040716,6.910637701,-10.407797402,7.561707435,-10.407797402,7.561707435,-15.155444566,8.75,-15.155444566,8.75,-21.406263899,9.530682733,-21.406263899,9.530682733,-28.1848023,9.157797402,-28.1848023,9.157797402,-34.271317476,7.284593407,-34.271317476,7.284593407,-38.491161785,4.045584124,-38.491161785,4.045584124,-40.0,0.0,-40.0,0.0,-38.491161785,-4.045584124,-38.491161785,-4.045584124,-34.271317476,-7.284593407,-34.271317476,-7.284593407,-28.1848023,-9.157797402,-28.1848023,-9.157797402,-21.406263899,-9.530682733,-21.406263899,-9.530682733,-15.155444566,-8.75,-15.155444566,-8.75,-10.407797402,-7.561707435,-10.407797402,-7.561707435,-7.675040716,-6.910637701,-7.675040716,-6.910637701,-6.910637701,-7.675040716,-6.910637701,-7.675040716,-7.561707435,-10.407797402,-7.561707435,-10.407797402,-8.75,-15.155444566,-8.75,-15.155444566,-9.530682733,-21.406263899,-9.530682733,-21.406263899,-9.157797402,-28.1848023,-9.157797402,-28.1848023,-7.284593407,-34.271317476,-7.284593407,-34.271317476,-4.045584124,-38.491161785,-4.045584124,-38.491161785,-0.0,-40.0,-0.0,-40.0,4.045584124,-38.491161785,4.045584124,-38.491161785,7.284593407,-34.271317476,7.284593407,-34.271317476,9.157797402,-28.1848023,9.157797402,-28.1848023,9.530682733,-21.406263899,9.530682733,-21.406263899,8.75,-15.155444566,8.75,-15.155444566,7.561707435,-10.407797402,7.561707435,-10.407797402,6.910637701,-7.675040716,6.910637701,-7.675040716,7.675040716,-6.910637701,7.675040716,-6.910637701,10.407797402,-7.561707435,10.407797402,-7.561707435,15.155444566,-8.75,15.155444566,-8.75,21.406263899,-9.530682733,21.406263899,-9.530682733,28.1848023,-9.157797402,28.1848023,-9.157797402,34.271317476,-7.284593407,34.271317476,-7.284593407,38.491161785,-4.045584124,38.491161785,-4.045584124,40.0,-0.0,40.0,-0.0,40.0,0.0]},"103":{"data":[37.5,0.0,36.004857046,3.784262966,36.004857046,3.784262966,31.825948474,6.76481418,31.825948474,6.76481418,25.807161009,8.385254916,25.807161009,8.385254916,19.122400255,8.513841125,19.122400255,8.513841125,12.990381057,7.5,12.990381057,7.5,8.385254916,6.092244304,8.385254916,6.092244304,5.817178653,5.237811185,5.817178653,5.237811185,5.237811185,5.817178653,5.237811185,5.817178653,6.092244304,8.385254916,6.092244304,8.385254916,7.5,12.990381057,7.5,12.990381057,8.513841125,19.122400255,8.513841125,19.122400255,8.385254916,25.807161009,8.385254916,25.807161009,6.76481418,31.825948474,6.76481418,31.825948474,3.784262966,36.004857046,3.784262966,36.004857046,0.0,37.5,0.0,37.5,-3.784262966,36.004857046,-3.784262966,36.004857046,-6.76481418,31.825948474,-6.76481418,31.825948474,-8.385254916,25.807161009,-8.385254916,25.807161009,-8.513841125,19.122400255,-8.513841125,19.122400255,-7.5,12.990381057,-7.5,12.990381057,-6.092244304,8.385254916,-6.092244304,8.385254916,-5.237811185,5.817178653,-5.237811185,5.817178653,-5.817178653,5.237811185,-5.817178653,5.237811185,-8.385254916,6.092244304,-8.385254916,6.092244304,-12.990381057,7.5,-12.990381057,7.5,-19.122400255,8.513841125,-19.122400255,8.513841125,-25.807161009,8.385254916,-25.807161009,8.385254916,-31.825948474,6.76481418,-31.825948474,6.76481418,-36.004857046,3.784262966,-36.004857046,3.784262966,-37.5,0.0,-37.5,0.0,-36.004857046,-3.784262966,-36.004857046,-3.784262966,-31.825948474,-6.76481418,-31.825948474,-6.76481418,-25.807161009,-8.385254916,-25.807161009,-8.385254916,-19.122400255,-8.513841125,-19.122400255,-8.513841125,-12.990381057,-7.5,-12.990381057,-7.5,-8.385254916,-6.092244304,-8.385254916,-6.092244304,-5.817178653,-5.237811185,-5.817178653,-5.237811185,-5.237811185,-5.817178653,-5.237811185,-5.817178653,-6.092244304,-8.385254916,-6.092244304,-8.385254916,-7.5,-12.990381057,-7.5,-12.990381057,-8.513841125,-19.122400255,-8.513841125,-19.122400255,-8.385254916,-25.807161009,-8.385254916,-25.807161009,-6.76481418,-31.825948474,-6.76481418,-31.825948474,-3.784262966,-36.004857046,-3.784262966,-36.004857046,-0.0,-37.5,-0.0,-37.5,3.784262966,-36.004857046,3.784262966,-36.004857046,6.76481418,-31.825948474,6.76481418,-31.825948474,8.385254916,-25.807161009,8.385254916,-25.807161009,8.513841125,-19.122400255,8.513841125,-19.122400255,7.5,-12.990381057,7.5,-12.990381057,6.092244304,-8.385254916,6.092244304,-8.385254916,5.237811185,-5.817178653,5.237811185,-5.817178653,5.817178653,-5.237811185,5.817178653,-5.237811185,8.385254916,-6.092244304,8.385254916,-6.092244304,12.990381057,-7.5,12.990381057,-7.5,19.122400255,-8.513841125,19.122400255,-8.513841125,25.807161009,-8.385254916,25.807161009,-8.385254916,31.825948474,-6.76481418,31.825948474,-6.76481418,36.004857046,-3.784262966,36.004857046,-3.784262966,37.5,-0.0,37.5,-0.0,37.5,0.0]},