{"version":1,"viewport":{"width":700,"height":700},"buffers":{"100":{"data":[0.0,0.0,2.0,0.0,2.0,0.0,2.0,2.0,2.0,2.0,0.0,2.0,0.0,2.0,0.0,0.0,2.0,0.0,4.0,0.0,4.0,0.0,4.0,2.0,4.0,2.0,2.0,2.0,2.0,2.0,2.0,0.0,-2.0,2.0,2.0,2.0,2.0,2.0,2.0,6.0,2.0,6.0,-2.0,6.0,-2.0,6.0,-2.0,2.0,-2.0,-4.0,4.0,-4.0,4.0,-4.0,4.0,2.0,4.0,2.0,-2.0,2.0,-2.0,2.0,-2.0,-4.0,-2.0,-4.0,8.0,-4.0,8.0,-4.0,8.0,6.0,8.0,6.0,-2.0,6.0,-2.0,6.0,-2.0,-4.0,8.0,-4.0,24.0,-4.0,24.0,-4.0,24.0,12.0,24.0,12.0,8.0,12.0,8.0,12.0,8.0,-4.0,-18.0,12.0,8.0,12.0,8.0,12.0,8.0,38.0,8.0,38.0,-18.0,38.0,-18.0,38.0,-18.0,12.0,-18.0,-30.0,24.0,-30.0,24.0,-30.0,24.0,12.0,24.0,12.0,-18.0,12.0,-18.0,12.0,-18.0,-30.0,-18.0,-30.0,50.0,-30.0,50.0,-30.0,50.0,38.0,50.0,38.0,-18.0,38.0,-18.0,38.0,-18.0,-30.0,50.0,-30.0,160.0,-30.0,160.0,-30.0,160.0,80.0,160.0,80.0,50.0,80.0,50.0,80.0,50.0,-30.0]},"103":{"data":[1.0,0.0,1.031052777,0.130252256,1.031052777,0.130252256,1.046104179,0.268593902,1.046104179,0.268593902,1.043603657,0.413191918,1.043603657,0.413191918,1.022191269,0.561954406,1.022191269,0.561954406,0.980737317,0.71254737,0.980737317,0.71254737,0.918381032,0.862417193,0.918381032,0.862417193,0.834567528,1.008818844,0.834567528,1.008818844,0.729082237,1.148849774,0.729082237,1.148849774,0.602081989,1.279489357,0.602081989,1.279489357,0.454121931,1.397643592,0.454121931,1.397643592,0.286177447,1.500194713,0.286177447,1.500194713,0.099660305,1.584055184,0.099660305,1.584055184,-0.103571728,1.646225476,-0.103571728,1.646225476,-0.321212501,1.683854897,-0.321212501,1.683854897,-0.550512941,1.694304615,-0.550512941,1.694304615,-0.788294896,1.675211926,-0.788294896,1.675211926,-1.030973775,1.62455472,-1.030973775,1.62455472,-1.274590292,1.540714995,-1.274590292,1.540714995,-1.514851465,1.422540212,-1.514851465,1.422540212,-1.747180882,1.269401215,-1.747180882,1.269401215,-1.966778073,1.081245396,-1.966778073,1.081245396,-2.168686647,0.858643786,-2.168686647,0.858643786,-2.347870681,0.602830731,-2.347870681,0.602830731,-2.499298649,0.315734845,-2.499298649,0.315734845,-2.618033989,0.0,-2.618033989,0.0,-2.699331215,-0.341004835,-2.699331215,-0.341004835,-2.738736296,-0.703187963,-2.738736296,-0.703187963,-2.732189845,-1.081750485,-2.732189845,-1.081750485,-2.676131486,-1.471215734,-2.676131486,-1.471215734,-2.567603631,-1.865473233,-2.567603631,-1.865473233,-2.404352756,-2.257837524,-2.404352756,-2.257837524,-2.184926154,-2.641122022,-2.184926154,-2.641122022,-1.908762076,-3.007727757,-1.908762076,-3.007727757,-1.576271112,-3.349746624,-1.576271112,-3.349746624,-1.188906652,-3.659078429,-1.188906652,-3.659078429,-0.749222283,-3.92756075,-0.749222283,-3.92756075,-0.260914065,-4.147110311,-0.260914065,-4.147110311,0.271154304,-4.309874249,0.271154304,-4.309874249,0.840945245,-4.408389354,0.840945245,-4.408389354,1.441261591,-4.43574707,1.441261591,-4.43574707,2.063782831,-4.385761761,2.063782831,-4.385761761,2.699124384,-4.253139473,2.699124384,-4.253139473,3.336920706,-4.033644223,3.336920706,-4.033644223,3.965932623,-3.724258627,3.965932623,-3.724258627,4.574178934,-3.323335526,4.574178934,-3.323335526,5.149091845,-2.830737196,5.149091845,-2.830737196,5.677695353,-2.247958616,5.677695353,-2.247958616,6.146805244,-1.578231342,6.146805244,-1.578231342,6.543248811,-0.826604555,6.543248811,-0.826604555,6.854101966,-0.0,6.854101966,-0.0,7.066940867,0.892762247,7.066940867,0.892762247,7.170104709,1.840969989,7.170104709,1.840969989,7.152965878,2.832059537,7.152965878,2.832059537,7.006203188,3.851692797,7.006203188,3.851692797,6.722073576,4.883872329,6.722073576,4.883872329,6.294677237,5.91109538,6.294677237,5.91109538,5.720210935,6.914547221,5.720210935,6.914547221,4.997203992,7.874333496,4.997203992,7.874333496,4.126731348,8.769750516,4.126731348,8.769750516,3.112598023,9.579591694,3.112598023,9.579591694,1.961489402,10.282487535,1.961489402,10.282487535,0.683081891,10.85727575,0.683081891,10.85727575,-0.709891185,11.283397271,-0.709891185,11.283397271,-2.201623233,11.541313163,-2.201623233,11.541313163,-3.773271831,11.612936595,-3.773271831,11.612936595,-5.403053596,11.482073356,-5.403053596,11.482073356,-7.066399378,11.134863698,-7.066399378,11.134863698,-8.736171826,10.560217675,-8.736171826,10.560217675,-10.382946403,9.750235667,-10.382946403,9.750235667,-11.975355921,8.700605364,-11.975355921,8.700605364,-13.48049746,7.410966193,-13.48049746,7.410966193,-14.864399413,5.885232062,-14.864399413,5.885232062,-16.092545051,4.131863296,-16.092545051,4.131863296,-17.130447783,2.164078821,-17.130447783,2.164078821,-17.94427191,0.0,-17.94427191,0.0,-18.501491386,-2.337281907,-18.501491386,-2.337281907,-18.771577832,-4.819722003,-18.771577832,-4.819722003,-18.726707788,-7.414428126,-18.726707788,-7.414428126,-18.342478078,-10.083862656,-18.342478078,-10.083862656,-17.598617096,-12.786143755,-17.598617096,-12.786143755,-16.479678955,-15.475448614,-16.479678955,-15.475448614,-14.97570665,-18.102519641,-14.97570665,-18.102519641,-13.0828499,-20.615272732,-13.0828499,-20.615272732,-10.803922931,-22.959504922,-10.803922931,-22.959504922,-8.148887418,-25.079696652,-8.148887418,-25.079696652,-5.135245922,-26.919901857,-5.135245922,-26.919901857,-1.788331608,-28.424716938,-1.788331608,-28.424716938,1.85851925,-29.540317565,1.85851925,-29.540317565,5.763924454,-30.215550136,5.763924454,-30.215550136,9.878553902,-30.403062714,9.878553902,-30.403062714,14.145377957,-30.060458308,14.145377957,-30.060458308,18.500073751,-29.151451622,18.500073751,-29.151451622,22.871594771,-27.647008801,22.871594771,-27.647008801,27.182906587,-25.526448375,27.182906587,-25.526448375,31.351888828,-22.778480567,31.351888828,-22.778480567,35.292400537,-19.402161382,35.292400537,-19.402161382,38.915502885,-15.407737569,38.915502885,-15.407737569,42.130829908,-10.817358547,42.130829908,-10.817358547,44.848094539,-5.665631908,44.848094539,-5.665631908,46.978713764,-0.0,46.978713764,-0.0,48.437533292,6.119083474,48.437533292,6.119083474,49.144628787,12.618196019,49.144628787,12.618196019,49.027157487,19.411224841,49.027157487,19.411224841,48.021231045,26.399895171,48.021231045,26.399895171,46.073777713,33.474558934,46.073777713,33.474558934,43.144359628,40.515250464,43.144359628,40.515250464,39.206909016,47.393011702,39.206909016,47.393011702,34.251345708,53.971484701,34.251345708,53.971484701,28.285037445,60.108764252,28.285037445,60.108764252,21.33406423,65.659498263,21.33406423,65.659498263,13.444248364,70.477218034,13.444248364,70.477218034,4.681912933,74.416875064,4.681912933,74.416875064,-4.865666566,77.337555424,-4.865666566,77.337555424,-15.09015013,79.105337246,-15.09015013,79.105337246,-25.862389874,79.596251547,-25.862389874,79.596251547,-37.033080274,78.699301567,-37.033080274,78.699301567,-48.433821874,76.319491168,-48.433821874,76.319491168,-59.878612488,72.380808728,-59.878612488,72.380808728,-71.165773358,66.829109458,-71.165773358,66.829109458,-82.080310563,59.634836336,-82.080310563,59.634836336,-92.39670415,50.795517954,-92.39670415,50.795517954,-101.882109243,40.337980645,-101.882109243,40.337980645,-110.299944675,28.320212343,-110.299944675,28.320212343,-117.413835835,14.832816902]}},"transforms":{"50":{"sx":0.012,"sy":0.012,"tx":0.0,"ty":0.0}},"panes":{"1":{"name":"Main","region":{"clipYMin":-1.0,"clipYMax":1.0,"clipXMin":-1.0,"clipXMax":1.0},"hasClearColor":true,"clearColor":[0.06,0.09,0.16,1.0]}},"layers":{"10":{"paneId":1,"name":"rectangles"},"11":{"paneId":1,"name":"spiral"}},"geometries":{"101":{"vertexBufferId":100,"format":"rect4","vertexCount":40},"104":{"vertexBufferId":103,"format":"rect4","vertexCount":124}},"drawItems":{"102":{"layerId":10,"pipeline":"lineAA@1","geometryId":101,"transformId":50,"color":[0.5,0.5,0.6,0.7],"lineWidth":1.0},"105":{"layerId":11,"pipeline":"lineAA@1","geometryId":104,"transformId":50,"color":[0.95,0.75,0.2,1.0],"lineWidth":2.5}}}