{"version":1,"viewport":{"width":700,"height":700},"buffers":{"100":{"data":[-11.0,-20.0,-15.842542104,-21.722075446,-15.842542104,-18.277924554,-13.636038969,-13.636038969,-15.842542104,-18.277924554,-18.277924554,-15.842542104,-20.0,-11.0,-18.277924554,-15.842542104,-21.722075446,-15.842542104,-26.363961031,-13.636038969,-21.722075446,-15.842542104,-24.157457896,-18.277924554,-29.0,-20.0,-24.157457896,-18.277924554,-24.157457896,-21.722075446,-26.363961031,-26.363961031,-24.157457896,-21.722075446,-21.722075446,-24.157457896,-20.0,-29.0,-21.722075446,-24.157457896,-18.277924554,-24.157457896,-13.636038969,-26.363961031,-18.277924554,-24.157457896,-15.842542104,-21.722075446,9.0,-20.0,4.157457896,-21.722075446,4.157457896,-18.277924554,6.363961031,-13.636038969,4.157457896,-18.277924554,1.722075446,-15.842542104,0.0,-11.0,1.722075446,-15.842542104,-1.722075446,-15.842542104,-6.363961031,-13.636038969,-1.722075446,-15.842542104,-4.157457896,-18.277924554,-9.0,-20.0,-4.157457896,-18.277924554,-4.157457896,-21.722075446,-6.363961031,-26.363961031,-4.157457896,-21.722075446,-1.722075446,-24.157457896,-0.0,-29.0,-1.722075446,-24.157457896,1.722075446,-24.157457896,6.363961031,-26.363961031,1.722075446,-24.157457896,4.157457896,-21.722075446,29.0,-20.0,24.157457896,-21.722075446,24.157457896,-18.277924554,26.363961031,-13.636038969,24.157457896,-18.277924554,21.722075446,-15.842542104,20.0,-11.0,21.722075446,-15.842542104,18.277924554,-15.842542104,13.636038969,-13.636038969,18.277924554,-15.842542104,15.842542104,-18.277924554,11.0,-20.0,15.842542104,-18.277924554,15.842542104,-21.722075446,13.636038969,-26.363961031,15.842542104,-21.722075446,18.277924554,-24.157457896,20.0,-29.0,18.277924554,-24.157457896,21.722075446,-24.157457896,26.363961031,-26.363961031,21.722075446,-24.157457896,24.157457896,-21.722075446,-11.0,0.0,-15.842542104,-1.722075446,-15.842542104,1.722075446,-13.636038969,6.363961031,-15.842542104,1.722075446,-18.277924554,4.157457896,-20.0,9.0,-18.277924554,4.157457896,-21.722075446,4.157457896,-26.363961031,6.363961031,-21.722075446,4.157457896,-24.157457896,1.722075446,-29.0,0.0,-24.157457896,1.722075446,-24.157457896,-1.722075446,-26.363961031,-6.363961031,-24.157457896,-1.722075446,-21.722075446,-4.157457896,-20.0,-9.0,-21.722075446,-4.157457896,-18.277924554,-4.157457896,-13.636038969,-6.363961031,-18.277924554,-4.157457896,-15.842542104,-1.722075446,9.0,0.0,4.157457896,-1.722075446,4.157457896,1.722075446,6.363961031,6.363961031,4.157457896,1.722075446,1.722075446,4.157457896,0.0,9.0,1.722075446,4.157457896,-1.722075446,4.157457896,-6.363961031,6.363961031,-1.722075446,4.157457896,-4.157457896,1.722075446,-9.0,0.0,-4.157457896,1.722075446,-4.157457896,-1.722075446,-6.363961031,-6.363961031,-4.157457896,-1.722075446,-1.722075446,-4.157457896,-0.0,-9.0,-1.722075446,-4.157457896,1.722075446,-4.157457896,6.363961031,-6.363961031,1.722075446,-4.157457896,4.157457896,-1.722075446,29.0,0.0,24.157457896,-1.722075446,24.157457896,1.722075446,26.363961031,6.363961031,24.157457896,1.722075446,21.722075446,4.157457896,20.0,9.0,21.722075446,4.157457896,18.277924554,4.157457896,13.636038969,6.363961031,18.277924554,4.157457896,15.842542104,1.722075446,11.0,0.0,15.842542104,1.722075446,15.842542104,-1.722075446,13.636038969,-6.363961031,15.842542104,-1.722075446,18.277924554,-4.157457896,20.0,-9.0,18.277924554,-4.157457896,21.722075446,-4.157457896,26.363961031,-6.363961031,21.722075446,-4.157457896,24.157457896,-1.722075446,-11.0,20.0,-15.842542104,18.277924554,-15.842542104,21.722075446,-13.636038969,26.363961031,-15.842542104,21.722075446,-18.277924554,24.157457896,-20.0,29.0,-18.277924554,24.157457896,-21.722075446,24.157457896,-26.363961031,26.363961031,-21.722075446,24.157457896,-24.157457896,21.722075446,-29.0,20.0,-24.157457896,21.722075446,-24.157457896,18.277924554,-26.363961031,13.636038969,-24.157457896,18.277924554,-21.722075446,15.842542104,-20.0,11.0,-21.722075446,15.842542104,-18.277924554,15.842542104,-13.636038969,13.636038969,-18.277924554,15.842542104,-15.842542104,18.277924554,9.0,20.0,4.157457896,18.277924554,4.157457896,21.722075446,6.363961031,26.363961031,4.157457896,21.722075446,1.722075446,24.157457896,0.0,29.0,1.722075446,24.157457896,-1.722075446,24.157457896,-6.363961031,26.363961031,-1.722075446,24.157457896,-4.157457896,21.722075446,-9.0,20.0,-4.157457896,21.722075446,-4.157457896,18.277924554,-6.363961031,13.636038969,-4.157457896,18.277924554,-1.722075446,15.842542104,-0.0,11.0,-1.722075446,15.842542104,1.722075446,15.842542104,6.363961031,13.636038969,1.722075446,15.842542104,4.157457896,18.277924554,29.0,20.0,24.157457896,18.277924554,24.157457896,21.722075446,26.363961031,26.363961031,24.157457896,21.722075446,21.722075446,24.157457896,20.0,29.0,21.722075446,24.157457896,18.277924554,24.157457896,13.636038969,26.363961031,18.277924554,24.157457896,15.842542104,21.722075446,11.0,20.0,15.842542104,21.722075446,15.842542104,18.277924554,13.636038969,13.636038969,15.842542104,18.277924554,18.277924554,15.842542104,20.0,11.0,18.277924554,15.842542104,21.722075446,15.842542104,26.363961031,13.636038969,21.722075446,15.842542104,24.157457896,18.277924554]},