{"version":1,"viewport":{"width":700,"height":700},"buffers":{"100":{"data":[4.0,0.0,3.965779445,0.522104769,3.965779445,0.522104769,3.863703305,1.03527618,3.863703305,1.03527618,3.69551813,1.530733729,3.69551813,1.530733729,3.464101615,2.0,3.464101615,2.0,3.173413361,2.435045716,3.173413361,2.435045716,2.828427125,2.828427125,2.828427125,2.828427125,2.435045716,3.173413361,2.435045716,3.173413361,2.0,3.464101615,2.0,3.464101615,1.530733729,3.69551813,1.530733729,3.69551813,1.03527618,3.863703305,1.03527618,3.863703305,0.522104769,3.965779445,0.522104769,3.965779445,0.0,4.0,0.0,4.0,-0.522104769,3.965779445,-0.522104769,3.965779445,-1.03527618,3.863703305,-1.03527618,3.863703305,-1.530733729,3.69551813,-1.530733729,3.69551813,-2.0,3.464101615,-2.0,3.464101615,-2.435045716,3.173413361,-2.435045716,3.173413361,-2.828427125,2.828427125,-2.828427125,2.828427125,-3.173413361,2.435045716,-3.173413361,2.435045716,-3.464101615,2.0,-3.464101615,2.0,-3.69551813,1.530733729,-3.69551813,1.530733729,-3.863703305,1.03527618,-3.863703305,1.03527618,-3.965779445,0.522104769,-3.965779445,0.522104769,-4.0,0.0,-4.0,0.0,-3.965779445,-0.522104769,-3.965779445,-0.522104769,-3.863703305,-1.03527618,-3.863703305,-1.03527618,-3.69551813,-1.530733729,-3.69551813,-1.530733729,-3.464101615,-2.0,-3.464101615,-2.0,-3.173413361,-2.435045716,-3.173413361,-2.435045716,-2.828427125,-2.828427125,-2.828427125,-2.828427125,-2.435045716,-3.173413361,-2.435045716,-3.173413361,-2.0,-3.464101615,-2.0,-3.464101615,-1.530733729,-3.69551813,-1.530733729,-3.69551813,-1.03527618,-3.863703305,-1.03527618,-3.863703305,-0.522104769,-3.965779445,-0.522104769,-3.965779445,-0.0,-4.0,-0.0,-4.0,0.522104769,-3.965779445,0.522104769,-3.965779445,1.03527618,-3.863703305,1.03527618,-3.863703305,1.530733729,-3.69551813,1.530733729,-3.69551813,2.0,-3.464101615,2.0,-3.464101615,2.435045716,-3.173413361,2.435045716,-3.173413361,2.828427125,-2.828427125,2.828427125,-2.828427125,3.173413361,-2.435045716,3.173413361,-2.435045716,3.464101615,-2.0,3.464101615,-2.0,3.69551813,-1.530733729,3.69551813,-1.530733729,3.863703305,-1.03527618,3.863703305,-1.03527618,3.965779445,-0.522104769,3.965779445,-0.522104769,4.0,-0.0]},"103":{"data":[9.0,0.0,8.923003752,1.17473573,8.923003752,1.17473573,8.693332437,2.329371406,8.693332437,2.329371406,8.314915793,3.444150891,8.314915793,3.444150891,7.794228634,4.5,7.794228634,4.5,7.140180063,5.478852861,7.140180063,5.478852861,6.363961031,6.363961031,6.363961031,6.363961031,5.478852861,7.140180063,5.478852861,7.140180063,4.5,7.794228634,4.5,7.794228634,3.444150891,8.314915793,3.444150891,8.314915793,2.329371406,8.693332437,2.329371406,8.693332437,1.17473573,8.923003752,1.17473573,8.923003752,0.0,9.0,0.0,9.0,-1.17473573,8.923003752,-1.17473573,8.923003752,-2.329371406,8.693332437,-2.329371406,8.693332437,-3.444150891,8.314915793,-3.444150891,8.314915793,-4.5,7.794228634,-4.5,7.794228634,-5.478852861,7.140180063,-5.478852861,7.140180063,-6.363961031,6.363961031,-6.363961031,6.363961031,-7.140180063,5.478852861,-7.140180063,5.478852861,-7.794228634,4.5,-7.794228634,4.5,-8.314915793,3.444150891,-8.314915793,3.444150891,-8.693332437,2.329371406,-8.693332437,2.329371406,-8.923003752,1.17473573,-8.923003752,1.17473573,-9.0,0.0,-9.0,0.0,-8.923003752,-1.17473573,-8.923003752,-1.17473573,-8.693332437,-2.329371406,-8.693332437,-2.329371406,-8.314915793,-3.444150891,-8.314915793,-3.444150891,-7.794228634,-4.5,-7.794228634,-4.5,-7.140180063,-5.478852861,-7.140180063,-5.478852861,-6.363961031,-6.363961031,-6.363961031,-6.363961031,-5.478852861,-7.140180063,-5.478852861,-7.140180063,-4.5,-7.794228634,-4.5,-7.794228634,-3.444150891,-8.314915793,-3.444150891,-8.314915793,-2.329371406,-8.693332437,-2.329371406,-8.693332437,-1.17473573,-8.923003752,-1.17473573,-8.923003752,-0.0,-9.0,-0.0,-9.0,1.17473573,-8.923003752,1.17473573,-8.923003752,2.329371406,-8.693332437,2.329371406,-8.693332437,3.444150891,-8.314915793,3.444150891,-8.314915793,4.5,-7.794228634,4.5,-7.794228634,5.478852861,-7.140180063,5.478852861,-7.140180063,6.363961031,-6.363961031,6.363961031,-6.363961031,7.140180063,-5.478852861,7.140180063,-5.478852861,7.794228634,-4.5,7.794228634,-4.5,8.314915793,-3.444150891,8.314915793,-3.444150891,8.693332437,-2.329371406,8.693332437,-2.329371406,8.923003752,-1.17473573,8.923003752,-1.17473573,9.0,-0.0]},"106":{"data":[14.0,0.0,13.880228059,1.827366691,13.880228059,1.827366691,13.522961568,3.623466631,13.522961568,3.623466631,12.934313455,5.357568053,12.934313455,5.357568053,12.124355653,7.0,12.124355653,7.0,11.106946764,8.522660006,11.106946764,8.522660006,9.899494937,9.899494937,9.899494937,9.899494937,8.522660006,11.106946764,8.522660006,11.106946764,7.0,12.124355653,7.0,12.124355653,5.357568053,12.934313455,5.357568053,12.934313455,3.623466631,13.522961568,3.623466631,13.522961568,1.827366691,13.880228059,1.827366691,13.880228059,0.0,14.0,0.0,14.0,-1.827366691,13.880228059,-1.827366691,13.880228059,-3.623466631,13.522961568,-3.623466631,13.522961568,-5.357568053,12.934313455,-5.357568053,12.934313455,-7.0,12.124355653,-7.0,12.124355653,-8.522660006,11.106946764,-8.522660006,11.106946764,-9.899494937,9.899494937,-9.899494937,9.899494937,-11.106946764,8.522660006,-11.106946764,8.522660006,-12.124355653,7.0,-12.124355653,7.0,-12.934313455,5.357568053,-12.934313455,5.357568053,-13.522961568,3.623466631,-13.522961568,3.623466631,-13.880228059,1.827366691,-13.880228059,1.827366691,-14.0,0.0,-14.0,0.0,-13.880228059,-1.827366691,-13.880228059,-1.827366691,-13.522961568,-3.623466631,-13.522961568,-3.623466631,-12.934313455,-5.357568053,-12.934313455,-5.357568053,-12.124355653,-7.0,-12.124355653,-7.0,-11.106946764,-8.522660006,-11.106946764,-8.522660006,-9.899494937,-9.899494937,-9.899494937,-9.899494937,-8.522660006,-11.106946764,-8.522660006,-11.106946764,-7.0,-12.124355653,-7.0,-12.124355653,-5.357568053,-12.934313455,-5.357568053,-12.934313455,-3.623466631,-13.522961568,-3.623466631,-13.522961568,-1.827366691,-13.880228059,-1.827366691,-13.880228059,-0.0,-14.0,-0.0,-14.0,1.827366691,-13.880228059,1.827366691,-13.880228059,3.623466631,-13.522961568,3.623466631,-13.522961568,5.357568053,-12.934313455,5.357568053,-12.934313455,7.0,-12.124355653,7.0,-12.124355653,8.522660006,-11.106946764,8.522660006,-11.106946764,9.899494937,-9.899494937,9.899494937,-9.899494937,11.106946764,-8.522660006,11.106946764,-8.522660006,12.124355653,-7.0,12.124355653,-7.0,12.934313455,-5.357568053,12.934313455,-5.357568053,13.522961568,-3.623466631,13.522961568,-3.623466631,13.880228059,-1.827366691,13.880228059,-1.827366691,14.0,-0.0]},