{"version":1,"viewport":{"width":700,"height":700},"buffers":{"100":{"data":[0,0,0.0,32.0,-7.184447625,9.88854382,0,0,-7.184447625,9.88854382,-30.433808521,9.88854382,0,0,-30.433808521,9.88854382,-11.624680448,-3.77708764,0,0,-11.624680448,-3.77708764,-18.809128073,-25.88854382,0,0,-18.809128073,-25.88854382,-0.0,-12.22291236,0,0,-0.0,-12.22291236,18.809128073,-25.88854382,0,0,18.809128073,-25.88854382,11.624680448,-3.77708764,0,0,11.624680448,-3.77708764,30.433808521,9.88854382,0,0,30.433808521,9.88854382,7.184447625,9.88854382,0,0,7.184447625,9.88854382,0.0,32.0]},"103":{"data":[32.0,0.0,31.845911254,3.136548491,31.845911254,3.136548491,31.385128973,6.242890305,31.385128973,6.242890305,30.622090743,9.289109672,30.622090743,9.289109672,29.56414504,12.245869836,29.56414504,12.245869836,28.221480459,15.084695578,28.221480459,15.084695578,26.607027594,17.778247457,26.607027594,17.778247457,24.736334508,20.300585093,24.736334508,20.300585093,22.627416998,22.627416998,22.627416998,22.627416998,20.300585093,24.736334508,20.300585093,24.736334508,17.778247457,26.607027594,17.778247457,26.607027594,15.084695578,28.221480459,15.084695578,28.221480459,12.245869836,29.56414504,12.245869836,29.56414504,9.289109672,30.622090743,9.289109672,30.622090743,6.242890305,31.385128973,6.242890305,31.385128973,3.136548491,31.845911254,3.136548491,31.845911254,0.0,32.0,0.0,32.0,-3.136548491,31.845911254,-3.136548491,31.845911254,-6.242890305,31.385128973,-6.242890305,31.385128973,-9.289109672,30.622090743,-9.289109672,30.622090743,-12.245869836,29.56414504,-12.245869836,29.56414504,-15.084695578,28.221480459,-15.084695578,28.221480459,-17.778247457,26.607027594,-17.778247457,26.607027594,-20.300585093,24.736334508,-20.300585093,24.736334508,-22.627416998,22.627416998,-22.627416998,22.627416998,-24.736334508,20.300585093,-24.736334508,20.300585093,-26.607027594,17.778247457,-26.607027594,17.778247457,-28.221480459,15.084695578,-28.221480459,15.084695578,-29.56414504,12.245869836,-29.56414504,12.245869836,-30.622090743,9.289109672,-30.622090743,9.289109672,-31.385128973,6.242890305,-31.385128973,6.242890305,-31.845911254,3.136548491,-31.845911254,3.136548491,-32.0,0.0,-32.0,0.0,-31.845911254,-3.136548491,-31.845911254,-3.136548491,-31.385128973,-6.242890305,-31.385128973,-6.242890305,-30.622090743,-9.289109672,-30.622090743,-9.289109672,-29.56414504,-12.245869836,-29.56414504,-12.245869836,-28.221480459,-15.084695578,-28.221480459,-15.084695578,-26.607027594,-17.778247457,-26.607027594,-17.778247457,-24.736334508,-20.300585093,-24.736334508,-20.300585093,-22.627416998,-22.627416998,-22.627416998,-22.627416998,-20.300585093,-24.736334508,-20.300585093,-24.736334508,-17.778247457,-26.607027594,-17.778247457,-26.607027594,-15.084695578,-28.221480459,-15.084695578,-28.221480459,-12.245869836,-29.56414504,-12.245869836,-29.56414504,-9.289109672,-30.622090743,-9.289109672,-30.622090743,-6.242890305,-31.385128973,-6.242890305,-31.385128973,-3.136548491,-31.845911254,-3.136548491,-31.845911254,-0.0,-32.0,-0.0,-32.0,3.136548491,-31.845911254,3.136548491,-31.845911254,6.242890305,-31.385128973,6.242890305,-31.385128973,9.289109672,-30.622090743,9.289109672,-30.622090743,12.245869836,-29.56414504,12.245869836,-29.56414504,15.084695578,-28.221480459,15.084695578,-28.221480459,17.778247457,-26.607027594,17.778247457,-26.607027594,20.300585093,-24.736334508,20.300585093,-24.736334508,22.627416998,-22.627416998,22.627416998,-22.627416998,24.736334508,-20.300585093,24.736334508,-20.300585093,26.607027594,-17.778247457,26.607027594,-17.778247457,28.221480459,-15.084695578,28.221480459,-15.084695578,29.56414504,-12.245869836,29.56414504,-12.245869836,30.622090743,-9.289109672,30.622090743,-9.289109672,31.385128973,-6.242890305,31.385128973,-6.242890305,31.845911254,-3.136548491,31.845911254,-3.136548491,32.0,-0.0]}},"transforms":{"50":{"sx":0.025,"sy":0.025,"tx":0.0,"ty":0.0}},"panes":{"1":{"name":"Main","region":{"clipYMin":-1.0,"clipYMax":1.0,"clipXMin":-1.0,"clipXMax":1.0},"hasClearColor":true,"clearColor":[0.06,0.09,0.16,1.0]}},"layers":{"10":{"paneId":1,"name":"star"},"11":{"paneId":1,"name":"circle"}},"geometries":{"101":{"vertexBufferId":100,"format":"pos2_clip","vertexCount":30},"104":{"vertexBufferId":103,"format":"rect4","vertexCount":64}},"drawItems":{"102":{"layerId":10,"pipeline":"triSolid@1","geometryId":101,"transformId":50,"color":[0.85,0.7,0.2,0.9]},"105":{"layerId":11,"pipeline":"lineAA@1","geometryId":104,"transformId":50,"color":[0.6,0.6,0.7,0.8],"lineWidth":2.0}}}