{"version":1,"viewport":{"width":700,"height":700},"buffers":{"100":{"data":[12.0,0.0,11.897338336,1.566314307,11.897338336,1.566314307,11.591109915,3.105828541,11.591109915,3.105828541,11.08655439,4.592201188,11.08655439,4.592201188,10.392304845,6.0,10.392304845,6.0,9.520240083,7.305137148,9.520240083,7.305137148,8.485281374,8.485281374,8.485281374,8.485281374,7.305137148,9.520240083,7.305137148,9.520240083,6.0,10.392304845,6.0,10.392304845,4.592201188,11.08655439,4.592201188,11.08655439,3.105828541,11.591109915,3.105828541,11.591109915,1.566314307,11.897338336,1.566314307,11.897338336,0.0,12.0,0.0,12.0,-1.566314307,11.897338336,-1.566314307,11.897338336,-3.105828541,11.591109915,-3.105828541,11.591109915,-4.592201188,11.08655439,-4.592201188,11.08655439,-6.0,10.392304845,-6.0,10.392304845,-7.305137148,9.520240083,-7.305137148,9.520240083,-8.485281374,8.485281374,-8.485281374,8.485281374,-9.520240083,7.305137148,-9.520240083,7.305137148,-10.392304845,6.0,-10.392304845,6.0,-11.08655439,4.592201188,-11.08655439,4.592201188,-11.591109915,3.105828541,-11.591109915,3.105828541,-11.897338336,1.566314307,-11.897338336,1.566314307,-12.0,0.0,-12.0,0.0,-11.897338336,-1.566314307,-11.897338336,-1.566314307,-11.591109915,-3.105828541,-11.591109915,-3.105828541,-11.08655439,-4.592201188,-11.08655439,-4.592201188,-10.392304845,-6.0,-10.392304845,-6.0,-9.520240083,-7.305137148,-9.520240083,-7.305137148,-8.485281374,-8.485281374,-8.485281374,-8.485281374,-7.305137148,-9.520240083,-7.305137148,-9.520240083,-6.0,-10.392304845,-6.0,-10.392304845,-4.592201188,-11.08655439,-4.592201188,-11.08655439,-3.105828541,-11.591109915,-3.105828541,-11.591109915,-1.566314307,-11.897338336,-1.566314307,-11.897338336,-0.0,-12.0,-0.0,-12.0,1.566314307,-11.897338336,1.566314307,-11.897338336,3.105828541,-11.591109915,3.105828541,-11.591109915,4.592201188,-11.08655439,4.592201188,-11.08655439,6.0,-10.392304845,6.0,-10.392304845,7.305137148,-9.520240083,7.305137148,-9.520240083,8.485281374,-8.485281374,8.485281374,-8.485281374,9.520240083,-7.305137148,9.520240083,-7.305137148,10.392304845,-6.0,10.392304845,-6.0,11.08655439,-4.592201188,11.08655439,-4.592201188,11.591109915,-3.105828541,11.591109915,-3.105828541,11.897338336,-1.566314307,11.897338336,-1.566314307,12.0,-0.0,22.392304845,6.0,22.289643182,7.566314307,22.289643182,7.566314307,21.983414761,9.105828541,21.983414761,9.105828541,21.478859236,10.592201188,21.478859236,10.592201188,20.784609691,12.0,20.784609691,12.0,19.912544929,13.305137148,19.912544929,13.305137148,18.87758622,14.485281374,18.87758622,14.485281374,17.697441994,15.520240083,17.697441994,15.520240083,16.392304845,16.392304845,16.392304845,16.392304845,14.984506034,17.08655439,14.984506034,17.08655439,13.498133387,17.591109915,13.498133387,17.591109915,11.958619152,17.897338336,11.958619152,17.897338336,10.392304845,18.0,10.392304845,18.0,8.825990539,17.897338336,8.825990539,17.897338336,7.286476304,17.591109915,7.286476304,17.591109915,5.800103657,17.08655439,5.800103657,17.08655439,4.392304845,16.392304845,4.392304845,16.392304845,3.087167697,15.520240083,3.087167697,15.520240083,1.907023471,14.485281374,1.907023471,14.485281374,0.872064762,13.305137148,0.872064762,13.305137148,0.0,12.0,0.0,12.0,-0.694249545,10.592201188,-0.694249545,10.592201188,-1.19880507,9.105828541,-1.19880507,9.105828541,-1.505033491,7.566314307,-1.505033491,7.566314307,-1.607695155,6.0,-1.607695155,6.0,-1.505033491,4.433685693,-1.505033491,4.433685693,-1.19880507,2.894171459,-1.19880507,2.894171459,-0.694249545,1.407798812,-0.694249545,1.407798812,-0.0,0.0,-0.0,0.0,0.872064762,-1.305137148,0.872064762,-1.305137148,1.907023471,-2.485281374,1.907023471,-2.485281374,3.087167697,-3.520240083,3.087167697,-3.520240083,4.392304845,-4.392304845,4.392304845,-4.392304845,5.800103657,-5.08655439,5.800103657,-5.08655439,7.286476304,-5.591109915,7.286476304,-5.591109915,8.825990539,-5.897338336,8.825990539,-5.897338336,10.392304845,-6.0,10.392304845,-6.0,11.958619152,-5.897338336,11.958619152,-5.897338336,13.498133387,-5.591109915,13.498133387,-5.591109915,14.984506034,-5.08655439,14.984506034,-5.08655439,16.392304845,-4.392304845,16.392304845,-4.392304845,17.697441994,-3.520240083,17.697441994,-3.520240083,18.87758622,-2.485281374,18.87758622,-2.485281374,19.912544929,-1.305137148,19.912544929,-1.305137148,20.784609691,-0.0,20.784609691,-0.0,21.478859236,1.407798812,21.478859236,1.407798812,21.983414761,2.894171459,21.983414761,2.894171459,22.289643182,4.433685693,22.289643182,4.433685693,22.392304845,6.0,12.0,12.0,11.897338336,13.566314307,11.897338336,13.566314307,11.591109915,15.105828541,11.591109915,15.105828541,11.08655439,16.592201188,11.08655439,16.592201188,10.392304845,18.0,10.392304845,18.0,9.520240083,19.305137148,9.520240083,19.305137148,8.485281374,20.485281374,8.485281374,20.485281374,7.305137148,21.520240083,7.305137148,21.520240083,6.0,22.392304845,6.0,22.392304845,4.592201188,23.08655439,4.592201188,23.08655439,3.105828541,23.591109915,3.105828541,23.591109915,1.566314307,23.897338336,1.566314307,23.897338336,0.0,24.0,0.0,24.0,-1.566314307,23.897338336,-1.566314307,23.897338336,-3.105828541,23.591109915,-3.105828541,23.591109915,-4.592201188,23.08655439,-4.592201188,23.08655439,-6.0,22.392304845,-6.0,22.392304845,-7.305137148,21.520240083,-7.305137148,21.520240083,-8.485281374,20.485281374,-8.485281374,20.485281374,-9.520240083,19.305137148,-9.520240083,19.305137148,-10.392304845,18.0,-10.392304845,18.0,-11.08655439,16.592201188,-11.08655439,16.592201188,-11.591109915,15.105828541,-11.591109915,15.105828541,-11.897338336,13.566314307,-11.897338336,13.566314307,-12.0,12.0,-12.0,12.0,-11.897338336,10.433685693,-11.897338336,10.433685693,-11.591109915,8.894171459,-11.591109915,8.894171459,-11.08655439,7.407798812,-11.08655439,7.407798812,-10.392304845,6.0,-10.392304845,6.0,-9.520240083,4.694862852,-9.520240083,4.694862852,-8.485281374,3.514718626,-8.485281374,3.514718626,-7.305137148,2.479759917,-7.305137148,2.479759917,-6.0,1.607695155,-6.0,1.607695155,-4.592201188,0.91344561,-4.592201188,0.91344561,-3.105828541,0.408890085,-3.105828541,0.408890085,-1.566314307,0.102661664,-1.566314307,0.102661664,-0.0,0.0,-0.0,0.0,1.566314307,0.102661664,1.566314307,0.102661664,3.105828541,0.408890085,3.105828541,0.408890085,4.592201188,0.91344561,4.592201188,0.91344561,6.0,1.607695155,6.0,1.607695155,7.305137148,2.479759917,7.305137148,2.479759917,8.485281374,3.514718626,8.485281374,3.514718626,9.520240083,4.694862852,9.520240083,4.694862852,10.392304845,6.0,10.392304845,6.0,11.08655439,7.407798812,11.08655439,7.407798812,11.591109915,8.894171459,11.591109915,8.894171459,11.897338336,10.433685693,11.897338336,10.433685693,12.0,12.0,1.607695155,6.0,1.505033491,7.566314307,1.505033491,7.566314307,1.19880507,9.105828541,1.19880507,9.105828541,0.694249545,10.592201188,0.694249545,10.592201188,0.0,12.0,0.0,12.0,-0.872064762,13.305137148,-0.872064762,13.305137148,-1.907023471,14.485281374,-1.907023471,14.485281374,-3.087167697,15.520240083,-3.087167697,15.520240083,-4.392304845,16.392304845,-4.392304845,16.392304845,-5.800103657,17.08655439,-5.800103657,17.08655439,-7.286476304,17.591109915,-7.286476304,17.591109915,-8.825990539,17.897338336,-8.825990539,17.897338336,-10.392304845,18.0,-10.392304845,18.0,-11.958619152,17.897338336,-11.958619152,17.897338336,-13.498133387,17.591109915,-13.498133387,17.591109915,-14.984506034,17.08655439,-14.984506034,17.08655439,-16.392304845,16.392304845,-16.392304845,16.392304845,-17.697441994,15.520240083,-17.697441994,15.520240083,-18.87758622,14.485281374,-18.87758622,14.485281374,-19.912544929,13.305137148,-19.912544929,13.305137148,-20.784609691,12.0,-20.784609691,12.0,-21.478859236,10.592201188,-21.478859236,10.592201188,-21.983414761,9.105828541,-21.983414761,9.105828541,-22.289643182,7.566314307,-22.289643182,7.566314307,-22.392304845,6.0,-22.392304845,6.0,-22.289643182,4.433685693,-22.289643182,4.433685693,-21.983414761,2.894171459,-21.983414761,2.894171459,