{"version":1,"viewport":{"width":700,"height":700},"buffers":{"100":{"data":[30.0,0.0,29.955600172,-0.9417028,29.955600172,-0.9417028,29.822561311,-1.878759476,29.822561311,-1.878759476,29.601364661,-2.806543159,29.601364661,-2.806543159,29.292810236,-3.720465408,29.292810236,-3.720465408,28.898013732,-4.615995237,28.898013732,-4.615995237,28.418402225,-5.488677908,28.418402225,-5.488677908,27.855708669,-6.334153417,27.855708669,-6.334153417,27.211965212,-7.14817461,27.211965212,-7.14817461,26.489495367,-7.926624839,26.489495367,-7.926624839,25.69090505,-8.665535102,25.69090505,-8.665535102,24.819072545,-9.361100593,24.819072545,-9.361100593,23.877137407,-10.009696592,23.877137407,-10.009696592,22.868488375,-10.607893642,22.868488375,-10.607893642,21.79675032,-11.15247194,21.79675032,-11.15247194,20.665770288,-11.64043489,20.665770288,-11.64043489,19.4796027,-12.069021769,19.4796027,-12.069021769,18.242493752,-12.435719443,18.242493752,-12.435719443,16.958865086,-12.7382731,16.958865086,-12.7382731,15.633296796,-12.974695939,15.633296796,-12.974695939,14.270509831,-13.143277803,14.270509831,-13.143277803,12.875347867,-13.242592686,12.875347867,-13.242592686,11.452758719,-13.271505117,11.452758719,-13.271505117,10.007775368,-13.229175373,10.007775368,-13.229175373,8.545496665,-13.115063509,8.545496665,-13.115063509,7.071067812,-12.928932188,7.071067812,-12.928932188,5.589660669,-12.670848294,5.589660669,-12.670848294,4.106453982,-12.34118333,4.106453982,-12.34118333,2.626613606,-11.940612587,2.626613606,-11.940612587,1.155272793,-11.470113099,1.155272793,-11.470113099,-0.302487365,-10.930960382,-0.302487365,-10.930960382,-1.741657275,-10.324723975,-1.741657275,-10.324723975,-3.157317882,-9.653261794,-3.157317882,-9.653261794,-4.544659325,-8.918713331,-4.544659325,-8.918713331,-5.898999159,-8.12349171,-5.898999159,-8.12349171,-7.215800048,-7.270274646,-7.215800048,-7.270274646,-8.490686879,-6.361994331,-8.490686879,-6.361994331,-9.719463212,-5.401826292,-9.719463212,-5.401826292,-10.898127022,-4.39317726,-10.898127022,-4.39317726,-12.022885653,-3.339672105,-12.022885653,-3.339672105,-13.090169944,-2.245139883,-13.090169944,-2.245139883,-14.09664745,-1.113599043,-14.09664745,-1.113599043,-15.039234729,0.050758129,-15.039234729,0.050758129,-15.915108635,1.243581788,-15.915108635,1.243581788,-16.721716572,2.460381454,-16.721716572,2.460381454,-17.456785676,3.696543518,-17.456785676,3.696543518,-18.118330887,4.94734927,-18.118330887,4.94734927,-18.704661881,6.207993354,-18.704661881,6.207993354,-19.214388831,7.473602613,-19.214388831,7.473602613,-19.646426978,8.739255213,-19.646426978,8.739255213,-20.0,10.0,-20.0,10.0,-20.274642159,11.250875994,-20.274642159,11.250875994,-20.470199222,12.486931956,-20.470199222,12.486931956,-20.586828148,13.703245938,-20.586828148,13.703245938,-20.624995558,14.894944756,-20.624995558,14.894944756,-20.585474976,16.057223293,-20.585474976,16.057223293,-20.469342864,17.185363561,-20.469342864,17.185363561,-20.277973463,18.274753451,-20.277973463,18.274753451,-20.013032473,19.320905093,-20.013032473,19.320905093,-19.67646957,20.319472756,-19.67646957,20.319472756,-19.270509831,21.266270209,-19.270509831,21.266270209,-18.797644058,22.157287485,-18.797644058,22.157287485,-18.260618075,22.988706977,-18.260618075,22.988706977,-17.662421025,23.756918805,-17.662421025,23.756918805,-17.006272711,24.45853538,-17.006272711,24.45853538,-16.295610043,25.090405129,-16.295610043,25.090405129,-15.534072641,25.64962531,-15.534072641,25.64962531,-14.72548764,26.133553871,-14.72548764,26.133553871,-13.873853781,26.539820304,-13.873853781,26.539820304,-12.983324832,26.866335461,-12.983324832,26.866335461,-12.05819241,27.11130027,-12.05819241,27.11130027,-11.10286828,27.273213346,-11.10286828,27.273213346,-10.121866189,27.350877442,-10.121866189,27.350877442,-9.119783325,27.343404723,-9.119783325,27.343404723,-8.10128145,27.250220843,-8.10128145,27.250220843,-7.071067812,27.071067812,-7.071067812,27.071067812,-6.033875884,26.806005628,-6.033875884,26.806005628,-4.994446025,26.45541268,-4.994446025,26.45541268,-3.957506136,26.019984912,-3.957506136,26.019984912,-2.92775238,25.500733759,-2.92775238,25.500733759,-1.909830056,24.898982849,-1.909830056,24.898982849,-0.908314689,24.216363496,-0.908314689,24.216363496,0.072306576,23.454808999,0.072306576,23.454808999,1.027653212,22.616547758,1.027653212,22.616547758,1.953469099,21.704095251,1.953469099,21.704095251,2.845639804,20.720244885,2.845639804,20.720244885,3.70020927,19.668057771,3.70020927,19.668057771,4.513395862,18.550851455,4.513395862,18.550851455,5.28160769,17.372187645,5.28160769,17.372187645,6.001457166,16.135858997,6.001457166,16.135858997,6.669774725,14.84587499,6.669774725,14.84587499,7.283621653,13.50644696,7.283621653,13.50644696,7.84030199,12.121972354,7.84030199,12.121972354,8.33737343,10.697018245,8.33737343,10.697018245,8.77265721,9.2363042,8.77265721,9.2363042,9.14424692,7.744684538,9.14424692,7.744684538,9.450516209,6.227130079,9.450516209,6.227130079,9.690125369,4.688709425,9.690125369,4.688709425,9.862026742,3.134569867,9.862026742,3.134569867,9.965468965,1.569917981,9.965468965,1.569917981,10.0,0.0,10.0,0.0,9.965468965,-1.569917981,9.965468965,-1.569917981,9.862026742,-3.134569867,9.862026742,-3.134569867,9.690125369,-4.688709425,9.690125369,-4.688709425,9.450516209,-6.227130079,9.450516209,-6.227130079,9.14424692,-7.744684538,9.14424692,-7.744684538,8.77265721,-9.2363042,8.77265721,-9.2363042,8.33737343,-10.697018245,8.33737343,-10.697018245,7.84030199,-12.121972354,7.84030199,-12.121972354,7.283621653,-13.50644696,7.283621653,-13.50644696,6.669774725,-14.84587499,6.669774725,-14.84587499,6.001457166,-16.135858997,6.001457166,-16.135858997,5.28160769,-17.372187645,5.28160769,-17.372187645,4.513395862,-18.550851455,4.513395862,-18.550851455,3.70020927,-19.668057771,3.70020927,-19.668057771,2.845639804,-20.720244885,2.845639804,-20.720244885,1.953469099,-21.704095251,1.953469099,-21.704095251,1.027653212,-22.616547758,1.027653212,-22.616547758,0.072306576,-23.454808999,0.072306576,-23.454808999,-0.908314689,-24.216363496,-0.908314689,-24.216363496,-1.909830056,-24.898982849,-1.909830056,-24.898982849,-2.92775238,-25.500733759,-2.92775238,-25.500733759,-3.957506136,-26.019984912,-3.957506136,-26.019984912,-4.994446025,-26.45541268,-4.994446025,-26.45541268,-6.033875884,-26.806005628,-6.033875884,-26.806005628,-7.071067812,-27.071067812,-7.071067812,-27.071067812,-8.10128145,-27.250220843,-8.10128145,-27.250220843,-9.119783325,-27.343404723,-9.119783325,-27.343404723,-10.121866189,-27.350877442,-10.121866189,-27.350877442,-11.10286828,-27.273213346,-11.10286828,-27.273213346,-12.05819241,-27.11130027,-12.05819241,-27.11130027,-12.983324832,-26.866335461,-12.983324832,-26.866335461,-13.873853781,-26.539820304,-13.873853781,-26.539820304,-14.72548764,-26.133553871,-14.72548764,-26.133553871,-15.534072641,-25.64962531,-15.534072641,-25.64962531,-16.295610043,-25.090405129,-16.295610043,-25.090405129,-17.006272711,-24.45853538,-17.006272711,-24.45853538,-17.662421025,-23.756918805,-17.662421025,-23.756918805,-18.260618075,-22.988706977,-18.260618075,-22.988706977,-18.797644058,-22.157287485,-18.797644058,-22.157287485,-19.270509831,-21.266270209,-19.270509831,-21.266270209,-19.67646957,-20.319472756,-19.67646957,-20.319472756,-20.013032473,-19.320905093,-20.013032473,-19.320905093,-20.277973463,-18.274753451,-20.277973463,-18.274753451,-20.469342864,-17.185363561,-20.469342864,-17.185363561,-20.585474976,-16.057223293,-20.585474976,-16.057223293,-20.624995558,-14.894944756,-20.624995558,-14.894944756,-20.586828148,-13.703245938,-20.586828148,-13.703245938,-20.470199222,-12.486931956,-20.470199222,-12.486931956,-20.274642159,-11.250875994,-20.274642159,-11.250875994,-20.0,-10.0,-20.0,-10.0,-19.646426978,-8.739255213,-19.646426978,-8.739255213,-19.214388831,-7.473602613,-19.214388831,-7.473602613,-18.704661881,-6.207993354,-18.704661881,-6.207993354,-18.118330887,-4.94734927,