{"version":1,"viewport":{"width":700,"height":700},"buffers":{"100":{"data":[0.0,5.746254628,0.946835719,7.494976474,0.946835719,7.494976474,3.108734942,12.107723204,3.108734942,12.107723204,7.092616508,17.913904422,7.092616508,17.913904422,12.539355798,22.809003521,12.539355798,22.809003521,18.168362032,25.006605026,18.168362032,25.006605026,22.218591615,23.660396914,22.218591615,23.660396914,23.122502505,19.128597643,23.122502505,19.128597643,20.153799656,12.789990181,20.153799656,12.789990181,13.793459588,6.490709397,13.793459588,6.490709397,5.660985499,1.839365689,5.660985499,1.839365689,-1.979271228,-0.37756618,-1.979271228,-0.37756618,-6.965376154,-0.438224323,-6.965376154,-0.438224323,-7.968821693,0.501355765,-7.968821693,0.501355765,-4.941897094,0.942717289,-4.941897094,0.942717289,0.882889511,-0.286868192,0.882889511,-0.286868192,7.440531402,-3.501248311,7.440531402,-3.501248311,12.562647795,-7.972498719,12.562647795,-7.972498719,14.71972748,-12.177217596,14.71972748,-12.177217596,13.506574329,-14.383040794,13.506574329,-14.383040794,9.700530674,-13.351635039,9.700530674,-13.351635039,4.884528535,-8.884924422,4.884528535,-8.884924422,0.790554785,-1.99671346,0.790554785,-1.99671346,-1.378349378,5.36831639,-1.378349378,5.36831639,-1.386459144,10.974954214,-1.386459144,10.974954214,-0.0,13.066255656,-0.0,13.066255656,1.386915533,10.978566906,1.386915533,10.978566906,1.380175803,5.375429848,1.380175803,5.375429848,-0.786442936,-1.986328117,-0.786442936,-1.986328117,-4.877215822,-8.871622645,-4.877215822,-8.871622645,-9.689107385,-13.33591223,-9.689107385,-13.33591223,-13.490147706,-14.365548217,-13.490147706,-14.365548217,-14.697439394,-12.158779288,-14.697439394,-12.158779288,-12.533699538,-7.954127596,-12.533699538,-7.954127596,-7.404215828,-3.484159499,-7.404215828,-3.484159499,-0.838630304,-0.272487504,-0.838630304,-0.272487504,4.994499728,0.952751778,4.994499728,0.952751778,8.029940103,0.50520101,8.029940103,0.50520101,7.034900726,-0.442598438,7.034900726,-0.442598438,2.056754364,-0.392346878,2.056754364,-0.392346878,-5.576384461,1.811877145,-5.576384461,1.811877145,-13.703025762,6.448154468,-13.703025762,6.448154468,-20.059307345,12.730023536,-20.059307345,12.730023536,-23.02625021,19.048970819,-23.02625021,19.048970819,-22.123424251,23.559053965,-22.123424251,23.559053965,-18.077677409,24.88178835,-18.077677409,24.88178835,-12.45709265,22.659367412,-12.45709265,22.659367412,-7.023221767,17.738633314,-7.023221767,17.738633314,-3.057108378,11.906651012,-3.057108378,11.906651012,-0.918250733,7.268703005,-0.918250733,7.268703005,-0.0,5.496254628,-0.0,5.496254628,0.912565111,7.223696671,0.912565111,7.223696671,3.034516799,11.818662621,3.034516799,11.818662621,6.972954752,17.611673327,6.972954752,17.611673327,12.369125878,22.499356447,12.369125878,22.499356447,17.943016508,24.69644352,17.943016508,24.69644352,21.934376106,23.357738138,21.934376106,23.357738138,22.776676621,18.842505591,22.776676621,18.842505591,19.744856731,12.530467109,19.744856731,12.530467109,13.321338409,6.268546033,13.321338409,6.268546033,5.127266715,1.665949943,5.127266715,1.665949943,-2.571191637,-0.490481037,-2.571191637,-0.490481037,-7.610144052,-0.478789681,-7.610144052,-0.478789681,-8.659020191,0.544779374,-8.659020191,0.544779374,-5.667987335,1.08122641,-5.667987335,1.08122641,0.132575674,-0.043076448,0.132575674,-0.043076448,6.679741243,-3.143247637,6.679741243,-3.143247637,11.807095671,-7.493010761,11.807095671,-7.493010761,13.986917914,-11.570984801,13.986917914,-11.570984801,12.815558869,-13.647184069,12.815558869,-13.647184069,9.071598972,-12.485984815,9.071598972,-12.485984815,4.338836049,-7.892313474,4.338836049,-7.892313474,0.349691511,-0.883219936,0.349691511,-0.883219936,-1.692842649,6.593186813,-1.692842649,6.593186813,-1.553618572,12.298157336,-1.553618572,12.298157336,-0.0,14.471178033,-0.0,14.471178033,1.572179596,12.445082965,1.572179596,12.445082965,1.766497257,6.880052569,1.766497257,6.880052569,-0.186165111,-0.470199396,-0.186165111,-0.470199396,-4.053536842,-7.373356142,-4.053536842,-7.373356142,-8.636556919,-11.887200798,-8.636556919,-11.887200798,-12.207694045,-12.999873778,-12.207694045,-12.999873778,-13.188881416,-10.910791595,-13.188881416,-10.910791595,-10.807971201,-6.858947092,-10.807971201,-6.858947092,-5.475589241,-2.576616716,-5.475589241,-2.576616716,1.273194774,0.413686059,1.273194774,0.413686059,7.264429879,1.385764113,7.264429879,1.385764113,10.427652991,0.656052318,10.427652991,0.656052318,9.525144897,-0.599271322,9.525144897,-0.599271322,4.599785073,-0.877455931,4.599785073,-0.877455931,-3.024235846,0.982633792,-3.024235846,0.982633792,-11.188654875,5.264981339,-11.188654875,5.264981339,-17.632022171,11.189621525,-17.632022171,11.189621525,-20.736851931,17.15501585,-20.736851931,17.15501585,-20.023200232,21.322542544,-20.023200232,21.322542544,-16.217326078,22.321234413,-16.217326078,22.321234413,-10.885602742,19.800837881,-10.885602742,19.800837881,-5.786730651,14.615613249,-5.786730651,14.615613249,-2.19776592,8.559733113,-2.19776592,8.559733113,-0.473116206,3.745100405,-0.473116206,3.745100405,-0.0,1.849140311,-0.0,1.849140311,0.443590116,3.511377335,0.443590116,3.511377335,2.080650658,8.103599283,2.080650658,8.103599283,5.526903705,13.959365295,5.526903705,13.959365295,10.432754153,18.977109355,10.432754153,18.977109355,15.527700196,21.372045816,15.527700196,21.372045816,19.061159862,20.298073605,19.061159862,20.298073605,19.47622202,16.11213209,19.47622202,16.11213209,16.057175836,10.19019365,16.057175836,10.19019365,9.295311193,4.37404143,9.295311193,4.37404143,0.819946205,0.266416672,0.819946205,0.266416672,-7.095477253,-1.353534676,-7.095477253,-1.353534676,-12.280877893,-0.772647346,-12.280877893,-0.772647346,-13.400752171,0.843103864,-13.400752171,0.843103864,-10.401734442,1.984236965,-10.401734442,1.984236965,-4.512187233,1.466098505,-4.512187233,1.466098505,2.205377318,-1.037771792,2.205377318,-1.037771792,7.583310812,-4.812515381,7.583310812,-4.812515381,10.090995134,-8.347997181,10.090995134,-8.347997181,9.320247741,-9.925055769,9.320247741,-9.925055769,6.043543796,-8.318224417,6.043543796,-8.318224417,1.837106343,-3.341684033,1.837106343,-3.341684033,-1.575549061,3.97938268,-1.575549061,3.97938268,-3.001495421,11.690052846,-3.001495421,11.690052846,-2.21660714,17.546252244,-2.21660714,17.546252244,-0.0,19.783770078,-0.0,19.783770078,2.240258703,17.733473641,2.240258703,17.733473641,3.09529322,12.055371153,3.09529322,12.055371153,1.783585172,4.504821919,1.783585172,4.504821919,-1.474668922,-2.68241281,-1.474668922,-2.68241281,-5.491886895,-7.558933832,-5.491886895,-7.558933832,-8.551162962,-9.106063664,-8.551162962,-9.106063664,-9.083961997,-7.514906919,-9.083961997,-7.514906919,-6.326357169,-4.014828343,-6.326357169,-4.014828343,-0.695696996,-0.327370157,-0.695696996,-0.327370157,6.267878024,2.036557024,6.267878024,2.036557024,12.387113343,2.362968246,12.387113343,2.362968246,15.590083555,0.980844919,15.590083555,0.980844919,14.639478931,-0.921037946,14.639478931,-0.921037946,9.580446278,-1.827567869,9.580446278,-1.827567869,1.741242997,-0.565764146,1.741242997,-0.565764146,-6.714103363,3.159417223,-6.714103363,3.159417223,-13.516823126,8.578036797,-13.516823126,8.578036797,-17.040735421,14.097322352,-17.040735421,14.097322352,-16.796039187,17.885965081,-16.796039187,17.885965081,-13.498215235,18.578699408,-13.498215235,18.578699408,-8.702200466,15.829243884,-8.702200466,15.829243884,-4.154878899,10.494026204,-4.154878899,10.494026204,-1.121396568,4.367551272,-1.121396568,4.367551272,0.055555295,-0.439765443,0.055555295,-0.439765443,0.0,-2.253745372,0.0,-2.253745372,-0.055555295,-0.439765443,-0.055555295,-0.439765443,1.121396568,4.367551272,1.121396568,4.367551272,4.154878899,10.494026204,4.154878899,10.494026204,8.702200466,15.829243884,8.702200466,15.829243884,13.498215235,18.578699408,13.498215235,18.578699408,16.796039187,17.885965081,16.796039187,17.885965081,17.040735421,14.097322352,17.040735421,