{"version":1,"viewport":{"width":700,"height":700},"buffers":{"100":{"data":[6.0,0.0,6.243159822,-0.981165859,6.243159822,-0.981165859,6.953529211,-1.819435708,6.953529211,-1.819435708,8.075012697,-2.381613363,8.075012697,-2.381613363,9.518155824,-2.553286412,9.518155824,-2.553286412,11.165934443,-2.246717167,11.165934443,-2.246717167,12.881341613,-1.407038565,12.881341613,-1.407038565,14.516293344,-0.016359649,14.516293344,-0.016359649,15.921290954,1.90448317,15.921290954,1.90448317,16.955229743,4.296644686,16.955229743,4.296644686,17.49473398,7.066419387,17.49473398,7.066419387,17.442427511,10.090626905,17.442427511,10.090626905,16.733615678,13.223900504,16.733615678,13.223900504,15.340953737,16.307424639,15.340953737,16.307424639,13.276803054,19.178576105,13.276803054,19.178576105,10.593121384,21.680865972,10.593121384,21.680865972,7.37888821,23.673560083,7.37888821,23.673560083,3.75522077,25.040375491,3.75522077,25.040375491,-0.131518591,25.696707728,-0.131518591,25.696707728,-4.118197058,25.594935475,-4.118197058,25.594935475,-8.034441854,24.727469424,-8.034441854,24.727469424,-11.7126342,23.127353266,-11.7126342,23.127353266,-14.99774506,20.86637794,-14.99774506,20.86637794,-17.756400846,18.050825929,-17.756400846,18.050825929,-19.884615447,14.815110756,-19.884615447,14.815110756,-21.313708499,11.313708499,-21.313708499,11.313708499,-22.014043496,7.711884964,-22.014043496,7.711884964,-21.996355989,4.175797305,-21.996355989,4.175797305,-21.310593155,0.862587726,-21.310593155,0.862587726,-20.042341961,-2.088913005,-20.042341961,-2.088913005,-18.307074204,-4.566293253,-18.307074204,-4.566293253,-16.242573386,-6.489975422,-16.242573386,-6.489975422,-14.000022075,-7.81754077,-14.000022075,-7.81754077,-11.73431205,-8.545698379,-11.73431205,-8.545698379,-9.594187757,-8.70978074,-9.594187757,-8.70978074,-7.712843506,-8.380803964,-7.712843506,-8.380803964,-6.199565719,-7.660283721,-6.199565719,-7.660283721,-5.13294529,-6.67313906,-5.13294529,-6.67313906,-4.556085826,-5.559136329,-4.556085826,-5.559136329,-4.474107573,-4.463417125,-4.474107573,-4.463417125,-4.854101966,-3.526711514,-4.854101966,-3.526711514,-5.627537217,-2.875857417,-5.627537217,-2.875857417,-6.694960779,-2.615227514,-6.694960779,-2.615227514,-7.932699713,-2.819607691,-7.932699713,-2.819607691,-9.201133915,-3.528979524,-9.201133915,-3.528979524,-10.35401794,-4.745539224,-10.35401794,-4.745539224,-11.248260793,-6.433144519,-11.248260793,-6.433144519,-11.753543971,-8.519227912,-11.753543971,-8.519227912,-11.761167834,-10.899059271,-11.761167834,-10.899059271,-11.191564624,-13.442092562,-11.191564624,-13.442092562,-10.0,-16.0,-10.0,-16.0,-8.180098598,-18.415890305,-8.180098598,-18.415890305,-5.764965767,-20.534132753,-5.764965767,-20.534132753,-2.825828578,-22.21017003,-2.825828578,-22.21017003,0.531724893,-23.319703029,0.531724893,-23.319703029,4.173678052,-23.76666955,4.173678052,-23.76666955,7.945323524,-23.489514092,7.945323524,-23.489514092,11.680326004,-22.465352705,11.680326004,-22.465352705,15.210546611,-20.711768563,15.210546611,-20.711768563,18.376017012,-18.286122273,18.376017012,-18.286122273,21.034441854,-15.28241656,21.034441854,-15.28241656,23.069637291,-11.825908179,23.069637291,-11.825908179,24.398379853,-8.065801001,24.398379853,-8.065801001,24.975239316,-4.166474388,24.975239316,-4.166474388,24.795095437,-0.297792668,24.795095437,-0.297792668,23.893183393,3.374901082,23.893183393,3.374901082,22.342667552,6.700484115,22.342667552,6.700484115,20.249897882,9.55084267,20.249897882,9.55084267,17.747648367,11.828204244,17.747648367,11.828204244,14.986762996,13.470559147,14.986762996,13.470559147,12.126734317,14.454837073,12.126734317,14.454837073,9.325806061,14.797645505,9.325806061,14.797645505,6.731220606,14.553529845,6.731220606,14.553529845,4.470222388,13.810870787,4.470222388,13.810870787,2.642380273,12.685682708,2.642380273,12.685682708,1.313708499,11.313708499,1.313708499,11.313708499,0.512952225,9.841313013,0.512952225,9.841313013,0.230267245,8.415752447,0.230267245,8.415752447,0.418372511,7.175435821,0.418372511,7.175435821,0.9960983,6.240794756,0.9960983,6.240794756,1.854101966,5.706339098,1.854101966,5.706339098,2.862386667,5.634400907,2.862386667,5.634400907,3.879144883,6.050962714,3.879144883,6.050962714,4.760365061,6.943834441,4.760365061,6.943834441,5.369591585,8.263295227,5.369591585,8.263295227,5.587218503,9.925160927,5.587218503,9.925160927,5.318726664,11.816085051,5.318726664,11.816085051,4.501340289,13.800759968,4.501340289,13.800759968,3.108678348,15.730565175,3.108678348,15.730565175,1.153102207,17.453117959,1.153102207,17.453117959,-1.314394093,18.822124433,-1.314394093,18.822124433,-4.206749948,19.706909542,-4.206749948,19.706909542,-7.405705123,20.00102422,-7.405705123,20.00102422,-10.768667052,19.629385366,-10.768667052,19.629385366,-14.137152003,18.553496004,-14.137152003,18.553496004,-17.346274331,16.774413159,-17.346274331,16.774413159,-20.234691724,14.333272098,-20.234691724,14.333272098,-22.654385245,11.309328756,-22.654385245,11.309328756,-24.479662812,7.815637774,-24.479662812,7.815637774,-25.614823045,3.992631885,-25.614823045,3.992631885,-26.0,0.0,-26.0,0.0,-25.614823045,-3.992631885,-25.614823045,-3.992631885,-24.479662812,-7.815637774,-24.479662812,-7.815637774,-22.654385245,-11.309328756,-22.654385245,-11.309328756,-20.234691724,-14.333272098,-20.234691724,-14.333272098,-17.346274331,-16.774413159,-17.346274331,-16.774413159,-14.137152003,-18.553496004,-14.137152003,-18.553496004,-10.768667052,-19.629385366,-10.768667052,-19.629385366,-7.405705123,-20.00102422,-7.405705123,-20.00102422,-4.206749948,-19.706909542,-4.206749948,-19.706909542,-1.314394093,-18.822124433,-1.314394093,-18.822124433,1.153102207,-17.453117959,1.153102207,-17.453117959,3.108678348,-15.730565175,3.108678348,-15.730565175,4.501340289,-13.800759968,4.501340289,-13.800759968,5.318726664,-11.816085051,5.318726664,-11.816085051,5.587218503,-9.925160927,5.587218503,-9.925160927,5.369591585,-8.263295227,5.369591585,-8.263295227,4.760365061,-6.943834441,4.760365061,-6.943834441,3.879144883,-6.050962714,3.879144883,-6.050962714,2.862386667,-5.634400907,2.862386667,-5.634400907,1.854101966,-5.706339098,1.854101966,-5.706339098,0.9960983,-6.240794756,0.9960983,-6.240794756,0.418372511,-7.175435821,0.418372511,-7.175435821,0.230267245,-8.415752447,0.230267245,-8.415752447,0.512952225,-9.841313013,0.512952225,-9.841313013,1.313708499,-11.313708499,1.313708499,-11.313708499,2.642380273,-12.685682708,2.642380273,-12.685682708,4.470222388,-13.810870787,4.470222388,-13.810870787,6.731220606,-14.553529845,6.731220606,-14.553529845,9.325806061,-14.797645505,9.325806061,-14.797645505,12.126734317,-14.454837073,12.126734317,-14.454837073,14.986762996,-13.470559147,14.986762996,-13.470559147,17.747648367,-11.828204244,17.747648367,-11.828204244,20.249897882,-9.55084267,20.249897882,-9.55084267,22.342667552,-6.700484115,22.342667552,-6.700484115,23.893183393,-3.374901082,23.893183393,-3.374901082,24.795095437,0.297792668,24.795095437,0.297792668,24.975239316,4.166474388,24.975239316,4.166474388,24.398379853,8.065801001,24.398379853,8.065801001,23.069637291,11.825908179,23.069637291,11.825908179,21.034441854,15.28241656,21.034441854,15.28241656,18.376017012,18.286122273,18.376017012,18.286122273,15.210546611,20.711768563,15.210546611,20.711768563,11.680326004,22.465352705,11.680326004,22.465352705,7.945323524,23.489514092,7.945323524,23.489514092,4.173678052,23.76666955,4.173678052,23.76666955,0.531724893,23.319703029,0.531724893,23.319703029,-2.825828578,22.21017003,-2.825828578,22.21017003,-5.764965767,20.534132753,-5.764965767,20.534132753,-8.180098598,18.415890305,-8.180098598,18.415890305,-10.0,16.0,-10.0,16.0,-11.191564624,13.442092562,-11.191564624,13.442092562,-11.761167834,10.899059271,-11.761167834,10.899059271,-11.753543971,8.519227912,-11.753543971,8.519227912,-11.248260793,6.433144519,-11.248260793,6.433144519,-10.35401794,4.745539224,-10.35401794,4.745539224,-9.201133915,