{
  "version": 1,
  "viewport": {
    "width": 960,
    "height": 640
  },
  "buffers": {
    "100": {
      "data": [
        4.37414,
        4.04696,
        3.12476,
        3.92346,
        2.02901,
        3.91415,
        1.63358,
        1.53301,
        2.95882,
        7.66456,
        2.42341,
        4.27034,
        2.46479,
        8.18633,
        -0.23954,
        5.32055,
        2.58712,
        6.23756,
        1.63599,
        5.39506,
        1.09267,
        3.34539,
        2.58993,
        5.64785,
        1.89315,
        4.82945,
        1.51369,
        3.59559,
        1.23938,
        4.89539,
        -0.09526,
        3.48558,
        1.6899,
        5.44025,
        2.49565,
        4.40297,
        3.37956,
        6.26801,
        0.99789,
        2.96024,
        2.65429,
        4.14758,
        1.46815,
        4.91389,
        1.66641,
        3.41233,
        3.59064,
        2.81825,
        1.70636,
        4.92483,
        2.91193,
        4.59562,
        0.6036,
        4.36572,
        1.63919,
        4.23671,
        1.46093,
        9.39267,
        3.20755,
        4.29333,
        1.29911,
        4.50245,
        1.02169,
        4.98775,
        0.47937,
        3.98924,
        2.01742,
        3.75309,
        3.29865,
        6.28751,
        4.28688,
        4.86105,
        -0.05783,
        4.04158,
        1.92619,
        4.98057,
        0.85285,
        3.69745,
        1.2963,
        6.70473,
        1.75721,
        5.39339,
        2.72134,
        3.40715,
        2.71715,
        5.27104,
        0.78187,
        5.95632,
        1.04247,
        7.39416,
        1.46814,
        5.63412,
        1.73839,
        4.77768,
        3.45777,
        4.91017,
        3.50739,
        5.03989,
        2.39008,
        4.16084,
        2.01722,
        6.37478,
        2.42109,
        7.08823,
        4.05029,
        4.55625,
        1.02168,
        4.72378,
        0.4228,
        4.10094,
        2.48278,
        7.20513,
        3.17229,
        7.40464,
        4.68806,
        6.40354,
        1.51837,
        3.77916,
        2.34262,
        5.82579,
        2.15605,
        6.46424,
        1.53804,
        5.56751,
        1.25756,
        4.35158,
        1.51588,
        4.59889,
        3.52798,
        3.53874,
        0.80608,
        5.76846,
        1.38957,
        4.15422,
        0.42904,
        3.40312,
        2.16064,
        4.46444,
        1.57609,
        4.88411,
        2.95841,
        5.97628,
        3.08643,
        4.09796,
        1.28936,
        7.53681,
        1.74822,
        5.38341,
        1.89695,
        6.28247,
        3.46818,
        4.8302,
        2.66261,
        3.75091,
        3.05765,
        4.02726,
        1.04728,
        4.80353,
        3.53999,
        5.30605,
        2.04486,
        4.9031,
        -0.30942,
        3.64294,
        3.32584,
        4.68632,
        2.01896,
        6.03242,
        3.06116,
        4.32027,
        2.20718,
        3.67996,
        1.73415,
        5.29156,
        2.17447,
        3.92612,
        1.81246,
        4.02184,
        1.8688,
        4.32517,
        2.11717,
        4.6307,
        2.26069,
        5.76086,
        1.04886,
        4.67235,
        0.96607,
        3.53973,
        -0.44358,
        6.56278,
        3.52044,
        4.93743,
        2.57769,
        5.06608,
        2.36051,
        2.79065,
        0.68196,
        3.87422,
        1.91673,
        5.80463,
        2.60758,
        4.10465,
        2.4571,
        4.61108,
        1.22381,
        7.27819,
        3.08786,
        5.83226,
        2.09466,
        6.18579,
        3.92232,
        5.78038,
        2.47512,
        4.53877,
        1.41623,
        4.72566,
        0.39813,
        6.85732,
        2.88946,
        4.82364,
        0.92251,
        6.15398,
        3.46082,
        3.6725,
        1.97094,
        4.55172,
        1.61174,
        6.93145,
        2.81424,
        6.54912,
        2.46321,
        5.41774,
        1.47611,
        3.29224,
        2.3696,
        2.92762,
        2.35937,
        7.34746,
        2.65442,
        4.22424,
        3.39715,
        4.2108,
        2.68246,
        6.1436,
        0.69921,
        5.30353,
        3.9229,
        6.85979,
        0.83949,
        6.45224,
        1.34383,
        4.15,
        2.20146,
        3.52732,
        3.5459,
        6.44268,
        1.19995,
        6.13652,
        2.88085,
        4.36309,
        2.3517,
        3.79205,
        2.331,
        3.73236,
        3.55907,
        7.41215,
        2.14927,
        3.3765,
        2.17434,
        5.4518,
        1.68201,
        2.0327,
        2.46836,
        3.06857,
        2.41573,
        4.2016,
        2.99762,
        4.89803,
        1.71185,
        5.62579,
        0.70775,
        5.50115,
        2.02006,
        3.39881,
        0.58006,
        3.55582,
        2.09701,
        2.59133,
        2.33204,
        4.33863,
        1.89417,
        3.24932,
        2.43733,
        4.92184,
        2.29005,
        5.80908,
        2.96094,
        7.78574,
        2.06525,
        4.18559,
        2.32955,
        5.45814,
        3.1253,
        4.17124,
        3.6137,
        4.39829,
        2.74519,
        3.27801,
        3.85938,
        5.10085,
        2.99897,
        5.67868,
        0.119,
        4.13401,
        0.48809,
        5.9604,
        3.88579,
        4.74853,
        0.45729,
        6.35139,
        3.12556,
        4.38092,
        0.68501,
        4.00761,
        3.59026,
        5.16776,
        1.8359,
        3.30517,
        2.20373,
        4.16112,
        0.71586,
        4.63313,
        2.53655,
        3.6292,
        1.10711,
        4.793,
        1.76947,
        5.1497,
        1.4052,
        4.42943,
        1.06202,
        3.62501,
        2.26085,
        5.52556,
        2.56071,
        4.62659,
        0.94008,
        5.95558,
        1.65705,
        4.62681,
        2.52525,
        3.03543,
        2.15257,
        4.60407,
        2.51153,
        5.89331,
        1.85776,
        5.99319,
        1.66698,
        3.16443
      ]
    },