{
  "version": 1,
  "viewport": {
    "width": 960,
    "height": 640
  },
  "buffers": {
    "100": {
      "data": [
        -0.35,
        0.0,
        0.35,
        0.5,
        1.65,
        0.0,
        2.35,
        0.64197,
        3.65,
        0.0,
        4.35,
        0.76062,
        5.65,
        0.0,
        6.35,
        0.84737,
        7.65,
        0.0,
        8.35,
        0.89712,
        9.65,
        0.0,
        10.35,
        0.90834,
        11.65,
        0.0,
        12.35,
        0.88303,
        13.65,
        0.0,
        14.35,
        0.8262,
        15.65,
        0.0,
        16.35,
        0.74524,
        17.65,
        0.0,
        18.35,
        0.64909,
        19.65,
        0.0,
        20.35,
        0.5473,
        21.65,
        0.0,
        22.35,
        0.4492,
        23.65,
        0.0,
        24.35,
        0.36309,
        25.65,
        0.0,
        26.35,
        0.29555,
        27.65,
        0.0,
        28.35,
        0.25107,
        29.65,
        0.0,
        30.35,
        0.23176,
        31.65,
        0.0,
        32.35,
        0.23736,
        33.65,
        0.0,
        34.35,
        0.26548,
        35.65,
        0.0,
        36.35,
        0.31193,
        37.65,
        0.0,
        38.35,
        0.37123,
        39.65,
        0.0,
        40.35,
        0.43723,
        41.65,
        0.0,
        42.35,
        0.50363,
        43.65,
        0.0,
        44.35,
        0.56461,
        45.65,
        0.0,
        46.35,
        0.61526,
        47.65,
        0.0,
        48.35,
        0.65194,
        49.65,
        0.0,
        50.35,
        0.67254,
        51.65,
        0.0,
        52.35,
        0.67647,
        53.65,
        0.0,
        54.35,
        0.66469,
        55.65,
        0.0,
        56.35,
        0.63942,
        57.65,
        0.0,
        58.35,
        0.60392,
        59.65,
        0.0,
        60.35,
        0.56206,
        61.65,
        0.0,
        62.35,
        0.51801,
        63.65,
        0.0,
        64.35,
        0.47577,
        65.65,
        0.0,
        66.35,
        0.43889,
        67.65,
        0.0,
        68.35,
        0.41018,
        69.65,
        0.0,
        70.35,
        0.39153,
        71.65,
        0.0,
        72.35,
        0.38379,
        73.65,
        0.0,
        74.35,
        0.3868,
        75.65,
        0.0,
        76.35,
        0.39947,
        77.65,
        0.0,
        78.35,
        0.41994,
        79.65,
        0.0,
        80.35,
        0.44583,
        81.65,
        0.0,
        82.35,
        0.47447,
        83.65,
        0.0,
        84.35,
        0.50313,
        85.65,
        0.0,
        86.35,
        0.52932,
        87.65,
        0.0,
        88.35,
        0.55093,
        89.65,
        0.0,
        90.35,
        0.56643,
        91.65,
        0.0,
        92.35,
        0.57494,
        93.65,
        0.0,
        94.35,
        0.57624,
        95.65,
        0.0,
        96.35,
        0.57079,
        97.65,
        0.0,
        98.35,
        0.55957
      ]
    },
    "103": {
      "data": [
        0.65,
        0.0,
        1.35,
        0.57324,
        2.65,
        0.0,
        3.35,
        0.70482,
        4.65,
        0.0,
        5.35,
        0.80839,
        6.65,
        0.0,
        7.35,
        0.87705,
        8.65,
        0.0,
        9.35,
        0.9075,
        10.65,
        0.0,
        11.35,
        0.9,
        12.65,
        0.0,
        13.35,
        0.85814,
        14.65,
        0.0,
        15.35,
        0.78821,
        16.65,
        0.0,
        17.35,
        0.69847,
        18.65,
        0.0,
        19.35,
        0.5983,
        20.65,
        0.0,
        21.35,
        0.49724,
        22.65,
        0.0,
        23.35,
        0.40419,
        24.65,
        0.0,
        25.35,
        0.32667,
        26.65,
        0.0,
        27.35,
        0.27024,
        28.65,
        0.0,
        29.35,
        0.23823,
        30.65,
        0.0,
        31.35,
        0.23155,
        32.65,
        0.0,
        33.35,
        0.24884,
        34.65,
        0.0,
        35.35,
        0.28673,
        36.65,
        0.0,
        37.35,
        0.34035,
        38.65,
        0.0,
        39.35,
        0.40379,
        40.65,
        0.0,
        41.35,
        0.47076,
        42.65,
        0.0,
        43.35,
        0.53513,
        44.65,
        0.0,
        45.35,
        0.59149,
        46.65,
        0.0,
        47.35,
        0.63552,
        48.65,
        0.0,
        49.35,
        0.66432,
        50.65,
        0.0,
        51.35,
        0.67656,
        52.65,
        0.0,
        53.35,
        0.67243,
        54.65,
        0.0,
        55.35,
        0.65355,
        56.65,
        0.0,
        57.35,
        0.62271,
        58.65,
        0.0,
        59.35,
        0.58353,
        60.65,
        0.0,
        61.35,
        0.54005,
        62.65,
        0.0,
        63.35,
        0.49642,
        64.65,
        0.0,
        65.35,
        0.45646,
        66.65,
        0.0,
        67.35,
        0.42337,
        68.65,
        0.0,
        69.35,
        0.39953,
        70.65,
        0.0,
        71.35,
        0.38629,
        72.65,
        0.0,
        73.35,
        0.384,
        74.65,
        0.0,
        75.35,
        0.39203,
        76.65,
        0.0,
        77.35,
        0.40887,
        78.65,
        0.0,
        79.35,
        0.43237,
        80.65,
        0.0,
        81.35,
        0.45998,
        82.65,
        0.0,
        83.35,
        0.48896,
        84.65,
        0.0,
        85.35,
        0.51668,
        86.65,
        0.0,
        87.35,
        0.54081,
        88.65,
        0.0,
        89.35,
        0.55952,
        90.65,
        0.0,
        91.35,
        0.57159,
        92.65,
        0.0,
        93.35,
        0.57648,
        94.65,
        0.0,
        95.35,
        0.57431,
        96.65,
        0.0,
        97.35,
        0.56582,
        98.65,
        0.0,
        99.35,
        0.55223
      ]
    }
  },
  "transforms": {
    "50": {
      "sx": 0.0186,
      "sy": 0.9,
      "tx": -0.93,
      "ty": -0.95
    }
  },
  "panes": {
    "1": {
      "name": "Main",
      "region": {
        "clipYMin": -0.95,
        "clipYMax": 0.95,
        "clipXMin": -0.95,
        "clipXMax": 0.95
      },
      "hasClearColor": true,
      "clearColor": [
        0.06,
        0.09,
        0.16,
        1.0
      ]
    }
  },
  "layers": {
    "10": {
      "paneId": 1,
      "name": "bars"
    }
  },
  "geometries": {
    "101": {
      "vertexBufferId": 100,
      "format": "rect4",
      "vertexCount": 50
    },
    "104": {
      "vertexBufferId": 103,
      "format": "rect4",
      "vertexCount": 50
    }
  },
  "drawItems": {
    "102": {
      "layerId": 10,
      "name": "barsBlue",
      "pipeline": "instancedRect@1",
      "geometryId": 101,
      "color": [
        0.2,
        0.4,
        0.9,
        1.0
      ],
      "transformId": 50
    },
    "105": {
      "layerId": 10,
      "name": "barsCyan",
      "pipeline": "instancedRect@1",
      "geometryId": 104,
      "color": [
        0.2,
        0.8,
        0.9,
        1.0
      ],
      "transformId": 50
    }
  }
}
