{
  "version": 1,
  "viewport": {
    "width": 960,
    "height": 640
  },
  "buffers": {
    "100": {
      "data": [
        0,
        0.0,
        1,
        0.0,
        1,
        0.46342,
        0,
        0.0,
        1,
        0.46342,
        0,
        0.61645,
        1,
        0.0,
        2,
        0.0,
        2,
        0.945,
        1,
        0.0,
        2,
        0.945,
        1,
        0.46342,
        2,
        0.0,
        3,
        0.0,
        3,
        0.54404,
        2,
        0.0,
        3,
        0.54404,
        2,
        0.945,
        3,
        0.0,
        4,
        0.0,
        4,
        0.49884,
        3,
        0.0,
        4,
        0.49884,
        3,
        0.54404,
        4,
        0.0,
        5,
        0.0,
        5,
        0.84922,
        4,
        0.0,
        5,
        0.84922,
        4,
        0.49884,
        5,
        0.0,
        6,
        0.0,
        6,
        0.48692,
        5,
        0.0,
        6,
        0.48692,
        5,
        0.84922,
        6,
        0.0,
        7,
        0.0,
        7,
        0.73991,
        6,
        0.0,
        7,
        0.73991,
        6,
        0.48692,
        7,
        0.0,
        8,
        0.0,
        8,
        0.6242,
        7,
        0.0,
        8,
        0.6242,
        7,
        0.73991,
        8,
        0.0,
        9,
        0.0,
        9,
        0.95394,
        8,
        0.0,
        9,
        0.95394,
        8,
        0.6242,
        9,
        0.0,
        10,
        0.0,
        10,
        0.36535,
        9,
        0.0,
        10,
        0.36535,
        9,
        0.95394,
        10,
        0.0,
        11,
        0.0,
        11,
        0.44929,
        10,
        0.0,
        11,
        0.44929,
        10,
        0.36535,
        11,
        0.0,
        12,
        0.0,
        12,
        0.83153,
        11,
        0.0,
        12,
        0.83153,
        11,
        0.44929,
        12,
        0.0,
        13,
        0.0,
        13,
        0.32009,
        12,
        0.0,
        13,
        0.32009,
        12,
        0.83153,
        13,
        0.0,
        14,
        0.0,
        14,
        0.78511,
        13,
        0.0,
        14,
        0.78511,
        13,
        0.32009,
        14,
        0.0,
        15,
        0.0,
        15,
        0.36863,
        14,
        0.0,
        15,
        0.36863,
        14,
        0.78511,
        15,
        0.0,
        16,
        0.0,
        16,
        0.69931,
        15,
        0.0,
        16,
        0.69931,
        15,
        0.36863,
        16,
        0.0,
        17,
        0.0,
        17,
        0.80824,
        16,
        0.0,
        17,
        0.80824,
        16,
        0.69931,
        17,
        0.0,
        18,
        0.0,
        18,
        0.41187,
        17,
        0.0,
        18,
        0.41187,
        17,
        0.80824,
        18,
        0.0,
        19,
        0.0,
        19,
        0.45751,
        18,
        0.0,
        19,
        0.45751,
        18,
        0.41187
      ]
    },
    "103": {
      "data": [
        0,
        0.61645,
        1,
        0.46342,
        1,
        1.32559,
        0,
        0.61645,
        1,
        1.32559,
        0,
        1.37996,
        1,
        0.46342,
        2,
        0.945,
        2,
        1.77612,
        1,
        0.46342,
        2,
        1.77612,
        1,
        1.32559,
        2,
        0.945,
        3,
        0.54404,
        3,
        1.00833,
        2,
        0.945,
        3,
        1.00833,
        2,
        1.77612,
        3,
        0.54404,
        4,
        0.49884,
        4,
        1.11914,
        3,
        0.54404,
        4,
        1.11914,
        3,
        1.00833,
        4,
        0.49884,
        5,
        0.84922,
        5,
        1.23996,
        4,
        0.49884,
        5,
        1.23996,
        4,
        1.11914,
        5,
        0.84922,
        6,
        0.48692,
        6,
        1.15953,
        5,
        0.84922,
        6,
        1.15953,
        5,
        1.23996,
        6,
        0.48692,
        7,
        0.73991,
        7,
        1.49165,
        6,
        0.48692,
        7,
        1.49165,
        6,
        1.15953,
        7,
        0.73991,
        8,
        0.6242,
        8,
        1.39924,
        7,
        0.73991,
        8,
        1.39924,
        7,
        1.49165,
        8,
        0.6242,
        9,
        0.95394,
        9,
        1.36948,
        8,
        0.6242,
        9,
        1.36948,
        8,
        1.39924,
        9,
        0.95394,
        10,
        0.36535,
        10,
        0.93115,
        9,
        0.95394,
        10,
        0.93115,
        9,
        1.36948,
        10,
        0.36535,
        11,
        0.44929,
        11,
        1.28838,
        10,
        0.36535,
        11,
        1.28838,
        10,
        0.93115,
        11,
        0.44929,
        12,
        0.83153,
        12,
        1.77546,
        11,
        0.44929,
        12,
        1.77546,
        11,
        1.28838,
        12,
        0.83153,
        13,
        0.32009,
        13,
        0.95474,
        12,
        0.83153,
        13,
        0.95474,
        12,
        1.77546,
        13,
        0.32009,
        14,
        0.78511,
        14,
        1.69023,
        13,
        0.32009,
        14,
        1.69023,
        13,
        0.95474,
        14,
        0.78511,
        15,
        0.36863,
        15,
        1.01244,
        14,
        0.78511,
        15,
        1.01244,
        14,
        1.69023,
        15,
        0.36863,
        16,
        0.69931,
        16,
        1.30466,
        15,
        0.36863,
        16,
        1.30466,
        15,
        1.01244,
        16,
        0.69931,
        17,
        0.80824,
        17,
        1.52977,
        16,
        0.69931,
        17,
        1.52977,
        16,
        1.30466,
        17,
        0.80824,
        18,
        0.41187,
        18,
        0.97023,
        17,
        0.80824,
        18,
        0.97023,
        17,
        1.52977,
        18,
        0.41187,
        19,
        0.45751,
        19,
        0.93392,
        18,
        0.41187,
        19,
        0.93392,
        18,
        0.97023
      ]
    },