{
  "version": 1,
  "viewport": {
    "width": 960,
    "height": 640
  },
  "buffers": {
    "100": {
      "data": [
        0,
        100.0,
        102.58627,
        99.39613,
        102.58364,
        0.35,
        1,
        103.10408,
        104.84201,
        102.91987,
        103.80322,
        0.35,
        2,
        104.70851,
        104.85337,
        100.86815,
        102.11764,
        0.35,
        3,
        101.27732,
        103.11636,
        97.7021,
        99.66028,
        0.35,
        4,
        98.43183,
        100.33483,
        97.28272,
        99.04777,
        0.35,
        5,
        99.06252,
        99.8273,
        96.83942,
        98.41615,
        0.35,
        6,
        97.33599,
        99.06859,
        95.65277,
        98.41813,
        0.35,
        7,
        97.79015,
        99.18791,
        94.2085,
        94.79417,
        0.35,
        8,
        95.30948,
        96.96125,
        89.17807,
        90.43496,
        0.35,
        9,
        90.07359,
        90.60151,
        88.06026,
        89.42016,
        0.35,
        10,
        89.51741,
        90.15982,
        85.36445,
        87.00022,
        0.35,
        11,
        87.79094,
        89.49416,
        87.07382,
        87.52751,
        0.35,
        12,
        87.34973,
        87.89566,
        85.71712,
        87.28747,
        0.35,
        13,
        86.45702,
        88.41634,
        85.20792,
        87.33678,
        0.35,
        14,
        87.75521,
        88.04769,
        84.35943,
        85.7694,
        0.35,
        15,
        85.57229,
        87.17017,
        84.61159,
        85.74184,
        0.35,
        16,
        84.82574,
        87.05626,
        84.53709,
        86.6896,
        0.35,
        17,
        87.25131,
        88.29919,
        86.42707,
        86.89275,
        0.35,
        18,
        86.51497,
        87.72498,
        85.94531,
        87.50959,
        0.35,
        19,
        87.77192,
        89.0477,
        85.91146,
        87.89507,
        0.35,
        20,
        87.86892,
        91.0995,
        87.86857,
        89.59653,
        0.35,
        21,
        89.21655,
        89.34009,
        86.50551,
        88.05947,
        0.35,
        22,
        88.24972,
        88.46846,
        84.74396,
        85.79518,
        0.35,
        23,
        85.81723,
        86.60693,
        80.86277,
        82.28356,
        0.35,
        24,
        82.10894,
        82.61695,
        80.82784,
        81.25034,
        0.35,
        25,
        81.39514,
        82.62925,
        79.70729,
        80.74817,
        0.35,
        26,
        81.09266,
        81.53448,
        78.91471,
        79.9525,
        0.35,
        27,
        80.0488,
        82.10561,
        78.97161,
        80.30228,
        0.35,
        28,
        80.1091,
        82.65593,
        79.94645,
        82.50582,
        0.35,
        29,
        81.95087,
        83.82164,
        79.11349,
        81.10929,
        0.35,
        30,
        79.83063,
        84.18124,
        78.44631,
        82.77985,
        0.35,
        31,
        83.37274,
        86.32454,
        81.74017,
        84.71597,
        0.35,
        32,
        83.92869,
        84.0209,
        78.55577,
        79.4953,
        0.35,
        33,
        79.43498,
        81.71638,
        77.79317,
        80.24815,
        0.35,
        34,
        80.07503,
        80.18439,
        76.8804,
        77.04245,
        0.35,
        35,
        77.0765,
        77.74947,
        71.93657,
        73.34644,
        0.35,
        36,
        72.62123,
        74.91265,
        72.53944,
        74.45945,
        0.35,
        37,
        74.2843,
        76.06705,
        73.56093,
        74.1098,
        0.35,
        38,
        74.27533,
        76.01953,
        71.68245,
        71.96108,
        0.35,
        39,
        71.68762,
        72.21287,
        68.99536,
        69.50767,
        0.35,
        40,
        69.22832,
        69.61561,
        66.48653,
        66.9579,
        0.35,
        41,
        66.60958,
        68.39851,
        62.04072,
        63.65414,
        0.35,
        42,
        63.68836,
        63.83405,
        59.69931,
        61.38782,
        0.35,
        43,
        61.36505,
        62.33098,
        58.58485,
        59.87096,
        0.35,
        44,
        60.65443,
        63.36849,
        59.60998,
        62.18592,
        0.35,
        45,
        61.59155,
        63.66399,
        61.54765,
        63.11899,
        0.35,
        46,
        63.84212,
        64.61162,
        63.01131,
        64.26756,
        0.35,
        47,
        64.33251,
        64.99969,
        62.14961,
        63.47966,
        0.35,
        48,
        64.07723,
        66.88217,
        62.71774,
        65.56708,
        0.35,
        49,
        66.33923,
        67.07642,
        64.33845,
        65.29215,
        0.35,
        50,
        65.29778,
        66.52317,
        63.18359,
        63.91326,
        0.35,
        51,
        64.38902,
        65.13011,
        60.22702,
        60.4518,
        0.35,
        52,
        60.08298,
        60.50919,
        55.16743,
        56.81309,
        0.35,
        53,
        57.20209,
        62.15154,
        55.82801,
        61.16348,
        0.35,
        54,
        60.93717,
        61.99193,
        56.83142,
        58.54533,
        0.35,
        55,
        59.37343,
        62.0497,
        58.56873,
        60.6212,
        0.35,
        56,
        60.71263,
        62.39345,
        58.38321,
        60.33192,
        0.35,
        57,
        59.79284,
        60.47289,
        58.43635,
        58.7715,
        0.35,
        58,
        58.92116,
        61.86845,
        58.89713,
        60.19764,
        0.35,
        59,
        59.89308,
        61.13593,
        56.03138,
        56.89063,
        0.35,
        60,
        57.9787,
        59.30141,
        55.861,
        57.1229,
        0.35,
        61,
        57.19312,
        58.93223,
        56.78692,
        56.93424,
        0.35,
        62,
        56.79483,
        57.50181,
        55.10907,
        56.41366,
        0.35,
        63,
        56.86213,
        59.76578,
        56.7151,
        58.8318,
        0.35,
        64,
        59.00469,
        60.08981,
        57.31957,
        58.39922,
        0.35,
        65,
        58.70078,
        60.03708,
        57.85248,
        58.24943,
        0.35,
        66,
        58.84492,
        64.70223,
        57.90106,
        62.76366,
        0.35,
        67,
        62.52745,
        64.08178,
        60.39934,
        62.1341,
        0.35,
        68,
        60.96001,
        65.47576,
        60.5203,
        64.01333,
        0.35,
        69,
        63.52517,
        65.08795,
        62.17408,
        62.63029,
        0.35,
        70,
        62.6296,
        66.22132,
        61.47492,
        64.62538,
        0.35,
        71,
        64.90116,
        68.93229,
        64.83911,
        67.6101,
        0.35,
        72,
        67.52899,
        68.98743,
        66.57857,
        66.88552,
        0.35,
        73,
        66.05618,
        69.84419,
        64.55312,
        69.6376,
        0.35,
        74,
        69.67832,
        71.19386,
        67.10758,
        69.06118,
        0.35,
        75,
        69.23319,
        73.47816,
        68.99361,
        71.77634,
        0.35,
        76,
        70.80324,
        72.36742,
        68.9255,
        72.06037,
        0.35,
        77,
        71.59335,
        73.30499,
        70.33324,
        71.47319,
        0.35,
        78,
        71.68922,
        72.72409,
        68.25844,
        68.35873,
        0.35,
        79,
        68.6437,
        69.60355,
        65.92667,
        67.79441,
        0.35,
        80,
        68.02053,
        69.46289,
        67.59724,
