{
  "version": 1,
  "viewport": {
    "width": 960,
    "height": 640
  },
  "buffers": {
    "100": {
      "data": [
        0.03256,
        -0.17012,
        -0.02798,
        0.25969,
        0.18835,
        0.35275,
        -0.15358,
        0.2863,
        -0.11683,
        -0.08146,
        -0.03489,
        0.13117,
        0.12082,
        -0.32641,
        0.05799,
        0.06222,
        -0.21761,
        -0.28033,
        0.37019,
        -0.02721,
        0.00126,
        -0.13896,
        0.00222,
        -0.84051,
        0.21961,
        0.00601,
        0.37532,
        0.08211,
        0.01302,
        -0.77875,
        0.16863,
        -0.19313,
        -0.00902,
        0.61792,
        0.06158,
        0.56881,
        0.35107,
        0.13946,
        -0.0254,
        -0.58523,
        0.13434,
        0.33757,
        0.37041,
        -0.00479,
        0.00221,
        -0.51816,
        0.04138,
        -0.00718,
        0.31132,
        0.09969,
        -0.20568,
        0.09662,
        -0.2799,
        -0.13755,
        -0.11527,
        0.28054,
        0.01389,
        -0.08133,
        -0.13712,
        0.33636,
        -0.24861,
        0.2044,
        -0.03979,
        -0.29307,
        0.10909,
        -0.11406,
        0.21879,
        0.01771,
        -0.00594,
        -0.10394,
        0.01751,
        0.42817,
        -0.18336,
        0.2827,
        -0.15097,
        -0.30872,
        -0.37918,
        0.02661,
        -0.26644,
        -0.13596,
        -0.34531,
        -0.14834,
        0.01946,
        -0.53529,
        0.15341,
        -0.24163,
        0.18251,
        -0.18723,
        -0.25775,
        0.20436,
        -0.13056,
        0.30093,
        0.01574,
        -0.17819,
        -0.22524,
        -0.15238,
        0.04027,
        0.25591,
        0.22988,
        0.15249,
        -0.20605,
        -0.32487,
        0.05971,
        0.04861,
        0.10121,
        -0.49007,
        -0.26844,
        -0.13609,
        0.10817,
        -0.43115,
        0.02163,
        -0.4348,
        0.19378,
        0.29064,
        0.00452,
        0.0584,
        0.13021,
        0.37099,
        -0.2732,
        -0.07743,
        0.38932,
        -0.00905,
        -0.19478,
        -0.03096,
        0.10024,
        -0.00618,
        -0.3187,
        0.13754,
        0.07355,
        -0.36862,
        0.31757,
        0.06335,
        0.10977,
        -0.12396,
        0.19024,
        0.36191,
        0.01545,
        -0.21553,
        0.08207,
        0.0184,
        0.14644,
        -0.36674,
        0.03631,
        -0.54138,
        0.13484,
        -0.05532,
        0.21046,
        0.21927,
        0.24039,
        -0.04309,
        0.31378,
        0.02066,
        0.12684,
        0.38256,
        -0.07215,
        0.32606,
        -0.01211,
        -0.28095,
        -0.18939,
        -0.26834,
        0.14846,
        0.21724,
        -0.03376,
        -0.63248,
        0.22323,
        -0.19573,
        -0.05128,
        -0.34519,
        -0.16516,
        0.31127,
        0.10598,
        -0.35814,
        -0.22372,
        -0.02503,
        -0.1487,
        0.26545,
        -0.06636,
        0.15465,
        0.11184,
        -0.09438,
        0.05419,
        -0.10288,
        -0.05299,
        0.5364,
        -0.02217,
        -0.31452,
        -0.10128,
        0.41492,
        -0.1104,
        -0.25276,
        -0.05397,
        -0.18454,
        -0.10175,
        0.45887,
        -0.00034,
        0.00497,
        -0.03977,
        -0.35483,
        0.04955,
        0.50979
      ]
    }
  },
  "transforms": {},
  "panes": {
    "1": {
      "name": "Main",
      "region": {
        "clipYMin": -0.95,
        "clipYMax": 0.95,
        "clipXMin": -0.95,
        "clipXMax": 0.95
      },
      "hasClearColor": true,
      "clearColor": [
        0.06,
        0.09,
        0.16,
        1.0
      ]
    }
  },
  "layers": {
    "10": {
      "paneId": 1,
      "name": "beeswarm"
    }
  },
  "geometries": {
    "101": {
      "vertexBufferId": 100,
      "format": "pos2_clip",
      "vertexCount": 100
    }
  },
  "drawItems": {
    "102": {
      "layerId": 10,
      "name": "swarm",
      "pipeline": "points@1",
      "geometryId": 101,
      "color": [
        0.4,
        0.7,
        1.0,
        1.0
      ],
      "pointSize": 4.0
    }
  }
}
