{
  "version": 1,
  "viewport": {
    "width": 960,
    "height": 640
  },
  "buffers": {
    "100": {
      "data": [
        -0.8,
        0.1,
        -0.72,
        0.1,
        -0.72,
        0.15714,
        -0.8,
        0.1,
        -0.72,
        0.15714,
        -0.8,
        0.15714,
        -0.72,
        0.1,
        -0.64,
        0.1,
        -0.64,
        0.21429,
        -0.72,
        0.1,
        -0.64,
        0.21429,
        -0.72,
        0.21429,
        -0.64,
        0.1,
        -0.56,
        0.1,
        -0.56,
        0.1,
        -0.64,
        0.1,
        -0.56,
        0.1,
        -0.64,
        0.1,
        -0.56,
        0.1,
        -0.48,
        0.1,
        -0.48,
        0.1,
        -0.56,
        0.1,
        -0.48,
        0.1,
        -0.56,
        0.1,
        -0.48,
        0.1,
        -0.4,
        0.1,
        -0.4,
        0.15714,
        -0.48,
        0.1,
        -0.4,
        0.15714,
        -0.48,
        0.15714,
        -0.4,
        0.1,
        -0.32,
        0.1,
        -0.32,
        0.21429,
        -0.4,
        0.1,
        -0.32,
        0.21429,
        -0.4,
        0.21429,
        -0.32,
        0.1,
        -0.24,
        0.1,
        -0.24,
        0.21429,
        -0.32,
        0.1,
        -0.24,
        0.21429,
        -0.32,
        0.21429,
        -0.24,
        0.1,
        -0.16,
        0.1,
        -0.16,
        0.15714,
        -0.24,
        0.1,
        -0.16,
        0.15714,
        -0.24,
        0.15714,
        -0.16,
        0.1,
        -0.08,
        0.1,
        -0.08,
        0.5,
        -0.16,
        0.1,
        -0.08,
        0.5,
        -0.16,
        0.5,
        -0.08,
        0.1,
        0.0,
        0.1,
        0.0,
        0.15714,
        -0.08,
        0.1,
        0.0,
        0.15714,
        -0.08,
        0.15714,
        0.0,
        0.1,
        0.08,
        0.1,
        0.08,
        0.38571,
        0.0,
        0.1,
        0.08,
        0.38571,
        0.0,
        0.38571,
        0.08,
        0.1,
        0.16,
        0.1,
        0.16,
        0.27143,
        0.08,
        0.1,
        0.16,
        0.27143,
        0.08,
        0.27143,
        0.16,
        0.1,
        0.24,
        0.1,
        0.24,
        0.21429,
        0.16,
        0.1,
        0.24,
        0.21429,
        0.16,
        0.21429,
        0.24,
        0.1,
        0.32,
        0.1,
        0.32,
        0.21429,
        0.24,
        0.1,
        0.32,
        0.21429,
        0.24,
        0.21429,
        0.32,
        0.1,
        0.4,
        0.1,
        0.4,
        0.21429,
        0.32,
        0.1,
        0.4,
        0.21429,
        0.32,
        0.21429,
        0.4,
        0.1,
        0.48,
        0.1,
        0.48,
        0.32857,
        0.4,
        0.1,
        0.48,
        0.32857,
        0.4,
        0.32857,
        0.48,
        0.1,
        0.56,
        0.1,
        0.56,
        0.15714,
        0.48,
        0.1,
        0.56,
        0.15714,
        0.48,
        0.15714,
        0.56,
        0.1,
        0.64,
        0.1,
        0.64,
        0.15714,
        0.56,
        0.1,
        0.64,
        0.15714,
        0.56,
        0.15714,
        0.64,
        0.1,
        0.72,
        0.1,
        0.72,
        0.21429,
        0.64,
        0.1,
        0.72,
        0.21429,
        0.64,
        0.21429,
        0.72,
        0.1,
        0.8,
        0.1,
        0.8,
        0.1,
        0.72,
        0.1,
        0.8,
        0.1,
        0.72,
        0.1
      ]
    },
    "103": {
      "data": [
        -0.14975,
        -0.15,
        0.37815,
        0.05
      ]
    },
    "106": {
      "data": [
        0.05278,
        -0.15,
        0.05278,
        0.05
      ]
    },
    "109": {
      "data": [
        -0.8,
        -0.34655,
        -0.71041,
        -0.42922,
        -0.69182,
        -0.39242,
        -0.43214,
        -0.36595,
        -0.38118,
        -0.28479,
        -0.34,
        -0.30817,
        -0.30704,
        -0.28301,
        -0.26792,
        -0.41748,
        -0.1752,
        -0.26224,
        -0.15401,
        -0.39729,
        -0.14975,
        -0.33602,
        -0.13105,
        -0.25894,
        -0.11217,
        -0.30125,
        -0.11143,
        -0.35629,
        -0.09932,
        -0.43876,
        -0.08568,
        -0.28025,
        -0.02923,
        -0.30753,
        0.00477,
        -0.36521,
        0.01794,
        -0.2821,
        0.04758,
        -0.33261,
        0.05278,
        -0.4051,
        0.075,
        -0.37602,
        0.10495,
        -0.42715,
        0.14268,
        -0.4417,
        0.15217,
        -0.33579,
        0.16184,
        -0.43251,
        0.18631,
        -0.32688,
        0.25506,
        -0.43968,
        0.29149,
        -0.44693,
        0.35452,
        -0.36858,
        0.37815,
        -0.3634,
        0.40725,
        -0.36686,
        0.41929,
        -0.37344,
        0.42831,
        -0.29826,
        0.4284,
        -0.39827,
        0.55966,
        -0.3453,
        0.58895,
        -0.38607,
        0.67763,
        -0.27406,
        0.6949,
        -0.30802,
        0.8,
        -0.42246
      ]
    }
  },
  "transforms": {},
  "panes": {
    "1": {
      "name": "Main",
      "region": {
        "clipYMin": -0.95,
        "clipYMax": 0.95,
        "clipXMin": -0.95,
        "clipXMax": 0.95
      },
      "hasClearColor": true,
      "clearColor": [
        0.06,
        0.09,
        0.16,
        1.0
      ]
    }
  },
  "layers": {
    "10": {
      "paneId": 1,
      "name": "violin"
    },
    "11": {
      "paneId": 1,
      "name": "box"
    },
    "12": {
      "paneId": 1,
      "name": "points"
    }
  },
  "geometries": {
    "101": {
      "vertexBufferId": 100,
      "format": "pos2_clip",
      "vertexCount": 120
    },
    "104": {
      "vertexBufferId": 103,
      "format": "rect4",
      "vertexCount": 1
    },
    "107": {
      "vertexBufferId": 106,
      "format": "rect4",
      "vertexCount": 1
    },
    "110": {
      "vertexBufferId": 109,
      "format": "pos2_clip",
      "vertexCount": 40
    }
  },
  "drawItems": {
    "102": {
      "layerId": 10,
      "name": "violin",
      "pipeline": "triSolid@1",
      "geometryId": 101,
      "color": [
        0.5,
        0.3,
        0.8,
        0.6
      ]
    },
    "105": {
      "layerId": 11,
      "name": "box",
      "pipeline": "instancedRect@1",
      "geometryId": 104,
      "color": [
        0.3,
        0.3,
        0.7,
        0.8
      ]
    },
    "108": {
      "layerId": 11,
      "name": "median",
      "pipeline": "lineAA@1",
      "geometryId": 107,
      "color": [
        1.0,
        1.0,
        1.0,
        1.0
      ],
      "lineWidth": 2.0
    },
    "111": {
      "layerId": 12,
      "name": "points",
      "pipeline": "points@1",
      "geometryId": 110,
      "color": [
        0.8,
        0.5,
        1.0,
        1.0
      ],
      "pointSize": 3.0
    }
  }
}
