{
  "version": 1,
  "viewport": {
    "width": 960,
    "height": 640
  },
  "buffers": {
    "100": {
      "data": [
        -0.89,
        -0.89,
        0.865,
        0.235,
        0.235,
        1.0,
        -0.41717,
        -0.89,
        0.865,
        0.235,
        0.235,
        1.0,
        -0.41717,
        -0.46475,
        0.865,
        0.235,
        0.235,
        1.0,
        -0.89,
        -0.89,
        0.865,
        0.235,
        0.235,
        1.0,
        -0.41717,
        -0.46475,
        0.865,
        0.235,
        0.235,
        1.0,
        -0.89,
        -0.46475,
        0.865,
        0.235,
        0.235,
        1.0,
        -0.39717,
        -0.89,
        0.865,
        0.55,
        0.235,
        1.0,
        0.0988,
        -0.89,
        0.865,
        0.55,
        0.235,
        1.0,
        0.0988,
        -0.46475,
        0.865,
        0.55,
        0.235,
        1.0,
        -0.39717,
        -0.89,
        0.865,
        0.55,
        0.235,
        1.0,
        0.0988,
        -0.46475,
        0.865,
        0.55,
        0.235,
        1.0,
        -0.39717,
        -0.46475,
        0.865,
        0.55,
        0.235,
        1.0,
        0.1188,
        -0.89,
        0.865,
        0.865,
        0.235,
        1.0,
        0.34224,
        -0.89,
        0.865,
        0.865,
        0.235,
        1.0,
        0.34224,
        -0.46475,
        0.865,
        0.865,
        0.235,
        1.0,
        0.1188,
        -0.89,
        0.865,
        0.865,
        0.235,
        1.0,
        0.34224,
        -0.46475,
        0.865,
        0.865,
        0.235,
        1.0,
        0.1188,
        -0.46475,
        0.865,
        0.865,
        0.235,
        1.0,
        0.36224,
        -0.89,
        0.55,
        0.865,
        0.235,
        1.0,
        0.89,
        -0.89,
        0.55,
        0.865,
        0.235,
        1.0,
        0.89,
        -0.46475,
        0.55,
        0.865,
        0.235,
        1.0,
        0.36224,
        -0.89,
        0.55,
        0.865,
        0.235,
        1.0,
        0.89,
        -0.46475,
        0.55,
        0.865,
        0.235,
        1.0,
        0.36224,
        -0.46475,
        0.55,
        0.865,
        0.235,
        1.0,
        -0.89,
        -0.44475,
        0.235,
        0.865,
        0.235,
        1.0,
        -0.41717,
        -0.44475,
        0.235,
        0.865,
        0.235,
        1.0,
        -0.41717,
        0.32824,
        0.235,
        0.865,
        0.235,
        1.0,
        -0.89,
        -0.44475,
        0.235,
        0.865,
        0.235,
        1.0,
        -0.41717,
        0.32824,
        0.235,
        0.865,
        0.235,
        1.0,
        -0.89,
        0.32824,
        0.235,
        0.865,
        0.235,
        1.0,
        -0.39717,
        -0.44475,
        0.235,
        0.865,
        0.55,
        1.0,
        0.0988,
        -0.44475,
        0.235,
        0.865,
        0.55,
        1.0,
        0.0988,
        0.32824,
        0.235,
        0.865,
        0.55,
        1.0,
        -0.39717,
        -0.44475,
        0.235,
        0.865,
        0.55,
        1.0,
        0.0988,
        0.32824,
        0.235,
        0.865,
        0.55,
        1.0,
        -0.39717,
        0.32824,
        0.235,
        0.865,
        0.55,
        1.0,
        0.1188,
        -0.44475,
        0.235,
        0.865,
        0.865,
        1.0,
        0.34224,
        -0.44475,
        0.235,
        0.865,
        0.865,
        1.0,
        0.34224,
        0.32824,
        0.235,
        0.865,
        0.865,
        1.0,
        0.1188,
        -0.44475,
        0.235,
        0.865,
        0.865,
        1.0,
        0.34224,
        0.32824,
        0.235,
        0.865,
        0.865,
        1.0,
        0.1188,
        0.32824,
        0.235,
        0.865,
        0.865,
        1.0,
        0.36224,
        -0.44475,
        0.235,
        0.55,
        0.865,
        1.0,
        0.89,
        -0.44475,
        0.235,
        0.55,
        0.865,
        1.0,
        0.89,
        0.32824,
        0.235,
        0.55,
        0.865,
        1.0,
        0.36224,
        -0.44475,
        0.235,
        0.55,
        0.865,
        1.0,
        0.89,
        0.32824,
        0.235,
        0.55,
        0.865,
        1.0,
        0.36224,
        0.32824,
        0.235,
        0.55,
        0.865,
        1.0,
        -0.89,
        0.34824,
        0.235,
        0.235,
        0.865,
        1.0,
        -0.41717,
        0.34824,
        0.235,
        0.235,
        0.865,
        1.0,
        -0.41717,
        0.89,
        0.235,
        0.235,
        0.865,
        1.0,
        -0.89,
        0.34824,
        0.235,
        0.235,
        0.865,
        1.0,
        -0.41717,
        0.89,
        0.235,
        0.235,
        0.865,
        1.0,
        -0.89,
        0.89,
        0.235,
        0.235,
        0.865,
        1.0,
        -0.39717,
        0.34824,
        0.55,
        0.235,
        0.865,
        1.0,
        0.0988,
        0.34824,
        0.55,
        0.235,
        0.865,
        1.0,
        0.0988,
        0.89,
        0.55,
        0.235,
        0.865,
        1.0,
        -0.39717,
        0.34824,
        0.55,
        0.235,
        0.865,
        1.0,
        0.0988,
        0.89,
        0.55,
        0.235,
        0.865,
        1.0,
        -0.39717,
        0.89,
        0.55,
        0.235,
        0.865,
        1.0,
        0.1188,
        0.34824,
        0.865,
        0.235,
        0.865,
        1.0,
        0.34224,
        0.34824,
        0.865,
        0.235,
        0.865,
        1.0,
        0.34224,
        0.89,
        0.865,
        0.235,
        0.865,
        1.0,
        0.1188,
        0.34824,
        0.865,
        0.235,
        0.865,
        1.0,
        0.34224,
        0.89,
        0.865,
        0.235,
        0.865,
        1.0,
        0.1188,
        0.89,
        0.865,
        0.235,
        0.865,
        1.0,
        0.36224,
        0.34824,
        0.865,
        0.235,
        0.55,
        1.0,
        0.89,
        0.34824,
        0.865,
        0.235,
        0.55,
        1.0,
        0.89,
        0.89,
        0.865,
        0.235,
        0.55,
        1.0,
        0.36224,
        0.34824,
        0.865,
        0.235,
        0.55,
        1.0,
        0.89,
        0.89,
        0.865,
        0.235,
        0.55,
        1.0,
        0.36224,
        0.89,
        0.865,
        0.235,
        0.55,
        1.0
      ]
    }
  },
  "transforms": {},
  "panes": {
    "1": {
      "name": "Main",
      "region": {
        "clipYMin": -0.95,
        "clipYMax": 0.95,
        "clipXMin": -0.95,
        "clipXMax": 0.95
      },
      "hasClearColor": true,
      "clearColor": [
        0.06,
        0.09,
        0.16,
        1.0
      ]
    }
  },
  "layers": {
    "10": {
      "paneId": 1,
      "name": "mosaic"
    }
  },
  "geometries": {
    "101": {
      "vertexBufferId": 100,
      "format": "pos2_color4",
      "vertexCount": 72
    }
  },
  "drawItems": {
    "102": {
      "layerId": 10,
      "name": "mosaic",
      "pipeline": "triGradient@1",
      "geometryId": 101,
      "color": [
        1,
        1,
        1,
        1.0
      ]
    }
  }
}
