{
  "version": 1,
  "viewport": {
    "width": 960,
    "height": 640
  },
  "buffers": {
    "100": {
      "data": [
        -0.85,
        -0.85,
        0.3,
        0.6,
        0.9,
        1.0,
        -0.262,
        -0.85,
        0.3,
        0.6,
        0.9,
        1.0,
        -0.262,
        -0.55,
        0.3,
        0.6,
        0.9,
        1.0,
        -0.85,
        -0.85,
        0.3,
        0.6,
        0.9,
        1.0,
        -0.262,
        -0.55,
        0.3,
        0.6,
        0.9,
        1.0,
        -0.85,
        -0.55,
        0.3,
        0.6,
        0.9,
        1.0,
        -0.262,
        -0.85,
        0.9,
        0.4,
        0.2,
        1.0,
        0.53496,
        -0.85,
        0.9,
        0.4,
        0.2,
        1.0,
        0.53496,
        -0.55,
        0.9,
        0.4,
        0.2,
        1.0,
        -0.262,
        -0.85,
        0.9,
        0.4,
        0.2,
        1.0,
        0.53496,
        -0.55,
        0.9,
        0.4,
        0.2,
        1.0,
        -0.262,
        -0.55,
        0.9,
        0.4,
        0.2,
        1.0,
        0.53496,
        -0.85,
        0.3,
        0.8,
        0.4,
        1.0,
        0.85,
        -0.85,
        0.3,
        0.8,
        0.4,
        1.0,
        0.85,
        -0.55,
        0.3,
        0.8,
        0.4,
        1.0,
        0.53496,
        -0.85,
        0.3,
        0.8,
        0.4,
        1.0,
        0.85,
        -0.55,
        0.3,
        0.8,
        0.4,
        1.0,
        0.53496,
        -0.55,
        0.3,
        0.8,
        0.4,
        1.0,
        -0.85,
        -0.5,
        0.3,
        0.6,
        0.9,
        1.0,
        -0.39587,
        -0.5,
        0.3,
        0.6,
        0.9,
        1.0,
        -0.39587,
        -0.2,
        0.3,
        0.6,
        0.9,
        1.0,
        -0.85,
        -0.5,
        0.3,
        0.6,
        0.9,
        1.0,
        -0.39587,
        -0.2,
        0.3,
        0.6,
        0.9,
        1.0,
        -0.85,
        -0.2,
        0.3,
        0.6,
        0.9,
        1.0,
        -0.39587,
        -0.5,
        0.9,
        0.4,
        0.2,
        1.0,
        0.29096,
        -0.5,
        0.9,
        0.4,
        0.2,
        1.0,
        0.29096,
        -0.2,
        0.9,
        0.4,
        0.2,
        1.0,
        -0.39587,
        -0.5,
        0.9,
        0.4,
        0.2,
        1.0,
        0.29096,
        -0.2,
        0.9,
        0.4,
        0.2,
        1.0,
        -0.39587,
        -0.2,
        0.9,
        0.4,
        0.2,
        1.0,
        0.29096,
        -0.5,
        0.3,
        0.8,
        0.4,
        1.0,
        0.85,
        -0.5,
        0.3,
        0.8,
        0.4,
        1.0,
        0.85,
        -0.2,
        0.3,
        0.8,
        0.4,
        1.0,
        0.29096,
        -0.5,
        0.3,
        0.8,
        0.4,
        1.0,
        0.85,
        -0.2,
        0.3,
        0.8,
        0.4,
        1.0,
        0.29096,
        -0.2,
        0.3,
        0.8,
        0.4,
        1.0,
        -0.85,
        -0.15,
        0.3,
        0.6,
        0.9,
        1.0,
        -0.32754,
        -0.15,
        0.3,
        0.6,
        0.9,
        1.0,
        -0.32754,
        0.15,
        0.3,
        0.6,
        0.9,
        1.0,
        -0.85,
        -0.15,
        0.3,
        0.6,
        0.9,
        1.0,
        -0.32754,
        0.15,
        0.3,
        0.6,
        0.9,
        1.0,
        -0.85,
        0.15,
        0.3,
        0.6,
        0.9,
        1.0,
        -0.32754,
        -0.15,
        0.9,
        0.4,
        0.2,
        1.0,
        0.29802,
        -0.15,
        0.9,
        0.4,
        0.2,
        1.0,
        0.29802,
        0.15,
        0.9,
        0.4,
        0.2,
        1.0,
        -0.32754,
        -0.15,
        0.9,
        0.4,
        0.2,
        1.0,
        0.29802,
        0.15,
        0.9,
        0.4,
        0.2,
        1.0,
        -0.32754,
        0.15,
        0.9,
        0.4,
        0.2,
        1.0,
        0.29802,
        -0.15,
        0.3,
        0.8,
        0.4,
        1.0,
        0.85,
        -0.15,
        0.3,
        0.8,
        0.4,
        1.0,
        0.85,
        0.15,
        0.3,
        0.8,
        0.4,
        1.0,
        0.29802,
        -0.15,
        0.3,
        0.8,
        0.4,
        1.0,
        0.85,
        0.15,
        0.3,
        0.8,
        0.4,
        1.0,
        0.29802,
        0.15,
        0.3,
        0.8,
        0.4,
        1.0,
        -0.85,
        0.2,
        0.3,
        0.6,
        0.9,
        1.0,
        -0.38396,
        0.2,
        0.3,
        0.6,
        0.9,
        1.0,
        -0.38396,
        0.5,
        0.3,
        0.6,
        0.9,
        1.0,
        -0.85,
        0.2,
        0.3,
        0.6,
        0.9,
        1.0,
        -0.38396,
        0.5,
        0.3,
        0.6,
        0.9,
        1.0,
        -0.85,
        0.5,
        0.3,
        0.6,
        0.9,
        1.0,
        -0.38396,
        0.2,
        0.9,
        0.4,
        0.2,
        1.0,
        0.17523,
        0.2,
        0.9,
        0.4,
        0.2,
        1.0,
        0.17523,
        0.5,
        0.9,
        0.4,
        0.2,
        1.0,
        -0.38396,
        0.2,
        0.9,
        0.4,
        0.2,
        1.0,
        0.17523,
        0.5,
        0.9,
        0.4,
        0.2,
        1.0,
        -0.38396,
        0.5,
        0.9,
        0.4,
        0.2,
        1.0,
        0.17523,
        0.2,
        0.3,
        0.8,
        0.4,
        1.0,
        0.85,
        0.2,
        0.3,
        0.8,
        0.4,
        1.0,
        0.85,
        0.5,
        0.3,
        0.8,
        0.4,
        1.0,
        0.17523,
        0.2,
        0.3,
        0.8,
        0.4,
        1.0,
        0.85,
        0.5,
        0.3,
        0.8,
        0.4,
        1.0,
        0.17523,
        0.5,
        0.3,
        0.8,
        0.4,
        1.0,
        -0.85,
        0.55,
        0.3,
        0.6,
        0.9,
        1.0,
        -0.53437,
        0.55,
        0.3,
        0.6,
        0.9,
        1.0,
        -0.53437,
        0.85,
        0.3,
        0.6,
        0.9,
        1.0,
        -0.85,
        0.55,
        0.3,
        0.6,
        0.9,
        1.0,
        -0.53437,
        0.85,
        0.3,
        0.6,
        0.9,
        1.0,
        -0.85,
        0.85,
        0.3,
        0.6,
        0.9,
        1.0,
        -0.53437,
        0.55,
        0.9,
        0.4,
        0.2,
        1.0,
        0.21399,
        0.55,
        0.9,
        0.4,
        0.2,
        1.0,
        0.21399,
        0.85,
        0.9,
        0.4,
        0.2,
        1.0,
        -0.53437,
        0.55,
        0.9,
        0.4,
        0.2,
        1.0,
        0.21399,
        0.85,
        0.9,
        0.4,
        0.2,
        1.0,
        -0.53437,
        0.85,
        0.9,
        0.4,
        0.2,
        1.0,
        0.21399,
        0.55,
        0.3,
        0.8,
        0.4,
        1.0,
        0.85,
        0.55,
        0.3,
        0.8,
        0.4,
        1.0,
        0.85,
        0.85,
        0.3,
        0.8,
        0.4,
        1.0,
        0.21399,
        0.55,
        0.3,
        0.8,
        0.4,
        1.0,
        0.85,
        0.85,
        0.3,
        0.8,
        0.4,
        1.0,
        0.21399,
        0.85,
        0.3,
        0.8,
        0.4,
        1.0
      ]
    }
  },
  "transforms": {},
  "panes": {
    "1": {
      "name": "Main",
      "region": {
        "clipYMin": -0.95,
        "clipYMax": 0.95,
        "clipXMin": -0.95,
        "clipXMax": 0.95
      },
      "hasClearColor": true,
      "clearColor": [
        0.06,
        0.09,
        0.16,
        1.0
      ]
    }
  },
  "layers": {
    "10": {
      "paneId": 1,
      "name": "bars"
    }
  },