{
  "version": 1,
  "viewport": {
    "width": 960,
    "height": 640
  },
  "buffers": {
    "100": {
      "data": [
        -0.20657,
        -0.85,
        0.9,
        0.25,
        0.2,
        1.0,
        0.0,
        -0.85,
        0.9,
        0.25,
        0.2,
        1.0,
        0.0,
        -0.77,
        0.9,
        0.25,
        0.2,
        1.0,
        -0.20657,
        -0.85,
        0.9,
        0.25,
        0.2,
        1.0,
        0.0,
        -0.77,
        0.9,
        0.25,
        0.2,
        1.0,
        -0.20657,
        -0.77,
        0.9,
        0.25,
        0.2,
        1.0,
        0.0,
        -0.765,
        0.2,
        0.75,
        0.3,
        1.0,
        0.21093,
        -0.765,
        0.2,
        0.75,
        0.3,
        1.0,
        0.21093,
        -0.685,
        0.2,
        0.75,
        0.3,
        1.0,
        0.0,
        -0.765,
        0.2,
        0.75,
        0.3,
        1.0,
        0.21093,
        -0.685,
        0.2,
        0.75,
        0.3,
        1.0,
        0.0,
        -0.685,
        0.2,
        0.75,
        0.3,
        1.0,
        -0.82097,
        -0.68,
        0.9,
        0.25,
        0.2,
        1.0,
        0.0,
        -0.68,
        0.9,
        0.25,
        0.2,
        1.0,
        0.0,
        -0.6,
        0.9,
        0.25,
        0.2,
        1.0,
        -0.82097,
        -0.68,
        0.9,
        0.25,
        0.2,
        1.0,
        0.0,
        -0.6,
        0.9,
        0.25,
        0.2,
        1.0,
        -0.82097,
        -0.6,
        0.9,
        0.25,
        0.2,
        1.0,
        0.0,
        -0.595,
        0.2,
        0.75,
        0.3,
        1.0,
        0.17386,
        -0.595,
        0.2,
        0.75,
        0.3,
        1.0,
        0.17386,
        -0.515,
        0.2,
        0.75,
        0.3,
        1.0,
        0.0,
        -0.595,
        0.2,
        0.75,
        0.3,
        1.0,
        0.17386,
        -0.515,
        0.2,
        0.75,
        0.3,
        1.0,
        0.0,
        -0.515,
        0.2,
        0.75,
        0.3,
        1.0,
        -0.18595,
        -0.51,
        0.9,
        0.25,
        0.2,
        1.0,
        0.0,
        -0.51,
        0.9,
        0.25,
        0.2,
        1.0,
        0.0,
        -0.43,
        0.9,
        0.25,
        0.2,
        1.0,
        -0.18595,
        -0.51,
        0.9,
        0.25,
        0.2,
        1.0,
        0.0,
        -0.43,
        0.9,
        0.25,
        0.2,
        1.0,
        -0.18595,
        -0.43,
        0.9,
        0.25,
        0.2,
        1.0,
        0.0,
        -0.425,
        0.2,
        0.75,
        0.3,
        1.0,
        0.31863,
        -0.425,
        0.2,
        0.75,
        0.3,
        1.0,
        0.31863,
        -0.345,
        0.2,
        0.75,
        0.3,
        1.0,
        0.0,
        -0.425,
        0.2,
        0.75,
        0.3,
        1.0,
        0.31863,
        -0.345,
        0.2,
        0.75,
        0.3,
        1.0,
        0.0,
        -0.345,
        0.2,
        0.75,
        0.3,
        1.0,
        -0.14038,
        -0.34,
        0.9,
        0.25,
        0.2,
        1.0,
        0.0,
        -0.34,
        0.9,
        0.25,
        0.2,
        1.0,
        0.0,
        -0.26,
        0.9,
        0.25,
        0.2,
        1.0,
        -0.14038,
        -0.34,
        0.9,
        0.25,
        0.2,
        1.0,
        0.0,
        -0.26,
        0.9,
        0.25,
        0.2,
        1.0,
        -0.14038,
        -0.26,
        0.9,
        0.25,
        0.2,
        1.0,
        -0.30669,
        -0.255,
        0.9,
        0.25,
        0.2,
        1.0,
        0.0,
        -0.255,
        0.9,
        0.25,
        0.2,
        1.0,
        0.0,
        -0.175,
        0.9,
        0.25,
        0.2,
        1.0,
        -0.30669,
        -0.255,
        0.9,
        0.25,
        0.2,
        1.0,
        0.0,
        -0.175,
        0.9,
        0.25,
        0.2,
        1.0,
        -0.30669,
        -0.175,
        0.9,
        0.25,
        0.2,
        1.0,
        0.0,
        -0.17,
        0.2,
        0.75,
        0.3,
        1.0,
        0.12087,
        -0.17,
        0.2,
        0.75,
        0.3,
        1.0,
        0.12087,
        -0.09,
        0.2,
        0.75,
        0.3,
        1.0,
        0.0,
        -0.17,
        0.2,
        0.75,
        0.3,
        1.0,
        0.12087,
        -0.09,
        0.2,
        0.75,
        0.3,
        1.0,
        0.0,
        -0.09,
        0.2,
        0.75,
        0.3,
        1.0,
        -0.85,
        -0.085,
        0.9,
        0.25,
        0.2,
        1.0,
        0.0,
        -0.085,
        0.9,
        0.25,
        0.2,
        1.0,
        0.0,
        -0.005,
        0.9,
        0.25,
        0.2,
        1.0,
        -0.85,
        -0.085,
        0.9,
        0.25,
        0.2,
        1.0,
        0.0,
        -0.005,
        0.9,
        0.25,
        0.2,
        1.0,
        -0.85,
        -0.005,
        0.9,
        0.25,
        0.2,
        1.0,
        0.0,
        0.0,
        0.2,
        0.75,
        0.3,
        1.0,
        0.08545,
        0.0,
        0.2,
        0.75,
        0.3,
        1.0,
        0.08545,
        0.08,
        0.2,
        0.75,
        0.3,
        1.0,
        0.0,
        0.0,
        0.2,
        0.75,
        0.3,
        1.0,
        0.08545,
        0.08,
        0.2,
        0.75,
        0.3,
        1.0,
        0.0,
        0.08,
        0.2,
        0.75,
        0.3,
        1.0,
        0.0,
        0.085,
        0.2,
        0.75,
        0.3,
        1.0,
        0.19537,
        0.085,
        0.2,
        0.75,
        0.3,
        1.0,
        0.19537,
        0.165,
        0.2,
        0.75,
        0.3,
        1.0,
        0.0,
        0.085,
        0.2,
        0.75,
        0.3,
        1.0,
        0.19537,
        0.165,
        0.2,
        0.75,
        0.3,
        1.0,
        0.0,
        0.165,
        0.2,
        0.75,
        0.3,
        1.0,
        -0.58886,
        0.17,
        0.9,
        0.25,
        0.2,
        1.0,
        0.0,
        0.17,
        0.9,
        0.25,
        0.2,
        1.0,
        0.0,
        0.25,
        0.9,
        0.25,
        0.2,
        1.0,
        -0.58886,
        0.17,
        0.9,
        0.25,
        0.2,
        1.0,
        0.0,
        0.25,
        0.9,
        0.25,
        0.2,
        1.0,
        -0.58886,
        0.25,
        0.9,
        0.25,
        0.2,
        1.0,
        0.0,
        0.255,
        0.2,
        0.75,
        0.3,
        1.0,
        0.17666,
        0.255,
        0.2,
        0.75,
        0.3,
        1.0,
        0.17666,
        0.335,
        0.2,
        0.75,
        0.3,
        1.0,
        0.0,
        0.255,
        0.2,
        0.75,
        0.3,
        1.0,
        0.17666,
        0.335,
        0.2,
        0.75,
        0.3,
        1.0,
        0.0,
        0.335,
        0.2,
        0.75,
        0.3,
        1.0,
        0.0,
        0.34,
        0.2,
        0.75,
        0.3,
        1.0,
        0.25065,
        0.34,
        0.2,
        0.75,
        0.3,
        1.0,
        0.25065,
        0.42,
        0.2,
        0.75,
        0.3,
        1.0,
        0.0,
        0.34,
        0.2,
        0.75,
        0.3,
        1.0,
        0.25065,
        0.42,
        0.2,
        0.75,
        0.3,
        1.0,
        0.0,
        0.42,
        0.2,
        0.75,
        0.3,
        1.0,
        -0.1983,
        0.425,
        0.9,
        0.25,
        0.2,
        1.0,
        0.0,
        0.425,
        0.9,
        0.25,
        0.2,
        1.0,
        0.0,
        0.505,
        0.9,
        0.25,
        0.2,
        1.0,
        -0.1983,
        0.425,
        0.9,
        0.25,
        0.2,
        1.0,
        0.0,
        0.505,
        0.9,
        0.25,
