{
  "version": 1,
  "viewport": {
    "width": 960,
    "height": 640
  },
  "buffers": {
    "100": {
      "data": [
        0.0,
        0.0,
        1.06179,
        0.64093,
        1.06179,
        0.64093,
        2.53343,
        0.08416,
        2.53343,
        0.08416,
        3.59162,
        -0.26919,
        3.59162,
        -0.26919,
        4.40352,
        -0.3275,
        4.40352,
        -0.3275,
        5.82757,
        -1.93515,
        5.82757,
        -1.93515,
        7.26035,
        -2.41585,
        7.26035,
        -2.41585,
        7.96888,
        -2.20884,
        7.96888,
        -2.20884,
        8.97211,
        -1.26744,
        8.97211,
        -1.26744,
        9.75241,
        -1.47276,
        9.75241,
        -1.47276,
        11.1337,
        -1.06131,
        11.1337,
        -1.06131,
        11.86538,
        -1.11362,
        11.86538,
        -1.11362,
        12.54642,
        -1.49777,
        12.54642,
        -1.49777,
        13.98896,
        -2.32467,
        13.98896,
        -2.32467,
        15.13888,
        -1.93579,
        15.13888,
        -1.93579,
        16.57507,
        -2.4637,
        16.57507,
        -2.4637,
        17.16526,
        -2.76152,
        17.16526,
        -2.76152,
        18.21206,
        -3.23727,
        18.21206,
        -3.23727,
        19.21304,
        -2.40132,
        19.21304,
        -2.40132,
        20.45101,
        -1.85484,
        20.45101,
        -1.85484,
        21.23304,
        -1.05813,
        21.23304,
        -1.05813,
        21.81659,
        -0.89202,
        21.81659,
        -0.89202,
        22.96627,
        -1.11345,
        22.96627,
        -1.11345,
        24.2609,
        -1.40143,
        24.2609,
        -1.40143,
        25.65616,
        -1.91359,
        25.65616,
        -1.91359,
        26.30476,
        -2.93282,
        26.30476,
        -2.93282,
        26.82463,
        -2.51576,
        26.82463,
        -2.51576,
        27.91008,
        -2.50443,
        27.91008,
        -2.50443,
        28.76803,
        -3.00929,
        28.76803,
        -3.00929,
        29.82765,
        -3.43933
      ]
    },
    "103": {
      "data": [
        0.0,
        0.0,
        1.06179,
        0.64093,
        2.53343,
        0.08416,
        3.59162,
        -0.26919,
        4.40352,
        -0.3275,
        5.82757,
        -1.93515,
        7.26035,
        -2.41585,
        7.96888,
        -2.20884,
        8.97211,
        -1.26744,
        9.75241,
        -1.47276,
        11.1337,
        -1.06131,
        11.86538,
        -1.11362,
        12.54642,
        -1.49777,
        13.98896,
        -2.32467,
        15.13888,
        -1.93579,
        16.57507,
        -2.4637,
        17.16526,
        -2.76152,
        18.21206,
        -3.23727,
        19.21304,
        -2.40132,
        20.45101,
        -1.85484,
        21.23304,
        -1.05813,
        21.81659,
        -0.89202,
        22.96627,
        -1.11345,
        24.2609,
        -1.40143,
        25.65616,
        -1.91359,
        26.30476,
        -2.93282,
        26.82463,
        -2.51576,
        27.91008,
        -2.50443,
        28.76803,
        -3.00929,
        29.82765,
        -3.43933
      ]
    }
  },
  "transforms": {
    "50": {
      "sx": 0.058,
      "sy": 0.4,
      "tx": -0.9,
      "ty": 0.0
    }
  },
  "panes": {
    "1": {
      "name": "Main",
      "region": {
        "clipYMin": -0.95,
        "clipYMax": 0.95,
        "clipXMin": -0.95,
        "clipXMax": 0.95
      },
      "hasClearColor": true,
      "clearColor": [
        0.06,
        0.09,
        0.16,
        1.0
      ]
    }
  },
  "layers": {
    "10": {
      "paneId": 1,
      "name": "line"
    },
    "11": {
      "paneId": 1,
      "name": "points"
    }
  },
  "geometries": {
    "101": {
      "vertexBufferId": 100,
      "format": "rect4",
      "vertexCount": 29
    },
    "104": {
      "vertexBufferId": 103,
      "format": "pos2_clip",
      "vertexCount": 30
    }
  },
  "drawItems": {
    "102": {
      "layerId": 10,
      "name": "path",
      "pipeline": "lineAA@1",
      "geometryId": 101,
      "color": [
        0.4,
        0.6,
        0.9,
        0.6
      ],
      "transformId": 50,
      "lineWidth": 1.5
    },
    "105": {
      "layerId": 11,
      "name": "dots",
      "pipeline": "points@1",
      "geometryId": 104,
      "color": [
        1.0,
        0.5,
        0.2,
        1.0
      ],
      "transformId": 50,
      "pointSize": 5.0
    }
  }
}
