{
  "version": 1,
  "viewport": {
    "width": 960,
    "height": 640
  },
  "buffers": {
    "100": {
      "data": [
        -0.68792,
        -0.67125,
        -0.66629,
        -0.78891,
        -0.79551,
        -0.66234,
        -0.54508,
        -0.85973,
        -0.66571,
        -0.80046,
        -0.68386,
        -0.69756,
        -0.27252,
        -0.83366,
        -0.10011,
        -0.7085,
        -0.2993,
        -0.76332,
        -0.41282,
        -0.54054,
        -0.32782,
        -0.85602,
        -0.28038,
        -0.56409,
        -0.24232,
        -0.70237,
        -0.37457,
        -0.58927,
        -0.19002,
        -0.79735,
        -0.29341,
        -0.84257,
        -0.27508,
        -0.80543,
        -0.37619,
        -0.66042,
        -0.24731,
        -0.53885,
        -0.08605,
        -0.68838,
        -0.26651,
        -0.82944,
        -0.2213,
        -0.61282,
        -0.38415,
        -0.67566,
        -0.123,
        -0.63099,
        -0.10347,
        -0.84617,
        -0.0942,
        -0.68088,
        -0.39561,
        -0.65389,
        -0.20917,
        -0.55459,
        -0.33282,
        -0.83733,
        0.17914,
        -0.56861,
        0.14023,
        -0.54217,
        0.02549,
        -0.67038,
        0.21594,
        -0.85829,
        0.06736,
        -0.75449,
        0.19992,
        -0.52498,
        0.11342,
        -0.57344,
        0.05703,
        -0.6933,
        0.03179,
        -0.53992,
        0.35409,
        -0.6017,
        0.36488,
        -0.77153,
        0.34192,
        -0.65747,
        0.2267,
        -0.76927,
        0.07433,
        -0.52416,
        0.37507,
        -0.65409,
        0.22424,
        -0.5365,
        0.17469,
        -0.80817,
        0.14774,
        -0.53111,
        0.32074,
        -0.6197,
        0.087,
        -0.78757,
        0.63077,
        -0.766,
        0.79026,
        -0.82951,
        0.52636,
        -0.57043,
        0.5306,
        -0.5911,
        0.64192,
        -0.53596,
        0.53123,
        -0.83659,
        0.49037,
        -0.80577,
        0.68083,
        -0.80977,
        -0.52052,
        -0.40339,
        -0.53014,
        -0.10093,
        -0.8527,
        -0.18485,
        -0.75465,
        -0.17525,
        -0.82977,
        -0.37652,
        -0.82212,
        -0.22884,
        -0.59896,
        -0.23919,
        -0.53784,
        -0.30051,
        -0.57577,
        -0.39924,
        -0.76759,
        -0.13574,
        -0.74734,
        -0.18864,
        -0.74938,
        -0.33659,
        -0.6179,
        -0.32546,
        -0.59372,
        -0.07525,
        -0.74665,
        -0.29466,
        -0.54249,
        -0.4055,
        -0.6774,
        -0.30676,
        -0.63811,
        -0.36745,
        -0.72519,
        -0.31876,
        -0.87595,
        -0.21836,
        -0.4079,
        -0.36437,
        -0.33113,
        -0.13607,
        -0.26325,
        -0.21397,
        -0.30353,
        -0.15004,
        -0.34835,
        -0.20075,
        -0.13111,
        -0.12396,
        -0.19532,
        -0.33862,
        -0.1673,
        -0.36921,
        -0.07724,
        -0.12641,
        -0.35752,
        -0.14188,
        -0.16544,
        -0.40477,
        -0.21514,
        -0.41915,
        -0.2758,
        -0.19918,
        -0.09,
        -0.39698,
        -0.15112,
        -0.19704,
        -0.15418,
        -0.41219,
        -0.2418,
        -0.30637,
        -0.37021,
        -0.31236,
        -0.24862,
        -0.17286,
        0.20192,
        -0.12439,
        0.29487,
        -0.34271,
        0.14769,
        -0.20671,
        0.32047,
        -0.23723,
        0.2212,
        -0.14463,
        0.31598,
        -0.14079,
        0.62832,
        -0.3267,
        0.6642,
        -0.37929,
        0.4765,
        -0.33744,
        0.82528,
        -0.09538,
        0.59683,
        -0.30975,
        0.82863,
        -0.37619,
        0.6355,
        -0.18963,
        0.59547,
        -0.24415,
        0.76713,
        -0.13751,
        0.81716,
        -0.19481,
        0.47925,
        -0.14583,
        0.61721,
        -0.42112,
        0.79598,
        -0.08812,
        0.59848,
        -0.17367,
        0.55542,
        -0.35508,
        0.58357,
        -0.35187,
        0.7961,
        -0.15328,
        0.77311,
        -0.34916,
        0.57964,
        -0.36317,
        0.58348,
        -0.42939,
        0.70561,
        -0.32843,
        -0.54295,
        0.34326,
        -0.56693,
        0.05074,
        -0.79512,
        0.0848,
        -0.5402,
        0.26835,
        -0.60697,
        0.13346,
        -0.7343,
        0.25912,
        -0.8329,
        0.19505,
        -0.76654,
        0.26626,
        -0.81965,
        0.1098,
        -0.79199,
        0.32117,
        -0.54205,
        0.04348,
        -0.68956,
        0.24159,
        -0.71104,
        0.23119,
        -0.60399,
        0.11056,
        -0.37791,
        0.08546,
        -0.26538,
        0.32409,
        -0.09235,
        0.19209,
        -0.41495,
        0.22328,
        -0.29131,
        0.31633,
        -0.37292,
        0.03593,
        -0.34036,
        0.25414,
        -0.23864,
        0.18887,
        -0.09382,
        0.18512,
        -0.17597,
        0.30098,
        -0.17071,
        0.27582,
        0.31827,
        0.33714,
        0.11143,
        0.12418,
        0.29971,
        0.13735,
        0.0907,
        0.24887,
        0.1701,
        0.25786,
        0.26042,
        0.10304,
        0.3797,
        0.2986,
        0.0814,
        0.37728,
        0.24498,
        0.31516,
        0.26832,
        0.24187,
        0.25541,
        0.05916,
        0.30297,
        0.09006,
        0.20995,
        0.37516,
        0.26162,
        0.32111,
        0.34209,
        0.25286,
        0.15904,
        0.3339,
        0.27594,
        0.12479,
        0.22393,
        0.18379,
        0.78117,
        0.09339,
        0.48597,
        0.27224,
        0.67128,
        0.18891,
        0.5457,
        0.33887,
        0.8257,
        0.31035,
        0.69312,
        0.21297,
        0.75248,
        0.21653,
        0.57889,
        0.14059,
        0.79896,
        0.29309,
        0.67609,
        0.36913,
        -0.62542,
        0.6305,
        -0.69814,
        0.69684,
        -0.78146,
        0.63644,
        -0.77554,
        0.7678,
        -0.77154,
        0.50709,
        -0.59501,
        0.57762,
        -0.84663,
        0.4806,
        -0.7474,
        0.74925,
        -0.87908,
        0.62481,
        -0.78401,
        0.66253,
        -0.69625,
        0.74673,
        -0.79765,
        0.81474,
        -0.84455,
        0.77403,
        -0.78388,
        0.47469,
        -0.54487,
        0.75483,
        -0.55732,
        0.62292,
        -0.73705,
        0.49674,
        -0.2926,
        0.68231,
        -0.37434,
        0.71823,
        -0.2805,
        0.55328,
        -0.07593,
        0.54563,
        -0.2141,
        0.6433,
        0.06791,
        0.60644,
        0.16552,
        0.70096,
        0.32063,
        0.5168,
        0.15989,
        0.57858,
        0.3046,
        0.81199,
        0.11814,
        0.5524,
        0.24452,
        0.82102,
        0.29596,
        0.7145,
        0.24931,
        0.6273,
        0.36616,
        0.49507,
        0.07939,
        0.7945,
        0.09999,
        0.54684,
        0.04481,
        0.69796,
        0.26901,
        0.63378,
        0.07224,
        0.76812,
        0.34443,
        0.66648,
        0.04276,
        0.82797,
        0.28008,
        0.57524,
        0.23488,
        0.68298,
        0.26344,
        0.81231,
        0.17121,
        0.63723,
        0.2872,
        0.77027,
        0.35708,
        0.65081,
        0.37093,
        0.75908,
        0.7858,
        0.56066,
        0.53506,
        0.47438,
        0.71371,
        0.67387,
        0.73937,
        0.73194,
        0.64921,
