{
  "version": 1,
  "viewport": {
    "width": 960,
    "height": 640
  },
  "buffers": {
    "100": {
      "data": [
        -0.83,
        -0.83,
        0.825,
        0.175,
        0.175,
        1.0,
        -0.48824,
        -0.83,
        0.825,
        0.175,
        0.175,
        1.0,
        -0.48824,
        -0.56888,
        0.825,
        0.175,
        0.175,
        1.0,
        -0.83,
        -0.83,
        0.825,
        0.175,
        0.175,
        1.0,
        -0.48824,
        -0.56888,
        0.825,
        0.175,
        0.175,
        1.0,
        -0.83,
        -0.56888,
        0.825,
        0.175,
        0.175,
        1.0,
        -0.44824,
        -0.83,
        0.825,
        0.5,
        0.175,
        1.0,
        -0.08229,
        -0.83,
        0.825,
        0.5,
        0.175,
        1.0,
        -0.08229,
        -0.56888,
        0.825,
        0.5,
        0.175,
        1.0,
        -0.44824,
        -0.83,
        0.825,
        0.5,
        0.175,
        1.0,
        -0.08229,
        -0.56888,
        0.825,
        0.5,
        0.175,
        1.0,
        -0.44824,
        -0.56888,
        0.825,
        0.5,
        0.175,
        1.0,
        -0.04229,
        -0.83,
        0.825,
        0.825,
        0.175,
        1.0,
        0.26616,
        -0.83,
        0.825,
        0.825,
        0.175,
        1.0,
        0.26616,
        -0.56888,
        0.825,
        0.825,
        0.175,
        1.0,
        -0.04229,
        -0.83,
        0.825,
        0.825,
        0.175,
        1.0,
        0.26616,
        -0.56888,
        0.825,
        0.825,
        0.175,
        1.0,
        -0.04229,
        -0.56888,
        0.825,
        0.825,
        0.175,
        1.0,
        0.30616,
        -0.83,
        0.5,
        0.825,
        0.175,
        1.0,
        0.83,
        -0.83,
        0.5,
        0.825,
        0.175,
        1.0,
        0.83,
        -0.56888,
        0.5,
        0.825,
        0.175,
        1.0,
        0.30616,
        -0.83,
        0.5,
        0.825,
        0.175,
        1.0,
        0.83,
        -0.56888,
        0.5,
        0.825,
        0.175,
        1.0,
        0.30616,
        -0.56888,
        0.5,
        0.825,
        0.175,
        1.0,
        -0.83,
        -0.52888,
        0.175,
        0.825,
        0.175,
        1.0,
        -0.62126,
        -0.52888,
        0.175,
        0.825,
        0.175,
        1.0,
        -0.62126,
        -0.30558,
        0.175,
        0.825,
        0.175,
        1.0,
        -0.83,
        -0.52888,
        0.175,
        0.825,
        0.175,
        1.0,
        -0.62126,
        -0.30558,
        0.175,
        0.825,
        0.175,
        1.0,
        -0.83,
        -0.30558,
        0.175,
        0.825,
        0.175,
        1.0,
        -0.58126,
        -0.52888,
        0.175,
        0.825,
        0.5,
        1.0,
        0.01317,
        -0.52888,
        0.175,
        0.825,
        0.5,
        1.0,
        0.01317,
        -0.30558,
        0.175,
        0.825,
        0.5,
        1.0,
        -0.58126,
        -0.52888,
        0.175,
        0.825,
        0.5,
        1.0,
        0.01317,
        -0.30558,
        0.175,
        0.825,
        0.5,
        1.0,
        -0.58126,
        -0.30558,
        0.175,
        0.825,
        0.5,
        1.0,
        0.05317,
        -0.52888,
        0.175,
        0.825,
        0.825,
        1.0,
        0.45302,
        -0.52888,
        0.175,
        0.825,
        0.825,
        1.0,
        0.45302,
        -0.30558,
        0.175,
        0.825,
        0.825,
        1.0,
        0.05317,
        -0.52888,
        0.175,
        0.825,
        0.825,
        1.0,
        0.45302,
        -0.30558,
        0.175,
        0.825,
        0.825,
        1.0,
        0.05317,
        -0.30558,
        0.175,
        0.825,
        0.825,
        1.0,
        0.49302,
        -0.52888,
        0.175,
        0.5,
        0.825,
        1.0,
        0.83,
        -0.52888,
        0.175,
        0.5,
        0.825,
        1.0,
        0.83,
        -0.30558,
        0.175,
        0.5,
        0.825,
        1.0,
        0.49302,
        -0.52888,
        0.175,
        0.5,
        0.825,
        1.0,
        0.83,
        -0.30558,
        0.175,
        0.5,
        0.825,
        1.0,
        0.49302,
        -0.30558,
        0.175,
        0.5,
        0.825,
        1.0,
        -0.83,
        -0.26558,
        0.175,
        0.175,
        0.825,
        1.0,
        -0.43932,
        -0.26558,
        0.175,
        0.175,
        0.825,
        1.0,
        -0.43932,
        0.04047,
        0.175,
        0.175,
        0.825,
        1.0,
        -0.83,
        -0.26558,
        0.175,
        0.175,
        0.825,
        1.0,
        -0.43932,
        0.04047,
        0.175,
        0.175,
        0.825,
        1.0,
        -0.83,
        0.04047,
        0.175,
        0.175,
        0.825,
        1.0,
        -0.39932,
        -0.26558,
        0.5,
        0.175,
        0.825,
        1.0,
        0.07575,
        -0.26558,
        0.5,
        0.175,
        0.825,
        1.0,
        0.07575,
        0.04047,
        0.5,
        0.175,
        0.825,
        1.0,
        -0.39932,
        -0.26558,
        0.5,
        0.175,
        0.825,
        1.0,
        0.07575,
        0.04047,
        0.5,
        0.175,
        0.825,
        1.0,
        -0.39932,
        0.04047,
        0.5,
        0.175,
        0.825,
        1.0,
        0.11575,
        -0.26558,
        0.825,
        0.175,
        0.825,
        1.0,
        0.42213,
        -0.26558,
        0.825,
        0.175,
        0.825,
        1.0,
        0.42213,
        0.04047,
        0.825,
        0.175,
        0.825,
        1.0,
        0.11575,
        -0.26558,
        0.825,
        0.175,
        0.825,
        1.0,
        0.42213,
        0.04047,
        0.825,
        0.175,
        0.825,
        1.0,
        0.11575,
        0.04047,
        0.825,
        0.175,
        0.825,
        1.0,
        0.46213,
        -0.26558,
        0.825,
        0.175,
        0.5,
        1.0,
        0.83,
        -0.26558,
        0.825,
        0.175,
        0.5,
        1.0,
        0.83,
        0.04047,
        0.825,
        0.175,
        0.5,
        1.0,
        0.46213,
        -0.26558,
        0.825,
        0.175,
        0.5,
        1.0,
        0.83,
        0.04047,
        0.825,
        0.175,
        0.5,
        1.0,
        0.46213,
        0.04047,
        0.825,
        0.175,
        0.5,
        1.0
      ]
    }
  },
  "transforms": {},
  "panes": {
    "1": {
      "name": "Main",
      "region": {
        "clipYMin": -0.95,
        "clipYMax": 0.95,
        "clipXMin": -0.95,
        "clipXMax": 0.95
      },
      "hasClearColor": true,
      "clearColor": [
        0.06,
        0.09,
        0.16,
        1.0
      ]
    }
  },
  "layers": {
    "10": {
      "paneId": 1,
      "name": "rects"
    }
  },
  "geometries": {
    "101": {
      "vertexBufferId": 100,
      "format": "pos2_color4",
      "vertexCount": 72
    }
  },
  "drawItems": {
    "102": {
      "layerId": 10,
      "name": "cartogram",
      "pipeline": "triGradient@1",
      "geometryId": 101,
      "color": [
        1,
        1,
        1,
        1.0
      ]
    }
  }
}
