{
  "version": 1,
  "viewport": {
    "width": 960,
    "height": 640
  },
  "buffers": {
    "100": {
      "data": [
        0.03333,
        0.0,
        0.03534,
        0.00501,
        0.03534,
        0.00501,
        0.037,
        0.01059,
        0.037,
        0.01059,
        0.03825,
        0.01667,
        0.03825,
        0.01667,
        0.03905,
        0.02319,
        0.03905,
        0.02319,
        0.03935,
        0.03008,
        0.03935,
        0.03008,
        0.03912,
        0.03724,
        0.03912,
        0.03724,
        0.03832,
        0.04459,
        0.03832,
        0.04459,
        0.03693,
        0.05203,
        0.03693,
        0.05203,
        0.03494,
        0.05945,
        0.03494,
        0.05945,
        0.03233,
        0.06674,
        0.03233,
        0.06674,
        0.0291,
        0.07381,
        0.0291,
        0.07381,
        0.02526,
        0.08053,
        0.02526,
        0.08053,
        0.02083,
        0.0868,
        0.02083,
        0.0868,
        0.01583,
        0.0925,
        0.01583,
        0.0925,
        0.0103,
        0.09753,
        0.0103,
        0.09753,
        0.00427,
        0.1018,
        0.00427,
        0.1018,
        -0.0022,
        0.1052,
        -0.0022,
        0.1052,
        -0.00907,
        0.10764,
        -0.00907,
        0.10764,
        -0.01625,
        0.10906,
        -0.01625,
        0.10906,
        -0.02369,
        0.10937,
        -0.02369,
        0.10937,
        -0.03131,
        0.10852,
        -0.03131,
        0.10852,
        -0.03902,
        0.10647,
        -0.03902,
        0.10647,
        -0.04675,
        0.10318,
        -0.04675,
        0.10318,
        -0.05439,
        0.09863,
        -0.05439,
        0.09863,
        -0.06187,
        0.09281,
        -0.06187,
        0.09281,
        -0.06909,
        0.08573,
        -0.06909,
        0.08573,
        -0.07595,
        0.07743,
        -0.07595,
        0.07743,
        -0.08237,
        0.06793,
        -0.08237,
        0.06793,
        -0.08826,
        0.05729,
        -0.08826,
        0.05729,
        -0.09352,
        0.04558,
        -0.09352,
        0.04558,
        -0.09808,
        0.03289,
        -0.09808,
        0.03289,
        -0.10186,
        0.0193,
        -0.10186,
        0.0193,
        -0.10478,
        0.00494,
        -0.10478,
        0.00494,
        -0.10679,
        -0.01008,
        -0.10679,
        -0.01008,
        -0.10782,
        -0.02562,
        -0.10782,
        -0.02562,
        -0.10784,
        -0.04153,
        -0.10784,
        -0.04153,
        -0.10679,
        -0.05767,
        -0.10679,
        -0.05767,
        -0.10466,
        -0.07387,
        -0.10466,
        -0.07387,
        -0.10142,
        -0.08997,
        -0.10142,
        -0.08997,
        -0.09708,
        -0.1058,
        -0.09708,
        -0.1058,
        -0.09164,
        -0.12119,
        -0.09164,
        -0.12119,
        -0.08511,
        -0.13595,
        -0.08511,
        -0.13595,
        -0.07753,
        -0.14993,
        -0.07753,
        -0.14993,
        -0.06894,
        -0.16296,
        -0.06894,
        -0.16296,
        -0.0594,
        -0.17486,
        -0.0594,
        -0.17486,
        -0.04896,
        -0.18549,
        -0.04896,
        -0.18549,
        -0.03771,
        -0.1947,
        -0.03771,
        -0.1947,
        -0.02573,
        -0.20235,
        -0.02573,
        -0.20235,
        -0.01313,
        -0.20832,
        -0.01313,
        -0.20832,
        -0.0,
        -0.2125,
        -0.0,
        -0.2125,
        0.01354,
        -0.21479,
        0.01354,
        -0.21479,
        0.02736,
        -0.21512,
        0.02736,
        -0.21512,
        0.04134,
        -0.21343,
        0.04134,
        -0.21343,
        0.05534,
        -0.20966,
        0.05534,
        -0.20966,
        0.06923,
        -0.20382,
        0.06923,
        -0.20382,
        0.08287,
        -0.19588,
        0.08287,
        -0.19588,
        0.09612,
        -0.18588,
        0.09612,
        -0.18588,
        0.10884,
        -0.17386,
        0.10884,
        -0.17386,
        0.12089,
        -0.15987,
        0.12089,
        -0.15987,
        0.13214,
        -0.14401,
        0.13214,
        -0.14401,
        0.14245,
        -0.12637,
        0.14245,
        -0.12637,
        0.15171,
        -0.10708,
        0.15171,
        -0.10708,
        0.15979,
        -0.08629,
        0.15979,
        -0.08629,
        0.1666,
        -0.06416,
        0.1666,
        -0.06416,
        0.17202,
        -0.04087,
        0.17202,
        -0.04087,
        0.17599,
        -0.01661,
        0.17599,
        -0.01661,
        0.17841,
        0.00841,
        0.17841,
        0.00841,
        0.17924,
        0.03397,
        0.17924,
        0.03397,
        0.17843,
        0.05983,
        0.17843,
        0.05983,
        0.17595,
        0.08575,
        0.17595,
        0.08575,
        0.17177,
        0.1115,
        0.17177,
        0.1115,
        0.16591,
        0.13682,
        0.16591,
        0.13682,
        0.15839,
        0.16146,
        0.15839,
        0.16146,
        0.14922,
        0.18517,
        0.14922,
        0.18517,
        0.13848,
        0.20771,
        0.13848,
        0.20771,
        0.12621,
        0.22884,
        0.12621,
        0.22884,
        0.11251,
        0.24833,
        0.11251,
        0.24833,
        0.09747,
        0.26596,
        0.09747,
        0.26596,
        0.08122,
        0.28152,
        0.08122,
        0.28152,
        0.06386,
        0.29483,
        0.06386,
        0.29483,
        0.04556,
        0.30571,
        0.04556,
        0.30571,
        0.02645,
        0.314,
        0.02645,
        0.314,
        0.0067,
        0.31959,
        0.0067,
        0.31959,
        -0.01352,
        0.32236,
        -0.01352,
        0.32236,
        -0.03402,
        0.32223,
        -0.03402,
        0.32223,
        -0.05463,
        0.31915,
        -0.05463,
        0.31915,
        -0.07514,
        0.31308,
        -0.07514,
        0.31308,
        -0.09537,
        0.30402,
        -0.09537,
        0.30402,
        -0.11513,
        0.29201,
        -0.11513,
        0.29201,
        -0.13421,
        0.27709,
        -0.13421,
        0.27709,
        -0.15243,
        0.25935,
        -0.15243,
        0.25935,
        -0.16961,
        0.23891,
        -0.16961,
        0.23891,
        -0.18555,
        0.2159,
        -0.18555,
        0.2159,
        -0.20011,
        0.19049,
        -0.20011,
        0.19049,
        -0.2131,
        0.16287,
        -0.2131,
        0.16287,
        -0.22439,
        0.13326,
        -0.22439,
        0.13326,
        -0.23383,
        0.1019,
        -0.23383,
        0.1019,
        -0.24132,
        0.06905,
        -0.24132,
        0.06905,
        -0.24673,
        0.03498,
        -0.24673,
        0.03498,
        -0.25,
        0.0,
        -0.25,
        0.0,
        -0.25105,
        -0.0356,
        -0.25105,
        -0.0356,
        -0.24983,
        -0.07149,
        -0.24983,
        -0.07149,
        -0.24632,
        -0.10734,
        -0.24632,
        -0.10734,
        -0.2405,
        -0.14283,
        -0.2405,
        -0.14283,
        -0.2324,
        -0.17762,
        -0.2324,
        -0.17762,
        -0.22206,
        -0.21138,
        -0.22206,
        -0.21138,
        -0.20952,
        -0.24378,
        -0.20952,
        -0.24378,
        -0.19488,
        -0.2745,
        -0.19488,
        -0.2745,
        -0.17822,
        -0.30323,
        -0.17822,
        -0.30323,
        -0.15968,
        -0.32967,
        -0.15968,
        -0.32967,
        -0.13939,
        -0.35355,
        -0.13939,
        -0.35355,
        -0.11752,
        -0.3746,
        -0.11752,
        -0.3746,
        -0.09423,
        -0.39258,
        -0.09423,
        -0.39258,
        -0.06972,
