{
  "version": 1,
  "viewport": {
    "width": 960,
    "height": 640
  },
  "buffers": {
    "100": {
      "data": [
        0,
        0,
        0.865,
        0.235,
        0.235,
        1.0,
        0.10317,
        0.0,
        0.865,
        0.235,
        0.235,
        1.0,
        0.10278,
        0.01349,
        0.865,
        0.235,
        0.235,
        1.0,
        0,
        0,
        0.865,
        0.235,
        0.235,
        1.0,
        0.10278,
        0.01349,
        0.865,
        0.235,
        0.235,
        1.0,
        0.1016,
        0.02687,
        0.865,
        0.235,
        0.235,
        1.0,
        0,
        0,
        0.865,
        0.235,
        0.235,
        1.0,
        0.1016,
        0.02687,
        0.865,
        0.235,
        0.235,
        1.0,
        0.09966,
        0.04005,
        0.865,
        0.235,
        0.235,
        1.0,
        0,
        0,
        0.865,
        0.235,
        0.235,
        1.0,
        0.09966,
        0.04005,
        0.865,
        0.235,
        0.235,
        1.0,
        0.09695,
        0.05293,
        0.865,
        0.235,
        0.235,
        1.0,
        0,
        0,
        0.865,
        0.235,
        0.235,
        1.0,
        0.09695,
        0.05293,
        0.865,
        0.235,
        0.235,
        1.0,
        0.0935,
        0.0654,
        0.865,
        0.235,
        0.235,
        1.0,
        0,
        0,
        0.865,
        0.235,
        0.235,
        1.0,
        0.0935,
        0.0654,
        0.865,
        0.235,
        0.235,
        1.0,
        0.08935,
        0.07738,
        0.865,
        0.235,
        0.235,
        1.0,
        0,
        0,
        0.865,
        0.55,
        0.235,
        1.0,
        0.18348,
        0.1589,
        0.865,
        0.55,
        0.235,
        1.0,
        0.17355,
        0.18228,
        0.865,
        0.55,
        0.235,
        1.0,
        0,
        0,
        0.865,
        0.55,
        0.235,
        1.0,
        0.17355,
        0.18228,
        0.865,
        0.55,
        0.235,
        1.0,
        0.1623,
        0.20428,
        0.865,
        0.55,
        0.235,
        1.0,
        0,
        0,
        0.865,
        0.55,
        0.235,
        1.0,
        0.1623,
        0.20428,
        0.865,
        0.55,
        0.235,
        1.0,
        0.14981,
        0.22472,
        0.865,
        0.55,
        0.235,
        1.0,
        0,
        0,
        0.865,
        0.55,
        0.235,
        1.0,
        0.14981,
        0.22472,
        0.865,
        0.55,
        0.235,
        1.0,
        0.13618,
        0.24345,
        0.865,
        0.55,
        0.235,
        1.0,
        0,
        0,
        0.865,
        0.55,
        0.235,
        1.0,
        0.13618,
        0.24345,
        0.865,
        0.55,
        0.235,
        1.0,
        0.12152,
        0.26033,
        0.865,
        0.55,
        0.235,
        1.0,
        0,
        0,
        0.865,
        0.55,
        0.235,
        1.0,
        0.12152,
        0.26033,
        0.865,
        0.55,
        0.235,
        1.0,
        0.10593,
        0.27522,
        0.865,
        0.55,
        0.235,
        1.0,
        0,
        0,
        0.865,
        0.865,
        0.235,
        1.0,
        0.18494,
        0.48049,
        0.865,
        0.865,
        0.235,
        1.0,
        0.15632,
        0.50284,
        0.865,
        0.865,
        0.235,
        1.0,
        0,
        0,
        0.865,
        0.865,
        0.235,
        1.0,
        0.15632,
        0.50284,
        0.865,
        0.865,
        0.235,
        1.0,
        0.12651,
        0.52136,
        0.865,
        0.865,
        0.235,
        1.0,
        0,
        0,
        0.865,
        0.865,
        0.235,
        1.0,
        0.12651,
        0.52136,
        0.865,
        0.865,
        0.235,
        1.0,
        0.09573,
        0.53592,
        0.865,
        0.865,
        0.235,
        1.0,
        0,
        0,
        0.865,
        0.865,
        0.235,
        1.0,
        0.09573,
        0.53592,
        0.865,
        0.865,
        0.235,
        1.0,
        0.06423,
        0.54639,
        0.865,
        0.865,
        0.235,
        1.0,
        0,
        0,
        0.865,
        0.865,
        0.235,
        1.0,
        0.06423,
        0.54639,
        0.865,
        0.865,
        0.235,
        1.0,
        0.03224,
        0.55271,
        0.865,
        0.865,
        0.235,
        1.0,
        0,
        0,
        0.865,
        0.865,
        0.235,
        1.0,
        0.03224,
        0.55271,
        0.865,
        0.865,
        0.235,
        1.0,
        0.0,
        0.55482,
        0.865,
        0.865,
        0.235,
        1.0,
        0,
        0,
        0.55,
        0.865,
        0.235,
        1.0,
        0.0,
        0.61311,
        0.55,
        0.865,
        0.235,
        1.0,
        -0.03562,
        0.61077,
        0.55,
        0.865,
        0.235,
        1.0,
        0,
        0,
        0.55,
        0.865,
        0.235,
        1.0,
        -0.03562,
        0.61077,
        0.55,
        0.865,
        0.235,
        1.0,
        -0.07098,
        0.60379,
        0.55,
        0.865,
        0.235,
        1.0,
        0,
        0,
        0.55,
        0.865,
        0.235,
        1.0,
        -0.07098,
        0.60379,
        0.55,
        0.865,
        0.235,
        1.0,
        -0.10579,
        0.59221,
        0.55,
        0.865,
        0.235,
        1.0,
        0,
        0,
        0.55,
        0.865,
        0.235,
        1.0,
        -0.10579,
        0.59221,
        0.55,
        0.865,
        0.235,
        1.0,
        -0.1398,
        0.57613,
        0.55,
        0.865,
        0.235,
        1.0,
        0,
        0,
        0.55,
        0.865,
        0.235,
        1.0,
        -0.1398,
        0.57613,
        0.55,
        0.865,
        0.235,
        1.0,
        -0.17274,
        0.55566,
        0.55,
        0.865,
        0.235,
        1.0,
        0,
        0,
        0.55,
        0.865,
        0.235,
        1.0,
        -0.17274,
        0.55566,
        0.55,
        0.865,
        0.235,
        1.0,
        -0.20437,
        0.53096,
        0.55,
        0.865,
        0.235,
        1.0,
        0,
        0,
        0.235,
        0.865,
        0.235,
        1.0,
        -0.21423,
        0.55658,
        0.235,
        0.865,
        0.235,
        1.0,
        -0.24575,
        0.52645,
        0.235,
        0.865,
        0.235,
        1.0,
        0,
        0,
        0.235,
        0.865,
        0.235,
        1.0,
        -0.24575,
        0.52645,
        0.235,
        0.865,
        0.235,
        1.0,
        -0.2754,
        0.49232,
        0.235,
        0.865,
        0.235,
        1.0,
        0,
        0,
        0.235,
        0.865,
        0.235,
        1.0,
        -0.2754,
        0.49232,
        0.235,
        0.865,
        0.235,
        1.0,
        -0.30296,
        0.45444,
        0.235,
        0.865,
        0.235,
        1.0,
        0,
        0,
        0.235,
        0.865,
        0.235,
        1.0,
        -0.30296,
        0.45444,
        0.235,
        0.865,
        0.235,
        1.0,
        -0.32821,
        0.41311,
        0.235,
        0.865,
        0.235,
        1.0,
        0,
        0,
        0.235,
        0.865,
        0.235,
        1.0,
        -0.32821,
        0.41311,
        0.235,
        0.865,
        0.235,
        1.0,
        -0.35097,
        0.36863,
        0.235,
        0.865,
        0.235,
        1.0,
        0,
        0,
        0.235,
        0.865,
        0.235,
        1.0,
        -0.35097,
        0.36863,
        0.235,
        0.865,
        0.235,
        1.0,
        -0.37105,
        0.32134,
        0.235,
        0.865,
        0.235,
