{
  "version": 1,
  "viewport": {
    "width": 960,
    "height": 640
  },
  "buffers": {
    "100": {
      "data": [
        -0.88,
        0.02,
        0.8,
        0.2,
        0.2,
        1.0,
        -0.68253,
        0.02,
        0.8,
        0.2,
        0.2,
        1.0,
        -0.68253,
        0.88,
        0.8,
        0.2,
        0.2,
        1.0,
        -0.88,
        0.02,
        0.8,
        0.2,
        0.2,
        1.0,
        -0.68253,
        0.88,
        0.8,
        0.2,
        0.2,
        1.0,
        -0.88,
        0.88,
        0.8,
        0.2,
        0.2,
        1.0,
        -0.67253,
        0.02,
        0.8,
        0.425,
        0.2,
        1.0,
        -0.56318,
        0.02,
        0.8,
        0.425,
        0.2,
        1.0,
        -0.56318,
        0.88,
        0.8,
        0.425,
        0.2,
        1.0,
        -0.67253,
        0.02,
        0.8,
        0.425,
        0.2,
        1.0,
        -0.56318,
        0.88,
        0.8,
        0.425,
        0.2,
        1.0,
        -0.67253,
        0.88,
        0.8,
        0.425,
        0.2,
        1.0,
        -0.55318,
        0.02,
        0.8,
        0.65,
        0.2,
        1.0,
        -0.34319,
        0.02,
        0.8,
        0.65,
        0.2,
        1.0,
        -0.34319,
        0.88,
        0.8,
        0.65,
        0.2,
        1.0,
        -0.55318,
        0.02,
        0.8,
        0.65,
        0.2,
        1.0,
        -0.34319,
        0.88,
        0.8,
        0.65,
        0.2,
        1.0,
        -0.55318,
        0.88,
        0.8,
        0.65,
        0.2,
        1.0,
        -0.33319,
        0.02,
        0.725,
        0.8,
        0.2,
        1.0,
        -0.12565,
        0.02,
        0.725,
        0.8,
        0.2,
        1.0,
        -0.12565,
        0.88,
        0.725,
        0.8,
        0.2,
        1.0,
        -0.33319,
        0.02,
        0.725,
        0.8,
        0.2,
        1.0,
        -0.12565,
        0.88,
        0.725,
        0.8,
        0.2,
        1.0,
        -0.33319,
        0.88,
        0.725,
        0.8,
        0.2,
        1.0,
        -0.07565,
        0.02,
        0.5,
        0.8,
        0.2,
        1.0,
        0.0513,
        0.02,
        0.5,
        0.8,
        0.2,
        1.0,
        0.0513,
        0.88,
        0.5,
        0.8,
        0.2,
        1.0,
        -0.07565,
        0.02,
        0.5,
        0.8,
        0.2,
        1.0,
        0.0513,
        0.88,
        0.5,
        0.8,
        0.2,
        1.0,
        -0.07565,
        0.88,
        0.5,
        0.8,
        0.2,
        1.0,
        0.0613,
        0.02,
        0.275,
        0.8,
        0.2,
        1.0,
        0.3025,
        0.02,
        0.275,
        0.8,
        0.2,
        1.0,
        0.3025,
        0.88,
        0.275,
        0.8,
        0.2,
        1.0,
        0.0613,
        0.02,
        0.275,
        0.8,
        0.2,
        1.0,
        0.3025,
        0.88,
        0.275,
        0.8,
        0.2,
        1.0,
        0.0613,
        0.88,
        0.275,
        0.8,
        0.2,
        1.0,
        0.3125,
        0.02,
        0.2,
        0.8,
        0.35,
        1.0,
        0.63155,
        0.02,
        0.2,
        0.8,
        0.35,
        1.0,
        0.63155,
        0.88,
        0.2,
        0.8,
        0.35,
        1.0,
        0.3125,
        0.02,
        0.2,
        0.8,
        0.35,
        1.0,
        0.63155,
        0.88,
        0.2,
        0.8,
        0.35,
        1.0,
        0.3125,
        0.88,
        0.2,
        0.8,
        0.35,
        1.0,
        0.64155,
        0.02,
        0.2,
        0.8,
        0.575,
        1.0,
        0.87,
        0.02,
        0.2,
        0.8,
        0.575,
        1.0,
        0.87,
        0.88,
        0.2,
        0.8,
        0.575,
        1.0,
        0.64155,
        0.02,
        0.2,
        0.8,
        0.575,
        1.0,
        0.87,
        0.88,
        0.2,
        0.8,
        0.575,
        1.0,
        0.64155,
        0.88,
        0.2,
        0.8,
        0.575,
        1.0,
        -0.88,
        -0.88,
        0.2,
        0.8,
        0.8,
        1.0,
        -0.64441,
        -0.88,
        0.2,
        0.8,
        0.8,
        1.0,
        -0.64441,
        -0.02,
        0.2,
        0.8,
        0.8,
        1.0,
        -0.88,
        -0.88,
        0.2,
        0.8,
        0.8,
        1.0,
        -0.64441,
        -0.02,
        0.2,
        0.8,
        0.8,
        1.0,
        -0.88,
        -0.02,
        0.2,
        0.8,
        0.8,
        1.0,
        -0.63441,
        -0.88,
        0.2,
        0.575,
        0.8,
        1.0,
        -0.50329,
        -0.88,
        0.2,
        0.575,
        0.8,
        1.0,
        -0.50329,
        -0.02,
        0.2,
        0.575,
        0.8,
        1.0,
        -0.63441,
        -0.88,
        0.2,
        0.575,
        0.8,
        1.0,
        -0.50329,
        -0.02,
        0.2,
        0.575,
        0.8,
        1.0,
        -0.63441,
        -0.02,
        0.2,
        0.575,
        0.8,
        1.0,
        -0.49329,
        -0.88,
        0.2,
        0.35,
        0.8,
        1.0,
        -0.32841,
        -0.88,
        0.2,
        0.35,
        0.8,
        1.0,
        -0.32841,
        -0.02,
        0.2,
        0.35,
        0.8,
        1.0,
        -0.49329,
        -0.88,
        0.2,
        0.35,
        0.8,
        1.0,
        -0.32841,
        -0.02,
        0.2,
        0.35,
        0.8,
        1.0,
        -0.49329,
        -0.02,
        0.2,
        0.35,
        0.8,
        1.0,
        -0.31841,
        -0.88,
        0.275,
        0.2,
        0.8,
        1.0,
        0.00728,
        -0.88,
        0.275,
        0.2,
        0.8,
        1.0,
        0.00728,
        -0.02,
        0.275,
        0.2,
        0.8,
        1.0,
        -0.31841,
        -0.88,
        0.275,
        0.2,
        0.8,
        1.0,
        0.00728,
        -0.02,
        0.275,
        0.2,
        0.8,
        1.0,
        -0.31841,
        -0.02,
        0.275,
        0.2,
        0.8,
        1.0,
        0.05728,
        -0.88,
        0.5,
        0.2,
        0.8,
        1.0,
        0.4813,
        -0.88,
        0.5,
        0.2,
        0.8,
        1.0,
        0.4813,
        -0.02,
        0.5,
        0.2,
        0.8,
        1.0,
        0.05728,
        -0.88,
        0.5,
        0.2,
        0.8,
        1.0,
        0.4813,
        -0.02,
        0.5,
        0.2,
        0.8,
        1.0,
        0.05728,
        -0.02,
        0.5,
        0.2,
        0.8,
        1.0,
        0.4913,
        -0.88,
        0.725,
        0.2,
        0.8,
        1.0,
        0.6837,
        -0.88,
        0.725,
        0.2,
        0.8,
        1.0,
        0.6837,
        -0.02,
        0.725,
        0.2,
        0.8,
        1.0,
        0.4913,
        -0.88,
        0.725,
        0.2,
        0.8,
        1.0,
        0.6837,
        -0.02,
        0.725,
        0.2,
        0.8,
        1.0,
        0.4913,
        -0.02,
        0.725,
        0.2,
        0.8,
        1.0,
        0.6937,
        -0.88,
        0.8,
        0.2,
        0.65,
        1.0,
        0.87,
        -0.88,
        0.8,
        0.2,
        0.65,
        1.0,
        0.87,
        -0.02,
        0.8,
        0.2,
        0.65,
        1.0,
        0.6937,
        -0.88,
        0.8,
        0.2,
        0.65,
        1.0,
        0.87,
        -0.02,
        0.8,
        0.2,
        0.65,
        1.0,
        0.6937,
        -0.02,
        0.8,
        0.2,
        0.65,
        1.0
      ]
    },