{"version":1,"viewport":{"width":600,"height":600},"buffers":{"100":{"data":[-0.622222,-0.8,-0.444444,-0.622222,-0.444444,-0.8,-0.266667,-0.622222,-0.088889,-0.8,0.088889,-0.622222,0.088889,-0.8,0.266667,-0.622222,0.266667,-0.8,0.444444,-0.622222,0.622222,-0.8,0.8,-0.622222,-0.8,-0.622222,-0.622222,-0.444444,-0.444444,-0.622222,-0.266667,-0.444444,-0.266667,-0.622222,-0.088889,-0.444444,0.088889,-0.622222,0.266667,-0.444444,0.266667,-0.622222,0.444444,-0.444444,0.444444,-0.622222,0.622222,-0.444444,-0.8,-0.444444,-0.622222,-0.266667,-0.622222,-0.444444,-0.444444,-0.266667,-0.266667,-0.444444,-0.088889,-0.266667,-0.088889,-0.444444,0.088889,-0.266667,0.444444,-0.444444,0.622222,-0.266667,0.622222,-0.444444,0.8,-0.266667,-0.622222,-0.266667,-0.444444,-0.088889,-0.444444,-0.266667,-0.266667,-0.088889,-0.266667,-0.266667,-0.088889,-0.088889,0.088889,-0.266667,0.266667,-0.088889,0.266667,-0.266667,0.444444,-0.088889,0.444444,-0.266667,0.622222,-0.088889,-0.8,-0.088889,-0.622222,0.088889,-0.444444,-0.088889,-0.266667,0.088889,-0.088889,-0.088889,0.088889,0.088889,0.266667,-0.088889,0.444444,0.088889,0.622222,-0.088889,0.8,0.088889,-0.622222,0.088889,-0.444444,0.266667,-0.444444,0.088889,-0.266667,0.266667,-0.266667,0.088889,-0.088889,0.266667,0.088889,0.088889,0.266667,0.266667,0.266667,0.088889,0.444444,0.266667,0.444444,0.088889,0.622222,0.266667,-0.8,0.266667,-0.622222,0.444444,-0.622222,0.266667,-0.444444,0.444444,-0.088889,0.266667,0.088889,0.444444,0.088889,0.266667,0.266667,0.444444,0.444444,0.266667,0.622222,0.444444,0.622222,0.266667,0.8,0.444444,-0.622222,0.444444,-0.444444,0.622222,-0.444444,0.444444,-0.266667,0.622222,-0.266667,0.444444,-0.088889,0.622222,0.088889,0.444444,0.266667,0.622222,0.266667,0.444444,0.444444,0.622222,0.622222,0.444444,0.8,0.622222,-0.8,0.622222,-0.622222,0.8,-0.444444,0.622222,-0.266667,0.8,-0.266667,0.622222,-0.088889,0.8,-0.088889,0.622222,0.088889,0.8,0.266667,0.622222,0.444444,0.8,0.444444,0.622222,0.622222,0.8]},"103":{"data":[-0.8,-0.8,-0.622222,-0.622222,-0.266667,-0.8,-0.088889,-0.622222,0.444444,-0.8,0.622222,-0.622222,-0.622222,-0.622222,-0.444444,-0.444444,-0.088889,-0.622222,0.088889,-0.444444,0.622222,-0.622222,0.8,-0.444444,-0.444444,-0.444444,-0.266667,-0.266667,0.088889,-0.444444,0.266667,-0.266667,0.266667,-0.444444,0.444444,-0.266667,-0.8,-0.266667,-0.622222,-0.088889,-0.088889,-0.266667,0.088889,-0.088889,0.622222,-0.266667,0.8,-0.088889,-0.622222,-0.088889,-0.444444,0.088889,-0.266667,-0.088889,-0.088889,0.088889,0.088889,-0.088889,0.266667,0.088889,0.444444,-0.088889,0.622222,0.088889,-0.8,0.088889,-0.622222,0.266667,-0.088889,0.088889,0.088889,0.266667,0.622222,0.088889,0.8,0.266667,-0.444444,0.266667,-0.266667,0.444444,-0.266667,0.266667,-0.088889,0.444444,0.266667,0.266667,0.444444,0.444444,-0.8,0.444444,-0.622222,0.622222,-0.088889,0.444444,0.088889,0.622222,0.444444,0.444444,0.622222,0.622222,-0.622222,0.622222,-0.444444,0.8,0.088889,0.622222,0.266667,0.8,0.622222,0.622222,0.8,0.8]},"106":{"data":[-0.8,-0.8,-0.8,0.8,-0.622222,-0.8,-0.622222,0.8,-0.444444,-0.8,-0.444444,0.8,-0.266667,-0.8,-0.266667,0.8,-0.088889,-0.8,-0.088889,0.8,0.088889,-0.8,0.088889,0.8,0.266667,-0.8,0.266667,0.8,0.444444,-0.8,0.444444,0.8,0.622222,-0.8,0.622222,0.8,0.8,-0.8,0.8,0.8,-0.8,-0.8,0.8,-0.8,-0.8,-0.622222,0.8,-0.622222,-0.8,-0.444444,0.8,-0.444444,-0.8,-0.266667,0.8,-0.266667,-0.8,-0.088889,0.8,-0.088889,-0.8,0.088889,0.8,0.088889,-0.8,0.266667,0.8,0.266667,-0.8,0.444444,0.8,0.444444,-0.8,0.622222,0.8,0.622222,-0.8,0.8,0.8,0.8]},"109":{"data":[-0.8,-0.8,-0.8,0.8,-0.266667,-0.8,-0.266667,0.8,0.266667,-0.8,0.266667,0.8,0.8,-0.8,0.8,0.8,-0.8,-0.8,0.8,-0.8,-0.8,-0.266667,0.8,-0.266667,-0.8,0.266667,0.8,0.266667,-0.8,0.8,0.8,0.8]}},"transforms":{},"panes":{"1":{"name":"sudoku","region":{"clipYMin":-1.0,"clipYMax":1.0,"clipXMin":-1.0,"clipXMax":1.0},"hasClearColor":true,"clearColor":[0.06,0.09,0.16,1.0]}},"layers":{"10":{"paneId":1,"name":"cells"},"11":{"paneId":1,"name":"thin"},"12":{"paneId":1,"name":"thick"}},"geometries":{"101":{"vertexBufferId":100,"format":"rect4","vertexCount":53},"104":{"vertexBufferId":103,"format":"rect4","vertexCount":28},"107":{"vertexBufferId":106,"format":"rect4","vertexCount":20},"110":{"vertexBufferId":109,"format":"rect4","vertexCount":8}},"drawItems":{"102":{"layerId":10,"name":"cells","pipeline":"instancedRect@1","geometryId":101,"color":[0.15,0.18,0.25,1.0]},"105":{"layerId":10,"name":"givens","pipeline":"instancedRect@1","geometryId":104,"color":[0.22,0.28,0.38,1.0]},"108":{"layerId":11,"name":"thin_grid","pipeline":"lineAA@1","geometryId":107,"color":[0.35,0.4,0.5,1.0],"lineWidth":1.0},"111":{"layerId":12,"name":"thick_grid","pipeline":"lineAA@1","geometryId":110,"color":[0.6,0.65,0.75,1.0],"lineWidth":3.0}}}