{"version":1,"viewport":{"width":800,"height":300},"buffers":{"100":{"data":[-0.81,-0.11,-0.59,0.11,-0.53,-0.11,-0.31,0.11,-0.25,-0.11,-0.03,0.11,0.03,-0.11,0.25,0.11,0.31,-0.11,0.53,0.11,0.59,-0.11,0.81,0.11]},"103":{"data":[-0.7,0.0,-0.682,0.0,-0.685438,0.01058,-0.7,0.0,-0.685438,0.01058,-0.694438,0.017119,-0.7,0.0,-0.694438,0.017119,-0.705562,0.017119,-0.7,0.0,-0.705562,0.017119,-0.714562,0.01058,-0.7,0.0,-0.714562,0.01058,-0.718,0.0,-0.7,0.0,-0.718,0.0,-0.714562,-0.01058,-0.7,0.0,-0.714562,-0.01058,-0.705562,-0.017119,-0.7,0.0,-0.705562,-0.017119,-0.694438,-0.017119,-0.7,0.0,-0.694438,-0.017119,-0.685438,-0.01058,-0.7,0.0,-0.685438,-0.01058,-0.682,-0.0,-0.47,0.05,-0.452,0.05,-0.455438,0.06058,-0.47,0.05,-0.455438,0.06058,-0.464438,0.067119,-0.47,0.05,-0.464438,0.067119,-0.475562,0.067119,-0.47,0.05,-0.475562,0.067119,-0.484562,0.06058,-0.47,0.05,-0.484562,0.06058,-0.488,0.05,-0.47,0.05,-0.488,0.05,-0.484562,0.03942,-0.47,0.05,-0.484562,0.03942,-0.475562,0.032881,-0.47,0.05,-0.475562,0.032881,-0.464438,0.032881,-0.47,0.05,-0.464438,0.032881,-0.455438,0.03942,-0.47,0.05,-0.455438,0.03942,-0.452,0.05,-0.37,-0.05,-0.352,-0.05,-0.355438,-0.03942,-0.37,-0.05,-0.355438,-0.03942,-0.364438,-0.032881,-0.37,-0.05,-0.364438,-0.032881,-0.375562,-0.032881,-0.37,-0.05,-0.375562,-0.032881,-0.384562,-0.03942,-0.37,-0.05,-0.384562,-0.03942,-0.388,-0.05,-0.37,-0.05,-0.388,-0.05,-0.384562,-0.06058,-0.37,-0.05,-0.384562,-0.06058,-0.375562,-0.067119,-0.37,-0.05,-0.375562,-0.067119,-0.364438,-0.067119,-0.37,-0.05,-0.364438,-0.067119,-0.355438,-0.06058,-0.37,-0.05,-0.355438,-0.06058,-0.352,-0.05,-0.19,0.05,-0.172,0.05,-0.175438,0.06058,-0.19,0.05,-0.175438,0.06058,-0.184438,0.067119,-0.19,0.05,-0.184438,0.067119,-0.195562,0.067119,-0.19,0.05,-0.195562,0.067119,-0.204562,0.06058,-0.19,0.05,-0.204562,0.06058,-0.208,0.05,-0.19,0.05,-0.208,0.05,-0.204562,0.03942,-0.19,0.05,-0.204562,0.03942,-0.195562,0.032881,-0.19,0.05,-0.195562,0.032881,-0.184438,0.032881,-0.19,0.05,-0.184438,0.032881,-0.175438,0.03942,-0.19,0.05,-0.175438,0.03942,-0.172,0.05,-0.14,0.0,-0.122,0.0,-0.125438,0.01058,-0.14,0.0,-0.125438,0.01058,-0.134438,0.017119,-0.14,0.0,-0.134438,0.017119,-0.145562,0.017119,-0.14,0.0,-0.145562,0.017119,-0.154562,0.01058,-0.14,0.0,-0.154562,0.01058,-0.158,0.0,-0.14,0.0,-0.158,0.0,-0.154562,-0.01058,-0.14,0.0,-0.154562,-0.01058,-0.145562,-0.017119,-0.14,0.0,-0.145562,-0.017119,-0.134438,-0.017119,-0.14,0.0,-0.134438,-0.017119,-0.125438,-0.01058,-0.14,0.0,-0.125438,-0.01058,-0.122,-0.0,-0.09,-0.05,-0.072,-0.05,-0.075438,-0.03942,-0.09,-0.05,-0.075438,-0.03942,-0.084438,-0.032881,-0.09,-0.05,-0.084438,-0.032881,-0.095562,-0.032881,-0.09,-0.05,-0.095562,-0.032881,-0.104562,-0.03942,-0.09,-0.05,-0.104562,-0.03942,-0.108,-0.05,-0.09,-0.05,-0.108,-0.05,-0.104562,-0.06058,-0.09,-0.05,-0.104562,-0.06058,-0.095562,-0.067119,-0.09,-0.05,-0.095562,-0.067119,-0.084438,-0.067119,-0.09,-0.05,-0.084438,-0.067119,-0.075438,-0.06058,-0.09,-0.05,-0.075438,-0.06058,-0.072,-0.05,0.09,-0.05,0.108,-0.05,0.104562,-0.03942,0.09,-0.05,0.104562,-0.03942,0.095562,-0.032881,0.09,-0.05,0.095562,-0.032881,0.084438,-0.032881,0.09,-0.05,0.084438,-0.032881,0.075438,-0.03942,0.09,-0.05,0.075438,-0.03942,0.072,-0.05,0.09,-0.05,0.072,-0.05,0.075438,-0.06058,0.09,-0.05,0.075438,-0.06058,0.084438,-0.067119,0.09,-0.05,0.084438,-0.067119,0.095562,-0.067119,0.09,-0.05,0.095562,-0.067119,0.104562,-0.06058,0.09,-0.05,0.104562,-0.06058,0.108,-0.05,0.19,-0.05,0.208,-0.05,0.204562,-0.03942,0.19,-0.05,0.204562,-0.03942,0.195562,-0.032881,0.19,-0.05,0.195562,-0.032881,0.184438,-0.032881,0.19,-0.05,0.184438,-0.032881,0.175438,-0.03942,0.19,-0.05,0.175438,-0.03942,0.172,-0.05,0.19,-0.05,0.172,-0.05,0.175438,-0.06058,0.19,-0.05,0.175438,-0.06058,0.184438,-0.067119,0.19,-0.05,0.184438,-0.067119,0.195562,-0.067119,0.19,-0.05,0.195562,-0.067119,0.204562,-0.06058,0.19,-0.05,0.204562,-0.06058,0.208,-0.05,0.09,0.05,0.108,0.05,0.104562,0.06058,0.09,0.05,0.104562,0.06058,0.095562,0.067119,0.09,0.05,0.095562,0.067119,0.084438,0.067119,0.09,0.05,0.084438,0.067119,0.075438,0.06058,0.09,0.05,0.075438,0.06058,0.072,0.05,0.09,0.05,0.072,0.05,0.075438,0.03942,0.09,0.05,0.075438,0.03942,0.084438,0.032881,0.09,0.05,0.084438,0.032881,0.095562,0.032881,0.09,0.05,0.095562,0.032881,0.104562,0.03942,0.09,0.05,0.104562,0.03942,0.108,0.05,0.19,0.05,0.208,0.05,0.204562,0.06058,0.19,0.05,0.204562,0.06058,0.195562,0.067119,0.19,0.05,0.195562,0.067119,0.184438,0.067119,0.19,0.05,0.184438,0.067119,0.175438,0.06058,0.19,0.05,0.175438,0.06058,0.172,0.05,0.19,0.05,0.172,0.05,0.175438,0.03942,0.19,0.05,0.175438,0.03942,0.184438,0.032881,0.19,0.05,0.184438,0.032881,0.195562,0.032881,0.19,0.05,0.195562,0.032881,0.204562,0.03942,0.19,0.05,0.204562,0.03942,0.208,0.05,0.37,-0.05,0.388,-0.05,0.384562,-0.03942,0.37,-0.05,0.384562,-0.03942,0.375562,-0.032881,0.37,-0.05,0.375562,-0.032881,0.364438,-0.032881,0.37,-0.05,0.364438,-0.032881,0.355438,-0.03942,0.37,-0.05,0.355438,-0.03942,0.352,-0.05,0.37,-0.05,0.352,-0.05,0.355438,-0.06058,0.37,-0.05,0.355438,-0.06058,0.364438,-0.067119,0.37,-0.05,0.364438,-0.067119,0.375562,-0.067119,0.37,-0.05,0.375562,-0.067119,0.384562,-0.06058,0.37,-0.05,0.384562,-0.06058,0.388,-0.05,0.47,-0.05,0.488,-0.05,0.484562,-0.03942,0.47,-0.05,0.484562,-0.03942,0.475562,-0.032881,0.47,-0.05,0.475562,-0.032881,0.464438,-0.032881,0.47,-0.05,0.464438,-0.032881,0.455438,-0.03942,0.47,-0.05,0.455438,-0.03942,0.452,-0.05,0.47,-0.05,0.452,-0.05,0.455438,-0.06058,0.47,-0.05,0.455438,-0.06058,0.464438,-0.067119,0.47,-0.05,0.464438,-0.067119,0.475562,-0.067119,0.47,-0.05,0.475562,-0.067119,0.484562,-0.06058,0.47,-0.05,0.484562,-0.06058,0.488,-0.05,0.42,0.0,0.438,0.0,0.434562,0.01058,0.42,0.0,0.434562,0.01058,0.425562,0.017119,0.42,0.0,0.425562,0.017119,0.414438,0.017119,0.42,0.0,0.414438,0.017119,0.405438,0.01058,0.42,0.0,0.405438,0.01058,0.402,0.0,0.42,0.0,0.402,0.0,0.405438,-0.01058,0.42,0.0,0.405438,-0.01058,0.414438,-0.017119,0.42,0.0,0.414438,-0.017119,0.425562,-0.017119,0.42,0.0,0.425562,-0.017119,0.434562,-0.01058,0.42,0.0,0.434562,-0.01058,0.438,-0.0,0.37,0.05,0.388,0.05,0.384562,0.06058,0.37,0.05,0.384562,0.06058,0.375562,0.067119,0.37,0.05,0.375562,0.067119,0.364438,0.067119,0.37,0.05,0.364438,0.067119,0.355438,0.06058,0.37,0.05,0.355438,0.06058,0.352,0.05,0.37,0.05,0.352,0.05,0.355438,0.03942,0.37,0.05,0.355438,0.03942,0.364438,0.032881,0.37,0.05,0.364438,0.032881,0.375562,0.032881,0.37,0.05,0.375562,0.032881,0.384562,0.03942,0.37,0.05,0.384562,0.03942,0.388,0.05,0.47,0.05,0.488,0.05,0.484562,0.06058,0.47,0.05,0.484562,0.06058,0.475562,0.067119,0.47,0.05,0.475562,0.067119,0.464438,0.067119,0.47,0.05,0.464438,0.067119,0.455438,0.06058,0.47,0.05,0.455438,0.06058,0.452,0.05,0.47,0.05,0.452,0.05,0.455438,0.03942,0.47,0.05,0.455438,0.03942,0.464438,0.032881,0.47,0.05,0.464438,0.032881,0.475562,0.032881,0.47,0.05,0.475562,0.032881,0.484562,0.03942,0.47,0.05,0.484562,0.03942,0.488,0.05,0.65,-0.05,0.668,-0.05,0.664562,-0.03942,0.65,-0.05,0.664562,-0.03942,0.655562,-0.032881,0.65,-0.05,0.655562,-0.032881,0.644438,-0.032881,0.65,-0.05,0.644438,-0.032881,0.635438,-0.03942,0.65,-0.05,0.635438,-0.03942,0.632,-0.05,0.65,-0.05,0.632,-0.05,0.635438,-0.06058,0.65,-0.05,0.635438,-0.06058,0.644438,-0.067119,0.65,-0.05,0.644438,-0.067119,0.655562,-0.067119,0.65,-0.05,0.655562,-0.067119,0.664562,-0.06058,0.65,-0.05,0.664562,-0.06058,0.668,-0.05,0.75,-0.05,0.768,-0.05,0.764562,-0.03942,0.75,-0.05,0.764562,-0.03942,0.755562,-0.032881,0.75,-0.05,0.755562,-0.032881,0.744438,-0.032881,0.75,-0.05,0.744438,-0.032881,0.735438,-0.03942,0.75,-0.05,0.735438,-0.03942,0.732,-0.05,0.75,-0.05,0.732,-0.05,0.735438,-0.06058,0.75,-0.05,0.735438,-0.06058,0.744438,-0.067119,0.75,-0.05,0.744438,-0.067119,0.755562,-0.067119,0.75,-0.05,0.755562,-0.067119,0.764562,-0.06058,0.75,-0.05,0.764562,-0.06058,0.768,-0.05,0.65,0.0,0.668,0.0,0.664562,0.01058,0.65,0.0,0.664562,0.01058,0.655562,0.017119,0.65,0.0,0.655562,0.017119,0.644438,0.017119,0.65,0.0,0.644438,0.017119,0.635438,0.01058,