{"version":1,"viewport":{"width":800,"height":400},"buffers":{"100":{"data":[-0.3,0.0,-0.177127,0.086036,-0.194597,0.106725,-0.3,0.0,-0.194597,0.106725,-0.215502,0.123936,-0.3,0.0,-0.215502,0.123936,-0.23916,0.137108,-0.3,0.0,-0.23916,0.137108,-0.264801,0.145812,-0.3,0.0,-0.264801,0.145812,-0.291589,0.149764,-0.3,0.0,-0.291589,0.149764,-0.318652,0.148836,-0.3,0.0,-0.318652,0.148836,-0.345106,0.143058,-0.3,0.0,-0.345106,0.143058,-0.37009,0.132617,-0.3,0.0,-0.37009,0.132617,-0.392791,0.117855,-0.3,0.0,-0.392791,0.117855,-0.412467,0.099253,-0.3,0.0,-0.412467,0.099253,-0.428479,0.077416,-0.3,0.0,-0.428479,0.077416,-0.440303,0.053056,-0.3,0.0,-0.440303,0.053056,-0.447556,0.026968,-0.3,0.0,-0.447556,0.026968,-0.45,0.0,-0.3,0.0,-0.45,0.0,-0.447556,-0.026968,-0.3,0.0,-0.447556,-0.026968,-0.440303,-0.053056,-0.3,0.0,-0.440303,-0.053056,-0.428479,-0.077416,-0.3,0.0,-0.428479,-0.077416,-0.412467,-0.099253,-0.3,0.0,-0.412467,-0.099253,-0.392791,-0.117855,-0.3,0.0,-0.392791,-0.117855,-0.37009,-0.132617,-0.3,0.0,-0.37009,-0.132617,-0.345106,-0.143058,-0.3,0.0,-0.345106,-0.143058,-0.318652,-0.148836,-0.3,0.0,-0.318652,-0.148836,-0.291589,-0.149764,-0.3,0.0,-0.291589,-0.149764,-0.264801,-0.145812,-0.3,0.0,-0.264801,-0.145812,-0.23916,-0.137108,-0.3,0.0,-0.23916,-0.137108,-0.215502,-0.123936,-0.3,0.0,-0.215502,-0.123936,-0.194597,-0.106725,-0.3,0.0,-0.194597,-0.106725,-0.177127,-0.086036]},"103":{"data":[0.25,0.0,0.37,0.0,0.367694,0.023411,0.25,0.0,0.367694,0.023411,0.360866,0.045922,0.25,0.0,0.360866,0.045922,0.349776,0.066668,0.25,0.0,0.349776,0.066668,0.334853,0.084853,0.25,0.0,0.334853,0.084853,0.316668,0.099776,0.25,0.0,0.316668,0.099776,0.295922,0.110866,0.25,0.0,0.295922,0.110866,0.273411,0.117694,0.25,0.0,0.273411,0.117694,0.25,0.12,0.25,0.0,0.25,0.12,0.226589,0.117694,0.25,0.0,0.226589,0.117694,0.204078,0.110866,0.25,0.0,0.204078,0.110866,0.183332,0.099776,0.25,0.0,0.183332,0.099776,0.165147,0.084853,0.25,0.0,0.165147,0.084853,0.150224,0.066668,0.25,0.0,0.150224,0.066668,0.139134,0.045922,0.25,0.0,0.139134,0.045922,0.132306,0.023411,0.25,0.0,0.132306,0.023411,0.13,0.0,0.13,0.0,0.37,0.0,0.37,-0.096,0.13,0.0,0.37,-0.096,0.13,-0.096,0.13,-0.096,0.17,-0.126,0.21,-0.096,0.21,-0.096,0.25,-0.126,0.29,-0.096,0.29,-0.096,0.33,-0.126,0.37,-0.096,0.55,0.0,0.67,0.0,0.667694,0.023411,0.55,0.0,0.667694,0.023411,0.660866,0.045922,0.55,0.0,0.660866,0.045922,0.649776,0.066668,0.55,0.0,0.649776,0.066668,0.634853,0.084853,0.55,0.0,0.634853,0.084853,0.616668,0.099776,0.55,0.0,0.616668,0.099776,0.595922,0.110866,0.55,0.0,0.595922,0.110866,0.573411,0.117694,0.55,0.0,0.573411,0.117694,0.55,0.12,0.55,0.0,0.55,0.12,0.526589,0.117694,0.55,0.0,0.526589,0.117694,0.504078,0.110866,0.55,0.0,0.504078,0.110866,0.483332,0.099776,0.55,0.0,0.483332,0.099776,0.465147,0.084853,0.55,0.0,0.465147,0.084853,0.450224,0.066668,0.55,0.0,0.450224,0.066668,0.439134,0.045922,0.55,0.0,0.439134,0.045922,0.432306,0.023411,0.55,0.0,0.432306,0.023411,0.43,0.0,0.43,0.0,0.67,0.0,0.67,-0.096,0.43,0.0,0.67,-0.096,0.43,-0.096,0.43,-0.096,0.47,-0.126,0.51,-0.096,0.51,-0.096,0.55,-0.126,0.59,-0.096,0.59,-0.096,0.63,-0.126,0.67,-0.096]},"106":{"data":[0.214,0.018,0.238,0.018,0.230971,0.034971,0.214,0.018,0.230971,0.034971,0.214,0.042,0.214,0.018,0.214,0.042,0.197029,0.034971,0.214,0.018,0.197029,0.034971,0.19,0.018,0.214,0.018,0.19,0.018,0.197029,0.001029,0.214,0.018,0.197029,0.001029,0.214,-0.006,0.214,0.018,0.214,-0.006,0.230971,0.001029,0.214,0.018,0.230971,0.001029,0.238,0.018,0.286,0.018,0.31,0.018,0.302971,0.034971,0.286,0.018,0.302971,0.034971,0.286,0.042,0.286,0.018,0.286,0.042,0.269029,0.034971,0.286,0.018,0.269029,0.034971,0.262,0.018,0.286,0.018,0.262,0.018,0.269029,0.001029,0.286,0.018,0.269029,0.001029,0.286,-0.006,0.286,0.018,0.286,-0.006,0.302971,0.001029,0.286,0.018,0.302971,0.001029,0.31,0.018,0.514,0.018,0.538,0.018,0.530971,0.034971,0.514,0.018,0.530971,0.034971,0.514,0.042,0.514,0.018,0.514,0.042,0.497029,0.034971,0.514,0.018,0.497029,0.034971,0.49,0.018,0.514,0.018,0.49,0.018,0.497029,0.001029,0.514,0.018,0.497029,0.001029,0.514,-0.006,0.514,0.018,0.514,-0.006,0.530971,0.001029,0.514,0.018,0.530971,0.001029,0.538,0.018,0.586,0.018,0.61,0.018,0.602971,0.034971,0.586,0.018,0.602971,0.034971,0.586,0.042,0.586,0.018,0.586,0.042,0.569029,0.034971,0.586,0.018,0.569029,0.034971,0.562,0.018,0.586,0.018,0.562,0.018,0.569029,0.001029,0.586,0.018,0.569029,0.001029,0.586,-0.006,0.586,0.018,0.586,-0.006,0.602971,0.001029,0.586,0.018,0.602971,0.001029,0.61,0.018]},"109":{"data":[0.22,0.018,0.232,0.018,0.228485,0.026485,0.22,0.018,0.228485,0.026485,0.22,0.03,0.22,0.018,0.22,0.03,0.211515,0.026485,0.22,0.018,0.211515,0.026485,0.208,0.018,0.22,0.018,0.208,0.018,0.211515,0.009515,0.22,0.018,0.211515,0.009515,0.22,0.006,0.22,0.018,0.22,0.006,0.228485,0.009515,0.22,0.018,0.228485,0.009515,0.232,0.018,0.28,0.018,0.292,0.018,0.288485,0.026485,0.28,0.018,0.288485,0.026485,0.28,0.03,0.28,0.018,0.28,0.03,0.271515,0.026485,0.28,0.018,0.271515,0.026485,0.268,0.018,0.28,0.018,0.268,0.018,0.271515,0.009515,0.28,0.018,0.271515,0.009515,0.28,0.006,0.28,0.018,0.28,0.006,0.288485,0.009515,0.28,0.018,0.288485,0.009515,0.292,0.018,0.52,0.018,0.532,0.018,0.528485,0.026485,0.52,0.018,0.528485,0.026485,0.52,0.03,0.52,0.018,0.52,0.03,0.511515,0.026485,0.52,0.018,0.511515,0.026485,0.508,0.018,0.52,0.018,0.508,0.018,0.511515,0.009515,0.52,0.018,0.511515,0.009515,0.52,0.006,0.52,0.018,0.52,0.006,0.528485,0.009515,0.52,0.018,0.528485,0.009515,0.532,0.018,0.58,0.018,0.592,0.018,0.588485,0.026485,0.58,0.018,0.588485,0.026485,0.58,0.03,0.58,0.018,0.58,0.03,0.571515,0.026485,0.58,0.018,0.571515,0.026485,0.568,0.018,0.58,0.018,0.568,0.018,0.571515,0.009515,0.58,0.018,0.571515,0.009515,0.58,0.006,0.58,0.018,0.58,0.006,0.588485,0.009515,0.58,0.018,0.588485,0.009515,0.592,0.018]},"112":{"data":[-0.8,-0.35,-0.62,-0.35,-0.44,-0.35,-0.26,-0.35,-0.08,-0.35,0.1,-0.35,0.28,-0.35,0.46,-0.35,0.64,-0.35,0.82,-0.35]}},"transforms":{},"panes":{"1":{"name":"pacman","region":{"clipYMin":-1.0,"clipYMax":1.0,"clipXMin":-1.0,"clipXMax":1.0},"hasClearColor":true,"clearColor":[0.0,0.0,0.15,1.0]}},"layers":{"10":{"paneId":1,"name":"bodies"},"11":{"paneId":1,"name":"eyes_w"},"12":{"paneId":1,"name":"eyes_d"}},"geometries":{"101":{"vertexBufferId":100,"format":"pos2_clip","vertexCount":84},"104":{"vertexBufferId":103,"format":"pos2_clip","vertexCount":126},"107":{"vertexBufferId":106,"format":"pos2_clip","vertexCount":96},"110":{"vertexBufferId":109,"format":"pos2_clip","vertexCount":96},"113":{"vertexBufferId":112,"format":"pos2_clip","vertexCount":10}},"drawItems":{"102":{"layerId":10,"name":"pacman","pipeline":"triSolid@1","geometryId":101,"color":[1.0,0.9,0.1,1.0]},"105":{"layerId":10,"name":"ghosts","pipeline":"triSolid@1","geometryId":104,"color":[0.9,0.2,0.2,1.0]},"108":{"layerId":11,"name":"eyes_white","pipeline":"triSolid@1","geometryId":107,"color":[0.95,0.95,0.95,1.0]},"111":{"layerId":12,"name":"eyes_dark","pipeline":"triSolid@1","geometryId":110,"color":[0.1,0.1,0.3,1.0]},"114":{"layerId":10,"name":"dots","pipeline":"points@1","geometryId":113,"color":[1.0,0.9,0.7,1.0],"pointSize":6.0}}}