{"version":1,"viewport":{"width":700,"height":200},"buffers":{"100":{"data":[-0.77,0.0,-0.71,0.0,-0.715942,0.026033,-0.77,0.0,-0.715942,0.026033,-0.732591,0.04691,-0.77,0.0,-0.732591,0.04691,-0.756649,0.058496,-0.77,0.0,-0.756649,0.058496,-0.783351,0.058496,-0.77,0.0,-0.783351,0.058496,-0.807409,0.04691,-0.77,0.0,-0.807409,0.04691,-0.824058,0.026033,-0.77,0.0,-0.824058,0.026033,-0.83,0.0,-0.77,0.0,-0.83,0.0,-0.824058,-0.026033,-0.77,0.0,-0.824058,-0.026033,-0.807409,-0.04691,-0.77,0.0,-0.807409,-0.04691,-0.783351,-0.058496,-0.77,0.0,-0.783351,-0.058496,-0.756649,-0.058496,-0.77,0.0,-0.756649,-0.058496,-0.732591,-0.04691,-0.77,0.0,-0.732591,-0.04691,-0.715942,-0.026033,-0.77,0.0,-0.715942,-0.026033,-0.71,-0.0,-0.55,0.0,-0.49,0.0,-0.495942,0.026033,-0.55,0.0,-0.495942,0.026033,-0.512591,0.04691,-0.55,0.0,-0.512591,0.04691,-0.536649,0.058496,-0.55,0.0,-0.536649,0.058496,-0.563351,0.058496,-0.55,0.0,-0.563351,0.058496,-0.587409,0.04691,-0.55,0.0,-0.587409,0.04691,-0.604058,0.026033,-0.55,0.0,-0.604058,0.026033,-0.61,0.0,-0.55,0.0,-0.61,0.0,-0.604058,-0.026033,-0.55,0.0,-0.604058,-0.026033,-0.587409,-0.04691,-0.55,0.0,-0.587409,-0.04691,-0.563351,-0.058496,-0.55,0.0,-0.563351,-0.058496,-0.536649,-0.058496,-0.55,0.0,-0.536649,-0.058496,-0.512591,-0.04691,-0.55,0.0,-0.512591,-0.04691,-0.495942,-0.026033,-0.55,0.0,-0.495942,-0.026033,-0.49,-0.0,-0.33,0.0,-0.27,0.0,-0.275942,0.026033,-0.33,0.0,-0.275942,0.026033,-0.292591,0.04691,-0.33,0.0,-0.292591,0.04691,-0.316649,0.058496,-0.33,0.0,-0.316649,0.058496,-0.343351,0.058496,-0.33,0.0,-0.343351,0.058496,-0.367409,0.04691,-0.33,0.0,-0.367409,0.04691,-0.384058,0.026033,-0.33,0.0,-0.384058,0.026033,-0.39,0.0,-0.33,0.0,-0.39,0.0,-0.384058,-0.026033,-0.33,0.0,-0.384058,-0.026033,-0.367409,-0.04691,-0.33,0.0,-0.367409,-0.04691,-0.343351,-0.058496,-0.33,0.0,-0.343351,-0.058496,-0.316649,-0.058496,-0.33,0.0,-0.316649,-0.058496,-0.292591,-0.04691,-0.33,0.0,-0.292591,-0.04691,-0.275942,-0.026033,-0.33,0.0,-0.275942,-0.026033,-0.27,-0.0]},"103":{"data":[-0.11,0.0,-0.05,0.0,-0.055942,0.026033,-0.11,0.0,-0.055942,0.026033,-0.072591,0.04691,-0.11,0.0,-0.072591,0.04691,-0.096649,0.058496,-0.11,0.0,-0.096649,0.058496,-0.123351,0.058496,-0.11,0.0,-0.123351,0.058496,-0.147409,0.04691,-0.11,0.0,-0.147409,0.04691,-0.164058,0.026033,-0.11,0.0,-0.164058,0.026033,-0.17,0.0,-0.11,0.0,-0.17,0.0,-0.164058,-0.026033,-0.11,0.0,-0.164058,-0.026033,-0.147409,-0.04691,-0.11,0.0,-0.147409,-0.04691,-0.123351,-0.058496,-0.11,0.0,-0.123351,-0.058496,-0.096649,-0.058496,-0.11,0.0,-0.096649,-0.058496,-0.072591,-0.04691,-0.11,0.0,-0.072591,-0.04691,-0.055942,-0.026033,-0.11,0.0,-0.055942,-0.026033,-0.05,-0.0,0.11,0.0,0.17,0.0,0.164058,0.026033,0.11,0.0,0.164058,0.026033,0.147409,0.04691,0.11,0.0,0.147409,0.04691,0.123351,0.058496,0.11,0.0,0.123351,0.058496,0.096649,0.058496,0.11,0.0,0.096649,0.058496,0.072591,0.04691,0.11,0.0,0.072591,0.04691,0.055942,0.026033,0.11,0.0,0.055942,0.026033,0.05,0.0,0.11,0.0,0.05,0.0,0.055942,-0.026033,0.11,0.0,0.055942,-0.026033,0.072591,-0.04691,0.11,0.0,0.072591,-0.04691,0.096649,-0.058496,0.11,0.0,0.096649,-0.058496,0.123351,-0.058496,0.11,0.0,0.123351,-0.058496,0.147409,-0.04691,0.11,0.0,0.147409,-0.04691,0.164058,-0.026033,0.11,0.0,0.164058,-0.026033,0.17,-0.0]},"106":{"data":[0.33,0.0,0.39,0.0,0.384058,0.026033,0.33,0.0,0.384058,0.026033,0.367409,0.04691,0.33,0.0,0.367409,0.04691,0.343351,0.058496,0.33,0.0,0.343351,0.058496,0.316649,0.058496,0.33,0.0,0.316649,0.058496,0.292591,0.04691,0.33,0.0,0.292591,0.04691,0.275942,0.026033,0.33,0.0,0.275942,0.026033,0.27,0.0,0.33,0.0,0.27,0.0,0.275942,-0.026033,0.33,0.0,0.275942,-0.026033,0.292591,-0.04691,0.33,0.0,0.292591,-0.04691,0.316649,-0.058496,0.33,0.0,0.316649,-0.058496,0.343351,-0.058496,0.33,0.0,0.343351,-0.058496,0.367409,-0.04691,0.33,0.0,0.367409,-0.04691,0.384058,-0.026033,0.33,0.0,0.384058,-0.026033,0.39,-0.0]},"109":{"data":[0.55,0.0,0.61,0.0,0.604058,0.026033,0.55,0.0,0.604058,0.026033,0.587409,0.04691,0.55,0.0,0.587409,0.04691,0.563351,0.058496,0.55,0.0,0.563351,0.058496,0.536649,0.058496,0.55,0.0,0.536649,0.058496,0.512591,0.04691,0.55,0.0,0.512591,0.04691,0.495942,0.026033,0.55,0.0,0.495942,0.026033,0.49,0.0,0.55,0.0,0.49,0.0,0.495942,-0.026033,0.55,0.0,0.495942,-0.026033,0.512591,-0.04691,0.55,0.0,0.512591,-0.04691,0.536649,-0.058496,0.55,0.0,0.536649,-0.058496,0.563351,-0.058496,0.55,0.0,0.563351,-0.058496,0.587409,-0.04691,0.55,0.0,0.587409,-0.04691,0.604058,-0.026033,0.55,0.0,0.604058,-0.026033,0.61,-0.0,0.77,0.0,0.83,0.0,0.824058,0.026033,0.77,0.0,0.824058,0.026033,0.807409,0.04691,0.77,0.0,0.807409,0.04691,0.783351,0.058496,0.77,0.0,0.783351,0.058496,0.756649,0.058496,0.77,0.0,0.756649,0.058496,0.732591,0.04691,0.77,0.0,0.732591,0.04691,0.715942,0.026033,0.77,0.0,0.715942,0.026033,0.71,0.0,0.77,0.0,0.71,0.0,0.715942,-0.026033,0.77,0.0,0.715942,-0.026033,0.732591,-0.04691,0.77,0.0,0.732591,-0.04691,0.756649,-0.058496,0.77,0.0,0.756649,-0.058496,0.783351,-0.058496,0.77,0.0,0.783351,-0.058496,0.807409,-0.04691,0.77,0.0,0.807409,-0.04691,0.824058,-0.026033,0.77,0.0,0.824058,-0.026033,0.83,-0.0]}},"transforms":{},"panes":{"1":{"name":"status","region":{"clipYMin":-1.0,"clipYMax":1.0,"clipXMin":-1.0,"clipXMax":1.0},"hasClearColor":true,"clearColor":[0.06,0.09,0.16,1.0]}},"layers":{"10":{"paneId":1,"name":"dots"}},"geometries":{"101":{"vertexBufferId":100,"format":"pos2_clip","vertexCount":126},"104":{"vertexBufferId":103,"format":"pos2_clip","vertexCount":84},"107":{"vertexBufferId":106,"format":"pos2_clip","vertexCount":42},"110":{"vertexBufferId":109,"format":"pos2_clip","vertexCount":84}},"drawItems":{"102":{"layerId":10,"name":"healthy","pipeline":"triSolid@1","geometryId":101,"color":[0.2,0.8,0.3,1.0]},"105":{"layerId":10,"name":"warning","pipeline":"triSolid@1","geometryId":104,"color":[0.95,0.8,0.1,1.0]},"108":{"layerId":10,"name":"critical","pipeline":"triSolid@1","geometryId":107,"color":[0.9,0.15,0.15,1.0]},"111":{"layerId":10,"name":"inactive","pipeline":"triSolid@1","geometryId":110,"color":[0.4,0.42,0.48,1.0]}}}