{"version":1,"viewport":{"width":600,"height":600},"buffers":{"100":{"data":[-0.615,-0.615,-0.535,-0.615,-0.545718,-0.575,-0.615,-0.615,-0.545718,-0.575,-0.575,-0.545718,-0.615,-0.615,-0.575,-0.545718,-0.615,-0.535,-0.615,-0.615,-0.615,-0.535,-0.655,-0.545718,-0.615,-0.615,-0.655,-0.545718,-0.684282,-0.575,-0.615,-0.615,-0.684282,-0.575,-0.695,-0.615,-0.615,-0.615,-0.695,-0.615,-0.684282,-0.655,-0.615,-0.615,-0.684282,-0.655,-0.655,-0.684282,-0.615,-0.615,-0.655,-0.684282,-0.615,-0.695,-0.615,-0.615,-0.615,-0.695,-0.575,-0.684282,-0.615,-0.615,-0.575,-0.684282,-0.545718,-0.655,-0.615,-0.615,-0.545718,-0.655,-0.535,-0.615,-0.205,-0.535,-0.27428,-0.655,-0.13572,-0.655,0.149,-0.671,0.261,-0.671,0.261,-0.559,0.149,-0.671,0.261,-0.559,0.149,-0.559,-0.615,-0.205,-0.535,-0.205,-0.545718,-0.165,-0.615,-0.205,-0.545718,-0.165,-0.575,-0.135718,-0.615,-0.205,-0.575,-0.135718,-0.615,-0.125,-0.615,-0.205,-0.615,-0.125,-0.655,-0.135718,-0.615,-0.205,-0.655,-0.135718,-0.684282,-0.165,-0.615,-0.205,-0.684282,-0.165,-0.695,-0.205,-0.615,-0.205,-0.695,-0.205,-0.684282,-0.245,-0.615,-0.205,-0.684282,-0.245,-0.655,-0.274282,-0.615,-0.205,-0.655,-0.274282,-0.615,-0.285,-0.615,-0.205,-0.615,-0.285,-0.575,-0.274282,-0.615,-0.205,-0.575,-0.274282,-0.545718,-0.245,-0.615,-0.205,-0.545718,-0.245,-0.535,-0.205,-0.205,-0.125,-0.27428,-0.245,-0.13572,-0.245,0.149,-0.261,0.261,-0.261,0.261,-0.149,0.149,-0.261,0.261,-0.149,0.149,-0.149,-0.615,0.205,-0.535,0.205,-0.545718,0.245,-0.615,0.205,-0.545718,0.245,-0.575,0.274282,-0.615,0.205,-0.575,0.274282,-0.615,0.285,-0.615,0.205,-0.615,0.285,-0.655,0.274282,-0.615,0.205,-0.655,0.274282,-0.684282,0.245,-0.615,0.205,-0.684282,0.245,-0.695,0.205,-0.615,0.205,-0.695,0.205,-0.684282,0.165,-0.615,0.205,-0.684282,0.165,-0.655,0.135718,-0.615,0.205,-0.655,0.135718,-0.615,0.125,-0.615,0.205,-0.615,0.125,-0.575,0.135718,-0.615,0.205,-0.575,0.135718,-0.545718,0.165,-0.615,0.205,-0.545718,0.165,-0.535,0.205,-0.205,0.285,-0.27428,0.165,-0.13572,0.165,0.149,0.149,0.261,0.149,0.261,0.261,0.149,0.149,0.261,0.261,0.149,0.261,-0.615,0.615,-0.535,0.615,-0.545718,0.655,-0.615,0.615,-0.545718,0.655,-0.575,0.684282,-0.615,0.615,-0.575,0.684282,-0.615,0.695,-0.615,0.615,-0.615,0.695,-0.655,0.684282,-0.615,0.615,-0.655,0.684282,-0.684282,0.655,-0.615,0.615,-0.684282,0.655,-0.695,0.615,-0.615,0.615,-0.695,0.615,-0.684282,0.575,-0.615,0.615,-0.684282,0.575,-0.655,0.545718,-0.615,0.615,-0.655,0.545718,-0.615,0.535,-0.615,0.615,-0.615,0.535,-0.575,0.545718,-0.615,0.615,-0.575,0.545718,-0.545718,0.575,-0.615,0.615,-0.545718,0.575,-0.535,0.615,-0.205,0.695,-0.27428,0.575,-0.13572,0.575,0.149,0.559,0.261,0.559,0.261,0.671,0.149,0.559,0.261,0.671,0.149,0.671]},"103":{"data":[0.559,-0.671,0.671,-0.559,0.559,-0.559,0.671,-0.671,0.559,-0.261,0.671,-0.149,0.559,-0.149,0.671,-0.261,0.559,0.149,0.671,0.261,0.559,0.261,0.671,0.149,0.559,0.559,0.671,0.671,0.559,0.671,0.671,0.559]}},"transforms":{},"panes":{"1":{"name":"icons","region":{"clipYMin":-1.0,"clipYMax":1.0,"clipXMin":-1.0,"clipXMax":1.0},"hasClearColor":true,"clearColor":[0.06,0.09,0.16,1.0]}},"layers":{"10":{"paneId":1,"name":"icons"}},"geometries":{"101":{"vertexBufferId":100,"format":"pos2_clip","vertexCount":180},"104":{"vertexBufferId":103,"format":"rect4","vertexCount":8}},"drawItems":{"102":{"layerId":10,"name":"filled_icons","pipeline":"triSolid@1","geometryId":101,"color":[0.6,0.7,0.85,1.0]},"105":{"layerId":10,"name":"line_icons","pipeline":"lineAA@1","geometryId":104,"color":[0.6,0.7,0.85,1.0],"lineWidth":2.5}}}