{"version":1,"viewport":{"width":900,"height":300},"buffers":{"100":{"data":[-0.9,-0.08,0.9,-0.08,-0.9,-0.04,0.9,-0.04,-0.9,0.0,0.9,0.0,-0.9,0.04,0.9,0.04,-0.9,0.08,0.9,0.08,-0.9,-0.08,-0.9,0.08,-0.45,-0.08,-0.45,0.08,0.0,-0.08,0.0,0.08,0.45,-0.08,0.45,0.08,0.9,-0.08,0.9,0.08]},"103":{"data":[-0.78,-0.12,-0.762,-0.12,-0.767272,-0.107272,-0.78,-0.12,-0.767272,-0.107272,-0.78,-0.102,-0.78,-0.12,-0.78,-0.102,-0.792728,-0.107272,-0.78,-0.12,-0.792728,-0.107272,-0.798,-0.12,-0.78,-0.12,-0.798,-0.12,-0.792728,-0.132728,-0.78,-0.12,-0.792728,-0.132728,-0.78,-0.138,-0.78,-0.12,-0.78,-0.138,-0.767272,-0.132728,-0.78,-0.12,-0.767272,-0.132728,-0.762,-0.12,-0.68,-0.08,-0.662,-0.08,-0.667272,-0.067272,-0.68,-0.08,-0.667272,-0.067272,-0.68,-0.062,-0.68,-0.08,-0.68,-0.062,-0.692728,-0.067272,-0.68,-0.08,-0.692728,-0.067272,-0.698,-0.08,-0.68,-0.08,-0.698,-0.08,-0.692728,-0.092728,-0.68,-0.08,-0.692728,-0.092728,-0.68,-0.098,-0.68,-0.08,-0.68,-0.098,-0.667272,-0.092728,-0.68,-0.08,-0.667272,-0.092728,-0.662,-0.08,-0.58,0.0,-0.562,0.0,-0.567272,0.012728,-0.58,0.0,-0.567272,0.012728,-0.58,0.018,-0.58,0.0,-0.58,0.018,-0.592728,0.012728,-0.58,0.0,-0.592728,0.012728,-0.598,0.0,-0.58,0.0,-0.598,0.0,-0.592728,-0.012728,-0.58,0.0,-0.592728,-0.012728,-0.58,-0.018,-0.58,0.0,-0.58,-0.018,-0.567272,-0.012728,-0.58,0.0,-0.567272,-0.012728,-0.562,-0.0,-0.48,-0.08,-0.462,-0.08,-0.467272,-0.067272,-0.48,-0.08,-0.467272,-0.067272,-0.48,-0.062,-0.48,-0.08,-0.48,-0.062,-0.492728,-0.067272,-0.48,-0.08,-0.492728,-0.067272,-0.498,-0.08,-0.48,-0.08,-0.498,-0.08,-0.492728,-0.092728,-0.48,-0.08,-0.492728,-0.092728,-0.48,-0.098,-0.48,-0.08,-0.48,-0.098,-0.467272,-0.092728,-0.48,-0.08,-0.467272,-0.092728,-0.462,-0.08,-0.33,-0.04,-0.312,-0.04,-0.317272,-0.027272,-0.33,-0.04,-0.317272,-0.027272,-0.33,-0.022,-0.33,-0.04,-0.33,-0.022,-0.342728,-0.027272,-0.33,-0.04,-0.342728,-0.027272,-0.348,-0.04,-0.33,-0.04,-0.348,-0.04,-0.342728,-0.052728,-0.33,-0.04,-0.342728,-0.052728,-0.33,-0.058,-0.33,-0.04,-0.33,-0.058,-0.317272,-0.052728,-0.33,-0.04,-0.317272,-0.052728,-0.312,-0.04,-0.23,0.04,-0.212,0.04,-0.217272,0.052728,-0.23,0.04,-0.217272,0.052728,-0.23,0.058,-0.23,0.04,-0.23,0.058,-0.242728,0.052728,-0.23,0.04,-0.242728,0.052728,-0.248,0.04,-0.23,0.04,-0.248,0.04,-0.242728,0.027272,-0.23,0.04,-0.242728,0.027272,-0.23,0.022,-0.23,0.04,-0.23,0.022,-0.217272,0.027272,-0.23,0.04,-0.217272,0.027272,-0.212,0.04,-0.13,0.12,-0.112,0.12,-0.117272,0.132728,-0.13,0.12,-0.117272,0.132728,-0.13,0.138,-0.13,0.12,-0.13,0.138,-0.142728,0.132728,-0.13,0.12,-0.142728,0.132728,-0.148,0.12,-0.13,0.12,-0.148,0.12,-0.142728,0.107272,-0.13,0.12,-0.142728,0.107272,-0.13,0.102,-0.13,0.12,-0.13,0.102,-0.117272,0.107272,-0.13,0.12,-0.117272,0.107272,-0.112,0.12,-0.03,0.04,-0.012,0.04,-0.017272,0.052728,-0.03,0.04,-0.017272,0.052728,-0.03,0.058,-0.03,0.04,-0.03,0.058,-0.042728,0.052728,-0.03,0.04,-0.042728,0.052728,-0.048,0.04,-0.03,0.04,-0.048,0.04,-0.042728,0.027272,-0.03,0.04,-0.042728,0.027272,-0.03,0.022,-0.03,0.04,-0.03,0.022,-0.017272,0.027272,-0.03,0.04,-0.017272,0.027272,-0.012,0.04,0.1,0.0,0.118,0.0,0.112728,0.012728,0.1,0.0,0.112728,0.012728,0.1,0.018,0.1,0.0,0.1,0.018,0.087272,0.012728,0.1,0.0,0.087272,0.012728,0.082,0.0,0.1,0.0,0.082,0.0,0.087272,-0.012728,0.1,0.0,0.087272,-0.012728,0.1,-0.018,0.1,0.0,0.1,-0.018,0.112728,-0.012728,0.1,0.0,0.112728,-0.012728,0.118,-0.0,0.3,-0.08,0.318,-0.08,0.312728,-0.067272,0.3,-0.08,0.312728,-0.067272,0.3,-0.062,0.3,-0.08,0.3,-0.062,0.287272,-0.067272,0.3,-0.08,0.287272,-0.067272,0.282,-0.08,0.3,-0.08,0.282,-0.08,0.287272,-0.092728,0.3,-0.08,0.287272,-0.092728,0.3,-0.098,0.3,-0.08,0.3,-0.098,0.312728,-0.092728,0.3,-0.08,0.312728,-0.092728,0.318,-0.08,0.6,-0.12,0.618,-0.12,0.612728,-0.107272,0.6,-0.12,0.612728,-0.107272,0.6,-0.102,0.6,-0.12,0.6,-0.102,0.587272,-0.107272,0.6,-0.12,0.587272,-0.107272,0.582,-0.12,0.6,-0.12,0.582,-0.12,0.587272,-0.132728,0.6,-0.12,0.587272,-0.132728,0.6,-0.138,0.6,-0.12,0.6,-0.138,0.612728,-0.132728,0.6,-0.12,0.612728,-0.132728,0.618,-0.12]},"106":{"data":[-0.764,-0.12,-0.764,0.0,-0.664,-0.08,-0.664,0.04,-0.564,0.0,-0.564,0.12,-0.464,-0.08,-0.464,0.04,-0.314,-0.04,-0.314,0.08,-0.214,0.04,-0.214,0.16,-0.114,0.12,-0.114,0.24,-0.014,0.04,-0.014,0.16,0.116,0.0,0.116,0.12,0.316,-0.08,0.316,0.04]}},"transforms":{},"panes":{"1":{"name":"music","region":{"clipYMin":-1.0,"clipYMax":1.0,"clipXMin":-1.0,"clipXMax":1.0},"hasClearColor":true,"clearColor":[0.95,0.93,0.88,1.0]}},"layers":{"10":{"paneId":1,"name":"staff"},"11":{"paneId":1,"name":"notes"},"12":{"paneId":1,"name":"stems"}},"geometries":{"101":{"vertexBufferId":100,"format":"rect4","vertexCount":10},"104":{"vertexBufferId":103,"format":"pos2_clip","vertexCount":264},"107":{"vertexBufferId":106,"format":"rect4","vertexCount":10}},"drawItems":{"102":{"layerId":10,"name":"staff_lines","pipeline":"lineAA@1","geometryId":101,"color":[0.2,0.2,0.2,1.0],"lineWidth":1.5},"105":{"layerId":11,"name":"note_heads","pipeline":"triSolid@1","geometryId":104,"color":[0.1,0.1,0.1,1.0]},"108":{"layerId":12,"name":"note_stems","pipeline":"lineAA@1","geometryId":107,"color":[0.1,0.1,0.1,1.0],"lineWidth":1.5}}}