{"version":1,"viewport":{"width":600,"height":700},"buffers":{"100":{"data":[-0.85,-0.85,0.85,-0.85,-0.85,-0.85,-0.85,0.85,0.85,-0.85,0.85,0.85,-0.85,0.85,0.85,0.85,-0.25,-0.85,-0.25,-0.3,0.25,-0.85,0.25,-0.3,-0.25,-0.3,0.25,-0.3,0.25,-0.3,0.241481,-0.235295,0.241481,-0.235295,0.216506,-0.175,0.216506,-0.175,0.176777,-0.123223,0.176777,-0.123223,0.125,-0.083494,0.125,-0.083494,0.064705,-0.058519,0.064705,-0.058519,0.0,-0.05,0.0,-0.05,-0.064705,-0.058519,-0.064705,-0.058519,-0.125,-0.083494,-0.125,-0.083494,-0.176777,-0.123223,-0.176777,-0.123223,-0.216506,-0.175,-0.216506,-0.175,-0.241481,-0.235295,-0.241481,-0.235295,-0.25,-0.3,0.534604,-0.577606,0.501484,-0.520586,0.501484,-0.520586,0.462308,-0.467546,0.462308,-0.467546,0.417548,-0.419124,0.417548,-0.419124,0.367744,-0.375907,0.367744,-0.375907,0.313499,-0.338416,0.313499,-0.338416,0.255468,-0.307104,0.255468,-0.307104,0.19435,-0.282349,0.19435,-0.282349,0.130886,-0.26445,0.130886,-0.26445,0.065841,-0.253623,0.065841,-0.253623,0.0,-0.25,0.0,-0.25,-0.065841,-0.253623,-0.065841,-0.253623,-0.130886,-0.26445,-0.130886,-0.26445,-0.19435,-0.282349,-0.19435,-0.282349,-0.255468,-0.307104,-0.255468,-0.307104,-0.313499,-0.338416,-0.313499,-0.338416,-0.367744,-0.375907,-0.367744,-0.375907,-0.417548,-0.419124,-0.417548,-0.419124,-0.462308,-0.467546,-0.462308,-0.467546,-0.501484,-0.520586,-0.501484,-0.520586,-0.534604,-0.577606,0.534604,-0.85,0.534604,-0.7,-0.534604,-0.85,-0.534604,-0.7,0.04,-0.78,0.028284,-0.751716,0.028284,-0.751716,0.0,-0.74,0.0,-0.74,-0.028284,-0.751716,-0.028284,-0.751716,-0.04,-0.78,-0.04,-0.78,-0.028284,-0.808284,-0.028284,-0.808284,-0.0,-0.82,-0.0,-0.82,0.028284,-0.808284,0.028284,-0.808284,0.04,-0.78]},"103":{"data":[0.0,-0.45,0.04,-0.45,0.032361,-0.426489,0.0,-0.45,0.032361,-0.426489,0.012361,-0.411958,0.0,-0.45,0.012361,-0.411958,-0.012361,-0.411958,0.0,-0.45,-0.012361,-0.411958,-0.032361,-0.426489,0.0,-0.45,-0.032361,-0.426489,-0.04,-0.45,0.0,-0.45,-0.04,-0.45,-0.032361,-0.473511,0.0,-0.45,-0.032361,-0.473511,-0.012361,-0.488042,0.0,-0.45,-0.012361,-0.488042,0.012361,-0.488042,0.0,-0.45,0.012361,-0.488042,0.032361,-0.473511,0.0,-0.45,0.032361,-0.473511,0.04,-0.45,-0.5,-0.2,-0.46,-0.2,-0.467639,-0.176489,-0.5,-0.2,-0.467639,-0.176489,-0.487639,-0.161958,-0.5,-0.2,-0.487639,-0.161958,-0.512361,-0.161958,-0.5,-0.2,-0.512361,-0.161958,-0.532361,-0.176489,-0.5,-0.2,-0.532361,-0.176489,-0.54,-0.2,-0.5,-0.2,-0.54,-0.2,-0.532361,-0.223511,-0.5,-0.2,-0.532361,-0.223511,-0.512361,-0.238042,-0.5,-0.2,-0.512361,-0.238042,-0.487639,-0.238042,-0.5,-0.2,-0.487639,-0.238042,-0.467639,-0.223511,-0.5,-0.2,-0.467639,-0.223511,-0.46,-0.2,0.5,-0.2,0.54,-0.2,0.532361,-0.176489,0.5,-0.2,0.532361,-0.176489,0.512361,-0.161958,0.5,-0.2,0.512361,-0.161958,0.487639,-0.161958,0.5,-0.2,0.487639,-0.161958,0.467639,-0.176489,0.5,-0.2,0.467639,-0.176489,0.46,-0.2,0.5,-0.2,0.46,-0.2,0.467639,-0.223511,0.5,-0.2,0.467639,-0.223511,0.487639,-0.238042,0.5,-0.2,0.487639,-0.238042,0.512361,-0.238042,0.5,-0.2,0.512361,-0.238042,0.532361,-0.223511,0.5,-0.2,0.532361,-0.223511,0.54,-0.2,-0.6,0.3,-0.56,0.3,-0.567639,0.323511,-0.6,0.3,-0.567639,0.323511,-0.587639,0.338042,-0.6,0.3,-0.587639,0.338042,-0.612361,0.338042,-0.6,0.3,-0.612361,0.338042,-0.632361,0.323511,-0.6,0.3,-0.632361,0.323511,-0.64,0.3,-0.6,0.3,-0.64,0.3,-0.632361,0.276489,-0.6,0.3,-0.632361,0.276489,-0.612361,0.261958,-0.6,0.3,-0.612361,0.261958,-0.587639,0.261958,-0.6,0.3,-0.587639,0.261958,-0.567639,0.276489,-0.6,0.3,-0.567639,0.276489,-0.56,0.3,0.6,0.3,0.64,0.3,0.632361,0.323511,0.6,0.3,0.632361,0.323511,0.612361,0.338042,0.6,0.3,0.612361,0.338042,0.587639,0.338042,0.6,0.3,0.587639,0.338042,0.567639,0.323511,0.6,0.3,0.567639,0.323511,0.56,0.3,0.6,0.3,0.56,0.3,0.567639,0.276489,0.6,0.3,0.567639,0.276489,0.587639,0.261958,0.6,0.3,0.587639,0.261958,0.612361,0.261958,0.6,0.3,0.612361,0.261958,0.632361,0.276489,0.6,0.3,0.632361,0.276489,0.64,0.3]},"106":{"data":[-0.6,0.3,-0.3,0.0,-0.3,0.0,-0.1,-0.4,0.6,0.3,0.4,-0.1,0.0,-0.45,-0.15,-0.35]},"109":{"data":[-0.073167,-0.453666,-0.121466,-0.410733,-0.078534,-0.389267,0.373167,-0.153666,0.378534,-0.089267,0.421466,-0.110733,-0.191603,-0.322265,-0.138906,-0.333359,-0.161094,-0.366641]}},"transforms":{},"panes":{"1":{"name":"court","region":{"clipYMin":-1.0,"clipYMax":1.0,"clipXMin":-1.0,"clipXMax":1.0},"hasClearColor":true,"clearColor":[0.12,0.08,0.04,1.0]}},"layers":{"10":{"paneId":1,"name":"court"},"11":{"paneId":1,"name":"arrows"},"12":{"paneId":1,"name":"players"}},"geometries":{"101":{"vertexBufferId":100,"format":"rect4","vertexCount":49},"104":{"vertexBufferId":103,"format":"pos2_clip","vertexCount":150},"107":{"vertexBufferId":106,"format":"rect4","vertexCount":4},"110":{"vertexBufferId":109,"format":"pos2_clip","vertexCount":9}},"drawItems":{"102":{"layerId":10,"name":"court_lines","pipeline":"lineAA@1","geometryId":101,"color":[0.85,0.75,0.55,1.0],"lineWidth":2.0},"105":{"layerId":12,"name":"player_dots","pipeline":"triSolid@1","geometryId":104,"color":[0.2,0.5,0.9,1.0]},"108":{"layerId":11,"name":"arrow_paths","pipeline":"lineAA@1","geometryId":107,"color":[0.9,0.9,0.2,0.9],"lineWidth":2.0,"dashLength":6.0,"gapLength":3.0},"111":{"layerId":11,"name":"arrow_heads","pipeline":"triSolid@1","geometryId":110,"color":[0.9,0.9,0.2,0.9]}}}