{"version":1,"viewport":{"width":700,"height":600},"buffers":{"100":{"data":[0.82,0.0,0.812985,0.084842,0.812985,0.084842,0.792059,0.168232,0.792059,0.168232,0.757581,0.248744,0.757581,0.248744,0.710141,0.325,0.710141,0.325,0.65055,0.395695,0.65055,0.395695,0.579828,0.459619,0.579828,0.459619,0.499184,0.51568,0.499184,0.51568,0.41,0.562917,0.41,0.562917,0.3138,0.600522,0.3138,0.600522,0.212232,0.627852,0.212232,0.627852,0.107031,0.644439,0.107031,0.644439,0.0,0.65,0.0,0.65,-0.107031,0.644439,-0.107031,0.644439,-0.212232,0.627852,-0.212232,0.627852,-0.3138,0.600522,-0.3138,0.600522,-0.41,0.562917,-0.41,0.562917,-0.499184,0.51568,-0.499184,0.51568,-0.579828,0.459619,-0.579828,0.459619,-0.65055,0.395695,-0.65055,0.395695,-0.710141,0.325,-0.710141,0.325,-0.757581,0.248744,-0.757581,0.248744,-0.792059,0.168232,-0.792059,0.168232,-0.812985,0.084842,-0.812985,0.084842,-0.82,0.0,-0.82,0.0,-0.812985,-0.084842,-0.812985,-0.084842,-0.792059,-0.168232,-0.792059,-0.168232,-0.757581,-0.248744,-0.757581,-0.248744,-0.710141,-0.325,-0.710141,-0.325,-0.65055,-0.395695,-0.65055,-0.395695,-0.579828,-0.459619,-0.579828,-0.459619,-0.499184,-0.51568,-0.499184,-0.51568,-0.41,-0.562917,-0.41,-0.562917,-0.3138,-0.600522,-0.3138,-0.600522,-0.212232,-0.627852,-0.212232,-0.627852,-0.107031,-0.644439,-0.107031,-0.644439,-0.0,-0.65,-0.0,-0.65,0.107031,-0.644439,0.107031,-0.644439,0.212232,-0.627852,0.212232,-0.627852,0.3138,-0.600522,0.3138,-0.600522,0.41,-0.562917,0.41,-0.562917,0.499184,-0.51568,0.499184,-0.51568,0.579828,-0.459619,0.579828,-0.459619,0.65055,-0.395695,0.65055,-0.395695,0.710141,-0.325,0.710141,-0.325,0.757581,-0.248744,0.757581,-0.248744,0.792059,-0.168232,0.792059,-0.168232,0.812985,-0.084842,0.812985,-0.084842,0.82,-0.0,0.78,0.0,0.770397,0.096989,0.770397,0.096989,0.741824,0.191591,0.741824,0.191591,0.694985,0.281474,0.694985,0.281474,0.631033,0.364427,0.631033,0.364427,0.551543,0.438406,0.551543,0.438406,0.458472,0.501591,0.458472,0.501591,0.354113,0.552424,0.354113,0.552424,0.241033,0.589655,0.241033,0.589655,0.122019,0.612367,0.122019,0.612367,0.0,0.62,0.0,0.62,-0.122019,0.612367,-0.122019,0.612367,-0.241033,0.589655,-0.241033,0.589655,-0.354113,0.552424,-0.354113,0.552424,-0.458472,0.501591,-0.458472,0.501591,-0.551543,0.438406,-0.551543,0.438406,-0.631033,0.364427,-0.631033,0.364427,-0.694985,0.281474,-0.694985,0.281474,-0.741824,0.191591,-0.741824,0.191591,-0.770397,0.096989,-0.770397,0.096989,-0.78,0.0,-0.78,0.0,-0.770397,-0.096989,-0.770397,-0.096989,-0.741824,-0.191591,-0.741824,-0.191591,-0.694985,-0.281474,-0.694985,-0.281474,-0.631033,-0.364427,-0.631033,-0.364427,-0.551543,-0.438406,-0.551543,-0.438406,-0.458472,-0.501591,-0.458472,-0.501591,-0.354113,-0.552424,-0.354113,-0.552424,-0.241033,-0.589655,-0.241033,-0.589655,-0.122019,-0.612367,-0.122019,-0.612367,-0.0,-0.62,-0.0,-0.62,0.122019,-0.612367,0.122019,-0.612367,0.241033,-0.589655,0.241033,-0.589655,0.354113,-0.552424,0.354113,-0.552424,0.458472,-0.501591,0.458472,-0.501591,0.551543,-0.438406,0.551543,-0.438406,0.631033,-0.364427,0.631033,-0.364427,0.694985,-0.281474,0.694985,-0.281474,0.741824,-0.191591,0.741824,-0.191591,0.770397,-0.096989,0.770397,-0.096989,0.78,-0.0]},"103":{"data":[-0.25,-0.05,0.05,-0.05,0.035317,0.042705,-0.25,-0.05,0.035317,0.042705,-0.007295,0.126336,-0.25,-0.05,-0.007295,0.126336,-0.073664,0.192705,-0.25,-0.05,-0.073664,0.192705,-0.157295,0.235317,-0.25,-0.05,-0.157295,0.235317,-0.25,0.25,-0.25,-0.05,-0.25,0.25,-0.342705,0.235317,-0.25,-0.05,-0.342705,0.235317,-0.426336,0.192705,-0.25,-0.05,-0.426336,0.192705,-0.492705,0.126336,-0.25,-0.05,-0.492705,0.126336,-0.535317,0.042705,-0.25,-0.05,-0.535317,0.042705,-0.55,-0.05,-0.25,-0.05,-0.55,-0.05,-0.535317,-0.142705,-0.25,-0.05,-0.535317,-0.142705,-0.492705,-0.226336,-0.25,-0.05,-0.492705,-0.226336,-0.426336,-0.292705,-0.25,-0.05,-0.426336,-0.292705,-0.342705,-0.335317,-0.25,-0.05,-0.342705,-0.335317,-0.25,-0.35,-0.25,-0.05,-0.25,-0.35,-0.157295,-0.335317,-0.25,-0.05,-0.157295,-0.335317,-0.073664,-0.292705,-0.25,-0.05,-0.073664,-0.292705,-0.007295,-0.226336,-0.25,-0.05,-0.007295,-0.226336,0.035317,-0.142705,-0.25,-0.05,0.035317,-0.142705,0.05,-0.05]},"106":{"data":[0.2,0.05,0.38,0.05,0.366298,0.118883,0.2,0.05,0.366298,0.118883,0.327279,0.177279,0.2,0.05,0.327279,0.177279,0.268883,0.216298,0.2,0.05,0.268883,0.216298,0.2,0.23,0.2,0.05,0.2,0.23,0.131117,0.216298,0.2,0.05,0.131117,0.216298,0.072721,0.177279,0.2,0.05,0.072721,0.177279,0.033702,0.118883,0.2,0.05,0.033702,0.118883,0.02,0.05,0.2,0.05,0.02,0.05,0.033702,-0.018883,0.2,0.05,0.033702,-0.018883,0.072721,-0.077279,0.2,0.05,0.072721,-0.077279,0.131117,-0.116298,0.2,0.05,0.131117,-0.116298,0.2,-0.13,0.2,0.05,0.2,-0.13,0.268883,-0.116298,0.2,0.05,0.268883,-0.116298,0.327279,-0.077279,0.2,0.05,0.327279,-0.077279,0.366298,-0.018883,0.2,0.05,0.366298,-0.018883,0.38,0.05]},"109":{"data":[-0.55,0.3,-0.51,0.3,-0.521716,0.328284,-0.55,0.3,-0.521716,0.328284,-0.55,0.34,-0.55,0.3,-0.55,0.34,-0.578284,0.328284,-0.55,0.3,-0.578284,0.328284,-0.59,0.3,-0.55,0.3,-0.59,0.3,-0.578284,0.271716,-0.55,0.3,-0.578284,0.271716,-0.55,0.26,-0.55,0.3,-0.55,0.26,-0.521716,0.271716,-0.55,0.3,-0.521716,0.271716,-0.51,0.3,-0.4,0.4,-0.36,0.4,-0.371716,0.428284,-0.4,0.4,-0.371716,0.428284,-0.4,0.44,-0.4,0.4,-0.4,0.44,-0.428284,0.428284,-0.4,0.4,-0.428284,0.428284,-0.44,0.4,-0.4,0.4,-0.44,0.4,-0.428284,0.371716,-0.4,0.4,-0.428284,0.371716,-0.4,0.36,-0.4,0.4,-0.4,0.36,-0.371716,0.371716,-0.4,0.4,-0.371716,0.371716,-0.36,0.4,-0.15,0.45,-0.11,0.45,-0.121716,0.478284,-0.15,0.45,-0.121716,0.478284,-0.15,0.49,-0.15,0.45,-0.15,0.49,-0.178284,0.478284,-0.15,0.45,-0.178284,0.478284,-0.19,0.45,-0.15,0.45,-0.19,0.45,-0.178284,0.421716,-0.15,0.45,-0.178284,0.421716,-0.15,0.41,-0.15,0.45,-0.15,0.41,-0.121716,0.421716,-0.15,0.45,-0.121716,0.421716,-0.11,0.45,0.15,0.4,0.19,0.4,0.178284,0.428284,0.15,0.4,0.178284,0.428284,0.15,0.44,0.15,0.4,0.15,0.44,0.121716,0.428284,0.15,0.4,0.121716,0.428284,0.11,0.4,0.15,0.4,0.11,0.4,0.121716,0.371716,0.15,0.4,0.121716,0.371716,0.15,0.36,0.15,0.4,0.15,0.36,0.178284,0.371716,0.15,0.4,0.178284,0.371716,0.19,0.4,0.45,0.3,0.49,0.3,0.478284,0.328284,0.45,0.3,0.478284,0.328284,0.45,0.34,0.45,0.3,0.45,0.34,0.421716,0.328284,0.45,0.3,0.421716,0.328284,0.41,0.3,0.45,0.3,0.41,0.3,0.421716,0.271716,0.45,0.3,0.421716,0.271716,0.45,0.26,0.45,0.3,0.45,0.26,0.478284,0.271716,0.45,0.3,0.478284,0.271716,0.49,0.3,0.55,0.1,0.59,0.1,0.578284,0.128284,0.55,0.1,0.578284,0.128284,0.55,0.14,0.55,0.1,0.55,0.14,0.521716,0.128284,0.55,0.1,0.521716,0.128284,0.51,0.1,0.55,0.1,0.51,0.1,0.521716,0.071716,0.55,0.1,0.521716,0.071716,0.55,0.06,0.55,0.1,0.55,0.06,0.578284,0.071716,0.55,0.1,0.578284,0.071716,0.59,0.1,0.5,-0.2,0.54,-0.2,0.528284,-0.171716,0.5,-0.2,0.528284,-0.171716,0.5,-0.16,0.5,-0.2,0.5,-0.16,0.471716,-0.171716,0.5,-0.2,0.471716,-0.171716,0.46,-0.2,0.5,-0.2,0.46,-0.2,0.471716,-0.228284,0.5,-0.2,0.471716,-0.228284,0.5,-0.24,0.5,-0.2,0.5,-0.24,0.528284,-0.228284,0.5,-0.2,0.528284,-0.228284,0.54,-0.2,0.35,-0.4,0.39,-0.4,0.378284,-0.371716,0.35,-0.4,0.378284,-0.371716,0.35,-0.36,0.35,-0.4,0.35,-0.36,0.321716,-0.371716,0.35,-0.4,0.321716,-0.371716,0.31,-0.4,0.35,-0.4,0.31,-0.4,0.321716,-0.428284,0.35,-0.4,0.321716,-0.428284,0.35,-0.44,0.35,-0.4,0.35,-0.44,0.378284,-0.428284,0.35,-0.4,0.378284,-0.428284,0.39,-0.4,-0.5,-0.3,-0.46,-0.3,-0.471716,-0.271716,-0.5,-0.3,-0.471716,-0.271716,-0.5,-0.26,-0.5,-0.3,-0.5,-0.26,-0.528284,-0.271716,-0.5,-0.3,-0.528284,-0.271716,-0.54,-0.3,-0.5,-0.3,-0.54,-0.3,-0.528284,-0.328284,-0.5,-0.3,-0.528284,-0.328284,-0.5,-0.34,-0.5,-0.3,-0.5,-0.34,-0.471716,-0.328284,-0.5,-0.3,-0.471716,-0.328284,-0.46,-0.3,-0.6,0.0,-0.56,0.0,-0.571716,0.028284,-0.6,0.0,-0.571716,0.028284,-0.6,0.04,-0.6,0.0,-0.6,0.04,-0.628284,0.028284,-0.6,0.0,-0.628284,0.028284,-0.64,0.0,-0.6,0.0,-0.64,0.0,-0.628284,-0.028284,-0.6,0.0,-0.628284,-0.028284,-0.6,-0.04,-0.6,0.0,-0.6,-0.04,-0.571716,-0.028284,-0.6,0.0,-0.571716,-0.028284,-0.56,-0.0]}},"transforms":{},"panes":{"1":{"name":"cell",