{"version":1,"viewport":{"width":700,"height":700},"buffers":{"100":{"data":[0,0,0.08,0.0,0.07391,0.030615,0,0,0.07391,0.030615,0.056569,0.056569,0,0,0.056569,0.056569,0.030615,0.07391,0,0,0.030615,0.07391,0.0,0.08,0,0,0.0,0.08,-0.030615,0.07391,0,0,-0.030615,0.07391,-0.056569,0.056569,0,0,-0.056569,0.056569,-0.07391,0.030615,0,0,-0.07391,0.030615,-0.08,0.0,0,0,-0.08,0.0,-0.07391,-0.030615,0,0,-0.07391,-0.030615,-0.056569,-0.056569,0,0,-0.056569,-0.056569,-0.030615,-0.07391,0,0,-0.030615,-0.07391,-0.0,-0.08,0,0,-0.0,-0.08,0.030615,-0.07391,0,0,0.030615,-0.07391,0.056569,-0.056569,0,0,0.056569,-0.056569,0.07391,-0.030615,0,0,0.07391,-0.030615,0.08,-0.0]},"103":{"data":[0.15,0.0,0.147118,0.029264,0.147118,0.029264,0.138582,0.057403,0.138582,0.057403,0.12472,0.083336,0.12472,0.083336,0.106066,0.106066,0.106066,0.106066,0.083336,0.12472,0.083336,0.12472,0.057403,0.138582,0.057403,0.138582,0.029264,0.147118,0.029264,0.147118,0.0,0.15,0.0,0.15,-0.029264,0.147118,-0.029264,0.147118,-0.057403,0.138582,-0.057403,0.138582,-0.083336,0.12472,-0.083336,0.12472,-0.106066,0.106066,-0.106066,0.106066,-0.12472,0.083336,-0.12472,0.083336,-0.138582,0.057403,-0.138582,0.057403,-0.147118,0.029264,-0.147118,0.029264,-0.15,0.0,-0.15,0.0,-0.147118,-0.029264,-0.147118,-0.029264,-0.138582,-0.057403,-0.138582,-0.057403,-0.12472,-0.083336,-0.12472,-0.083336,-0.106066,-0.106066,-0.106066,-0.106066,-0.083336,-0.12472,-0.083336,-0.12472,-0.057403,-0.138582,-0.057403,-0.138582,-0.029264,-0.147118,-0.029264,-0.147118,-0.0,-0.15,-0.0,-0.15,0.029264,-0.147118,0.029264,-0.147118,0.057403,-0.138582,0.057403,-0.138582,0.083336,-0.12472,0.083336,-0.12472,0.106066,-0.106066,0.106066,-0.106066,0.12472,-0.083336,0.12472,-0.083336,0.138582,-0.057403,0.138582,-0.057403,0.147118,-0.029264,0.147118,-0.029264,0.15,-0.0,0.22,0.0,0.215773,0.04292,0.215773,0.04292,0.203253,0.08419,0.203253,0.08419,0.182923,0.122225,0.182923,0.122225,0.155563,0.155563,0.155563,0.155563,0.122225,0.182923,0.122225,0.182923,0.08419,0.203253,0.08419,0.203253,0.04292,0.215773,0.04292,0.215773,0.0,0.22,0.0,0.22,-0.04292,0.215773,-0.04292,0.215773,-0.08419,0.203253,-0.08419,0.203253,-0.122225,0.182923,-0.122225,0.182923,-0.155563,0.155563,-0.155563,0.155563,-0.182923,0.122225,-0.182923,0.122225,-0.203253,0.08419,-0.203253,0.08419,-0.215773,0.04292,-0.215773,0.04292,-0.22,0.0,-0.22,0.0,-0.215773,-0.04292,-0.215773,-0.04292,-0.203253,-0.08419,-0.203253,-0.08419,-0.182923,-0.122225,-0.182923,-0.122225,-0.155563,-0.155563,-0.155563,-0.155563,-0.122225,-0.182923,-0.122225,-0.182923,-0.08419,-0.203253,-0.08419,-0.203253,-0.04292,-0.215773,-0.04292,-0.215773,-0.0,-0.22,-0.0,-0.22,0.04292,-0.215773,0.04292,-0.215773,0.08419,-0.203253,0.08419,-0.203253,0.122225,-0.182923,0.122225,-0.182923,0.155563,-0.155563,0.155563,-0.155563,0.182923,-0.122225,0.182923,-0.122225,0.203253,-0.08419,0.203253,-0.08419,0.215773,-0.04292,0.215773,-0.04292,0.22,-0.0,0.3,0.0,0.294236,0.058527,0.294236,0.058527,0.277164,0.114805,0.277164,0.114805,0.249441,0.166671,0.249441,0.166671,0.212132,0.212132,0.212132,0.212132,0.166671,0.249441,0.166671,0.249441,0.114805,0.277164,0.114805,0.277164,0.058527,0.294236,0.058527,0.294236,0.0,0.3,0.0,0.3,-0.058527,0.294236,-0.058527,0.294236,-0.114805,0.277164,-0.114805,0.277164,-0.166671,0.249441,-0.166671,0.249441,-0.212132,0.212132,-0.212132,0.212132,-0.249441,0.166671,-0.249441,0.166671,-0.277164,0.114805,-0.277164,0.114805,-0.294236,0.058527,-0.294236,0.058527,-0.3,0.0,-0.3,0.0,-0.294236,-0.058527,-0.294236,-0.058527,-0.277164,-0.114805,-0.277164,-0.114805,-0.249441,-0.166671,-0.249441,-0.166671,-0.212132,-0.212132,-0.212132,-0.212132,-0.166671,-0.249441,-0.166671,-0.249441,-0.114805,-0.277164,-0.114805,-0.277164,-0.058527,-0.294236,-0.058527,-0.294236,-0.0,-0.3,-0.0,-0.3,0.058527,-0.294236,0.058527,-0.294236,0.114805,-0.277164,0.114805,-0.277164,0.166671,-0.249441,0.166671,-0.249441,0.212132,-0.212132,0.212132,-0.212132,0.249441,-0.166671,0.249441,-0.166671,0.277164,-0.114805,0.277164,-0.114805,0.294236,-0.058527,0.294236,-0.058527,0.3,-0.0,0.4,0.0,0.392314,0.078036,0.392314,0.078036,0.369552,0.153073,0.369552,0.153073,0.332588,0.222228,0.332588,0.222228,0.282843,0.282843,0.282843,0.282843,0.222228,0.332588,0.222228,0.332588,0.153073,0.369552,0.153073,0.369552,0.078036,0.392314,0.078036,0.392314,0.0,0.4,0.0,0.4,-0.078036,0.392314,-0.078036,0.392314,-0.153073,0.369552,-0.153073,0.369552,-0.222228,0.332588,-0.222228,0.332588,-0.282843,0.282843,-0.282843,0.282843,-0.332588,0.222228,-0.332588,0.222228,-0.369552,0.153073,-0.369552,0.153073,-0.392314,0.078036,-0.392314,0.078036,-0.4,0.0,-0.4,0.0,-0.392314,-0.078036,-0.392314,-0.078036,-0.369552,-0.153073,-0.369552,-0.153073,-0.332588,-0.222228,-0.332588,-0.222228,-0.282843,-0.282843,-0.282843,-0.282843,-0.222228,-0.332588,-0.222228,-0.332588,-0.153073,-0.369552,-0.153073,-0.369552,-0.078036,-0.392314,-0.078036,-0.392314,-0.0,-0.4,-0.0,-0.4,0.078036,-0.392314,0.078036,-0.392314,0.153073,-0.369552,0.153073,-0.369552,0.222228,-0.332588,0.222228,-0.332588,0.282843,-0.282843,0.282843,-0.282843,0.332588,-0.222228,0.332588,-0.222228,0.369552,-0.153073,0.369552,-0.153073,0.392314,-0.078036,0.392314,-0.078036,0.4,-0.0,0.52,0.0,0.510008,0.101447,0.510008,0.101447,0.480417,0.198995,0.480417,0.198995,0.432364,0.288897,0.432364,0.288897,0.367696,0.367696,0.367696,0.367696,0.288897,0.432364,0.288897,0.432364,0.198995,0.480417,0.198995,0.480417,0.101447,0.510008,0.101447,0.510008,0.0,0.52,0.0,0.52,-0.101447,0.510008,-0.101447,0.510008,-0.198995,0.480417,-0.198995,0.480417,-0.288897,0.432364,-0.288897,0.432364,-0.367696,0.367696,-0.367696,0.367696,-0.432364,0.288897,-0.432364,0.288897,-0.480417,0.198995,-0.480417,0.198995,-0.510008,0.101447,-0.510008,0.101447,-0.52,0.0,-0.52,0.0,-0.510008,-0.101447,-0.510008,-0.101447,-0.480417,-0.198995,-0.480417,-0.198995,-0.432364,-0.288897,-0.432364,-0.288897,-0.367696,-0.367696,-0.367696,-0.367696,-0.288897,-0.432364,-0.288897,-0.432364,-0.198995,-0.480417,-0.198995,-0.480417,-0.101447,-0.510008,-0.101447,-0.510008,-0.0,-0.52,-0.0,-0.52,0.101447,-0.510008,0.101447,-0.510008,0.198995,-0.480417,0.198995,-0.480417,0.288897,-0.432364,0.288897,-0.432364,0.367696,-0.367696,0.367696,-0.367696,0.432364,-0.288897,0.432364,-0.288897,0.480417,-0.198995,0.480417,-0.198995,0.510008,-0.101447,0.510008,-0.101447,0.52,-0.0,0.62,0.0,0.608087,0.120956,0.608087,0.120956,0.572805,0.237264,0.572805,0.237264,0.515511,0.344454,0.515511,0.344454,0.438406,0.438406,0.438406,0.438406,0.344454,0.515511,0.344454,0.515511,0.237264,0.572805,0.237264,0.572805,0.120956,0.608087,0.120956,0.608087,0.0,0.62,0.0,0.62,-0.120956,0.608087,-0.120956,0.608087,-0.237264,0.572805,-0.237264,0.572805,-0.344454,0.515511,-0.344454,0.515511,-0.438406,0.438406,-0.438406,0.438406,-0.515511,0.344454,-0.515511,0.344454,-0.572805,0.237264,-0.572805,0.237264,-0.608087,0.120956,-0.608087,0.120956,-0.62,0.0,-0.62,0.0,-0.608087,-0.120956,-0.608087,-0.120956,-0.572805,-0.237264,-0.572805,-0.237264,-0.515511,-0.344454,-0.515511,-0.344454,-0.438406,-0.438406,-0.438406,-0.438406,-0.344454,-0.515511,-0.344454,-0.515511,-0.237264,-0.572805,-0.237264,-0.572805,-0.120956,-0.608087,-0.120956,-0.608087,-0.0,-0.62,-0.0,-0.62,0.120956,-0.608087,0.120956,-0.608087,0.237264,-0.572805,0.237264,-0.572805,0.344454,-0.515511,0.344454,-0.515511,0.438406,-0.438406,0.438406,-0.438406,0.515511,-0.344454,0.515511,-0.344454,0.572805,-0.237264,0.572805,-0.237264,0.608087,-0.120956,0.608087,-0.120956,0.62,-0.0,0.72,0.0,0.706165,0.140465,0.706165,0.140465,0.665193,0.275532,0.665193,0.275532,0.598658,0.400011,0.598658,0.400011,0.509117,0.509117,0.509117,0.509117,0.400011,0.598658,0.400011,0.598658,0.275532,0.665193,0.275532,0.665193,0.140465,0.706165,0.140465,0.706165,0.0,0.72,0.0,0.72,-0.140465,0.706165,-0.140465,0.706165,-0.275532,0.665193,-0.275532,0.665193,-0.400011,0.598658,-0.400011,0.598658,-0.509117,0.509117,-0.509117,0.509117,-0.598658,0.400011,-0.598658,0.400011,-0.665193,0.275532,-0.665193,0.275532,-0.706165,0.140465,