{"version":1,"viewport":{"width":1000,"height":400},"buffers":{"100":{"data":[-0.9,-0.5,0.15,0.1,0.2,0.4,-0.4,-0.5,0.15,0.1,0.2,0.4,-0.9,0.5,0.15,0.1,0.2,0.4,-0.9,0.5,0.15,0.1,0.2,0.4,-0.4,-0.5,0.15,0.1,0.2,0.4,-0.4,0.5,0.15,0.1,0.2,0.4,-0.4,-0.5,0.1,0.15,0.1,0.4,0.0,-0.5,0.1,0.15,0.1,0.4,-0.4,0.5,0.1,0.15,0.1,0.4,-0.4,0.5,0.1,0.15,0.1,0.4,0.0,-0.5,0.1,0.15,0.1,0.4,0.0,0.5,0.1,0.15,0.1,0.4,0.0,-0.5,0.15,0.15,0.1,0.4,0.45,-0.5,0.15,0.15,0.1,0.4,0.0,0.5,0.15,0.15,0.1,0.4,0.0,0.5,0.15,0.15,0.1,0.4,0.45,-0.5,0.15,0.15,0.1,0.4,0.45,0.5,0.15,0.15,0.1,0.4,0.45,-0.5,0.1,0.12,0.18,0.4,0.9,-0.5,0.1,0.12,0.18,0.4,0.45,0.5,0.1,0.12,0.18,0.4,0.45,0.5,0.1,0.12,0.18,0.4,0.9,-0.5,0.1,0.12,0.18,0.4,0.9,0.5,0.1,0.12,0.18,0.4]},"103":{"data":[-0.8,0.15,-0.77,0.15,-0.778787,0.171213,-0.8,0.15,-0.778787,0.171213,-0.8,0.18,-0.8,0.15,-0.8,0.18,-0.821213,0.171213,-0.8,0.15,-0.821213,0.171213,-0.83,0.15,-0.8,0.15,-0.83,0.15,-0.821213,0.128787,-0.8,0.15,-0.821213,0.128787,-0.8,0.12,-0.8,0.15,-0.8,0.12,-0.778787,0.128787,-0.8,0.15,-0.778787,0.128787,-0.77,0.15,-0.65,-0.15,-0.62,-0.15,-0.628787,-0.128787,-0.65,-0.15,-0.628787,-0.128787,-0.65,-0.12,-0.65,-0.15,-0.65,-0.12,-0.671213,-0.128787,-0.65,-0.15,-0.671213,-0.128787,-0.68,-0.15,-0.65,-0.15,-0.68,-0.15,-0.671213,-0.171213,-0.65,-0.15,-0.671213,-0.171213,-0.65,-0.18,-0.65,-0.15,-0.65,-0.18,-0.628787,-0.171213,-0.65,-0.15,-0.628787,-0.171213,-0.62,-0.15,-0.5,0.15,-0.47,0.15,-0.478787,0.171213,-0.5,0.15,-0.478787,0.171213,-0.5,0.18,-0.5,0.15,-0.5,0.18,-0.521213,0.171213,-0.5,0.15,-0.521213,0.171213,-0.53,0.15,-0.5,0.15,-0.53,0.15,-0.521213,0.128787,-0.5,0.15,-0.521213,0.128787,-0.5,0.12,-0.5,0.15,-0.5,0.12,-0.478787,0.128787,-0.5,0.15,-0.478787,0.128787,-0.47,0.15,-0.3,-0.15,-0.27,-0.15,-0.278787,-0.128787,-0.3,-0.15,-0.278787,-0.128787,-0.3,-0.12,-0.3,-0.15,-0.3,-0.12,-0.321213,-0.128787,-0.3,-0.15,-0.321213,-0.128787,-0.33,-0.15,-0.3,-0.15,-0.33,-0.15,-0.321213,-0.171213,-0.3,-0.15,-0.321213,-0.171213,-0.3,-0.18,-0.3,-0.15,-0.3,-0.18,-0.278787,-0.171213,-0.3,-0.15,-0.278787,-0.171213,-0.27,-0.15,-0.15,0.15,-0.12,0.15,-0.128787,0.171213,-0.15,0.15,-0.128787,0.171213,-0.15,0.18,-0.15,0.15,-0.15,0.18,-0.171213,0.171213,-0.15,0.15,-0.171213,0.171213,-0.18,0.15,-0.15,0.15,-0.18,0.15,-0.171213,0.128787,-0.15,0.15,-0.171213,0.128787,-0.15,0.12,-0.15,0.15,-0.15,0.12,-0.128787,0.128787,-0.15,0.15,-0.128787,0.128787,-0.12,0.15,0.05,-0.15,0.08,-0.15,0.071213,-0.128787,0.05,-0.15,0.071213,-0.128787,0.05,-0.12,0.05,-0.15,0.05,-0.12,0.028787,-0.128787,0.05,-0.15,0.028787,-0.128787,0.02,-0.15,0.05,-0.15,0.02,-0.15,0.028787,-0.171213,0.05,-0.15,0.028787,-0.171213,0.05,-0.18,0.05,-0.15,0.05,-0.18,0.071213,-0.171213,0.05,-0.15,0.071213,-0.171213,0.08,-0.15,0.2,0.15,0.23,0.15,0.221213,0.171213,0.2,0.15,0.221213,0.171213,0.2,0.18,0.2,0.15,0.2,0.18,0.178787,0.171213,0.2,0.15,0.178787,0.171213,0.17,0.15,0.2,0.15,0.17,0.15,0.178787,0.128787,0.2,0.15,0.178787,0.128787,0.2,0.12,0.2,0.15,0.2,0.12,0.221213,0.128787,0.2,0.15,0.221213,0.128787,0.23,0.15,0.35,-0.15,0.38,-0.15,0.371213,-0.128787,0.35,-0.15,0.371213,-0.128787,0.35,-0.12,0.35,-0.15,0.35,-0.12,0.328787,-0.128787,0.35,-0.15,0.328787,-0.128787,0.32,-0.15,0.35,-0.15,0.32,-0.15,0.328787,-0.171213,0.35,-0.15,0.328787,-0.171213,0.35,-0.18,0.35,-0.15,0.35,-0.18,0.371213,-0.171213,0.35,-0.15,0.371213,-0.171213,0.38,-0.15,0.55,0.15,0.58,0.15,0.571213,0.171213,0.55,0.15,0.571213,0.171213,0.55,0.18,0.55,0.15,0.55,0.18,0.528787,0.171213,0.55,0.15,0.528787,0.171213,0.52,0.15,0.55,0.15,0.52,0.15,0.528787,0.128787,0.55,0.15,0.528787,0.128787,0.55,0.12,0.55,0.15,0.55,0.12,0.571213,0.128787,0.55,0.15,0.571213,0.128787,0.58,0.15,0.75,-0.15,0.78,-0.15,0.771213,-0.128787,0.75,-0.15,0.771213,-0.128787,0.75,-0.12,0.75,-0.15,0.75,-0.12,0.728787,-0.128787,0.75,-0.15,0.728787,-0.128787,0.72,-0.15,0.75,-0.15,0.72,-0.15,0.728787,-0.171213,0.75,-0.15,0.728787,-0.171213,0.75,-0.18,0.75,-0.15,0.75,-0.18,0.771213,-0.171213,0.75,-0.15,0.771213,-0.171213,0.78,-0.15]},"106":{"data":[-0.9,0.0,0.9,0.0,-0.8,0.0,-0.8,0.15,-0.65,0.0,-0.65,-0.15,-0.5,0.0,-0.5,0.15,-0.3,0.0,-0.3,-0.15,-0.15,0.0,-0.15,0.15,0.05,0.0,0.05,-0.15,0.2,0.0,0.2,0.15,0.35,0.0,0.35,-0.15,0.55,0.0,0.55,0.15,0.75,0.0,0.75,-0.15,-0.8,-0.02,-0.8,0.02,-0.65,-0.02,-0.65,0.02,-0.5,-0.02,-0.5,0.02,-0.3,-0.02,-0.3,0.02,-0.15,-0.02,-0.15,0.02,0.05,-0.02,0.05,0.02,0.2,-0.02,0.2,0.02,0.35,-0.02,0.35,0.02,0.55,-0.02,0.55,0.02,0.75,-0.02,0.75,0.02]}},"transforms":{},"panes":{"1":{"name":"timeline","region":{"clipYMin":-1.0,"clipYMax":1.0,"clipXMin":-1.0,"clipXMax":1.0},"hasClearColor":true,"clearColor":[0.06,0.09,0.16,1.0]}},"layers":{"10":{"paneId":1,"name":"eras"},"11":{"paneId":1,"name":"lines"},"12":{"paneId":1,"name":"events"}},"geometries":{"101":{"vertexBufferId":100,"format":"pos2_color4","vertexCount":24},"104":{"vertexBufferId":103,"format":"pos2_clip","vertexCount":240},"107":{"vertexBufferId":106,"format":"rect4","vertexCount":21}},"drawItems":{"102":{"layerId":10,"name":"era_bands","pipeline":"triGradient@1","geometryId":101,"color":[1,1,1,1]},"105":{"layerId":12,"name":"event_dots","pipeline":"triSolid@1","geometryId":104,"color":[0.9,0.8,0.3,1.0]},"108":{"layerId":11,"name":"connectors","pipeline":"lineAA@1","geometryId":107,"color":[0.6,0.6,0.7,0.8],"lineWidth":1.5}}}