{"version":1,"viewport":{"width":500,"height":650},"buffers":{"100":{"data":[-0.797,-0.797,-0.669667,-0.703,-0.663667,-0.797,-0.536333,-0.703,-0.530333,-0.797,-0.403,-0.703,-0.397,-0.797,-0.269667,-0.703,-0.263667,-0.797,-0.136333,-0.703,-0.130333,-0.797,-0.003,-0.703,0.003,-0.797,0.130333,-0.703,0.136333,-0.797,0.263667,-0.703,0.269667,-0.797,0.397,-0.703,0.403,-0.797,0.530333,-0.703,0.536333,-0.797,0.663667,-0.703,0.669667,-0.797,0.797,-0.703,-0.797,-0.697,-0.669667,-0.603,-0.663667,-0.697,-0.536333,-0.603,-0.530333,-0.697,-0.403,-0.603,-0.397,-0.697,-0.269667,-0.603,-0.263667,-0.697,-0.136333,-0.603,-0.130333,-0.697,-0.003,-0.603,0.003,-0.697,0.130333,-0.603,0.136333,-0.697,0.263667,-0.603,0.269667,-0.697,0.397,-0.603,0.403,-0.697,0.530333,-0.603,0.536333,-0.697,0.663667,-0.603,0.669667,-0.697,0.797,-0.603,-0.797,-0.597,-0.669667,-0.503,-0.663667,-0.597,-0.536333,-0.503,-0.530333,-0.597,-0.403,-0.503,-0.397,-0.597,-0.269667,-0.503,-0.263667,-0.597,-0.136333,-0.503,-0.130333,-0.597,-0.003,-0.503,0.003,-0.597,0.130333,-0.503,0.136333,-0.597,0.263667,-0.503,0.269667,-0.597,0.397,-0.503,0.403,-0.597,0.530333,-0.503,0.536333,-0.597,0.663667,-0.503,0.669667,-0.597,0.797,-0.503,-0.797,-0.497,-0.669667,-0.403,-0.663667,-0.497,-0.536333,-0.403,-0.530333,-0.497,-0.403,-0.403,-0.397,-0.497,-0.269667,-0.403,-0.263667,-0.497,-0.136333,-0.403,-0.130333,-0.497,-0.003,-0.403,0.003,-0.497,0.130333,-0.403,0.136333,-0.497,0.263667,-0.403,0.269667,-0.497,0.397,-0.403,0.403,-0.497,0.530333,-0.403,0.536333,-0.497,0.663667,-0.403,0.669667,-0.497,0.797,-0.403,-0.797,-0.397,-0.669667,-0.303,-0.663667,-0.397,-0.536333,-0.303,-0.530333,-0.397,-0.403,-0.303,-0.397,-0.397,-0.269667,-0.303,-0.263667,-0.397,-0.136333,-0.303,0.136333,-0.397,0.263667,-0.303,0.269667,-0.397,0.397,-0.303,0.403,-0.397,0.530333,-0.303,0.536333,-0.397,0.663667,-0.303,0.669667,-0.397,0.797,-0.303,-0.797,-0.297,-0.669667,-0.203,-0.663667,-0.297,-0.536333,-0.203,-0.530333,-0.297,-0.403,-0.203,-0.397,-0.297,-0.269667,-0.203,0.269667,-0.297,0.397,-0.203,0.403,-0.297,0.530333,-0.203,0.536333,-0.297,0.663667,-0.203,0.669667,-0.297,0.797,-0.203,-0.797,-0.197,-0.669667,-0.103,-0.663667,-0.197,-0.536333,-0.103,-0.530333,-0.197,-0.403,-0.103,0.403,-0.197,0.530333,-0.103,0.536333,-0.197,0.663667,-0.103,0.669667,-0.197,0.797,-0.103,-0.797,-0.097,-0.669667,-0.003,-0.663667,-0.097,-0.536333,-0.003,0.536333,-0.097,0.663667,-0.003,0.669667,-0.097,0.797,-0.003,-0.797,0.003,-0.669667,0.097,-0.663667,0.003,-0.536333,0.097,0.536333,0.003,0.663667,0.097,0.669667,0.003,0.797,0.097,-0.797,0.103,-0.669667,0.197,-0.663667,0.103,-0.536333,0.197,-0.530333,0.103,-0.403,0.197,0.403,0.103,0.530333,0.197,0.536333,0.103,0.663667,0.197,0.669667,0.103,0.797,0.197,-0.797,0.203,-0.669667,0.297,-0.663667,0.203,-0.536333,0.297,-0.530333,0.203,-0.403,0.297,-0.397,0.203,-0.269667,0.297,0.269667,0.203,0.397,0.297,0.403,0.203,0.530333,0.297,0.536333,0.203,0.663667,0.297,0.669667,0.203,0.797,0.297,-0.797,0.303,-0.669667,0.397,-0.663667,0.303,-0.536333,0.397,-0.530333,0.303,-0.403,0.397,-0.397,0.303,-0.269667,0.397,-0.263667,0.303,-0.136333,0.397,0.136333,0.303,0.263667,0.397,0.269667,0.303,0.397,0.397,0.403,0.303,0.530333,0.397,0.536333,0.303,0.663667,0.397,0.669667,0.303,0.797,0.397,-0.797,0.403,-0.669667,0.497,-0.663667,0.403,-0.536333,0.497,-0.530333,0.403,-0.403,0.497,-0.397,0.403,-0.269667,0.497,-0.263667,0.403,-0.136333,0.497,-0.130333,0.403,-0.003,0.497,0.003,0.403,0.130333,0.497,0.136333,0.403,0.263667,0.497,0.269667,0.403,0.397,0.497,0.403,0.403,0.530333,0.497,0.536333,0.403,0.663667,0.497,0.669667,0.403,0.797,0.497,-0.797,0.503,-0.669667,0.597,-0.663667,0.503,-0.536333,0.597,-0.530333,0.503,-0.403,0.597,-0.397,0.503,-0.269667,0.597,-0.263667,0.503,-0.136333,0.597,-0.130333,0.503,-0.003,0.597,0.003,0.503,0.130333,0.597,0.136333,0.503,0.263667,0.597,0.269667,0.503,0.397,0.597,0.403,0.503,0.530333,0.597,0.536333,0.503,0.663667,0.597,0.669667,0.503,0.797,0.597,-0.797,0.603,-0.669667,0.697,-0.663667,0.603,-0.536333,0.697,-0.530333,0.603,-0.403,0.697,-0.397,0.603,-0.269667,0.697,-0.263667,0.603,-0.136333,0.697,-0.130333,0.603,-0.003,0.697,0.003,0.603,0.130333,0.697,0.136333,0.603,0.263667,0.697,0.269667,0.603,0.397,0.697,0.403,0.603,0.530333,0.697,0.536333,0.603,0.663667,0.697,0.669667,0.603,0.797,0.697,-0.797,0.703,-0.669667,0.797,-0.663667,0.703,-0.536333,0.797,-0.530333,0.703,-0.403,0.797,-0.397,0.703,-0.269667,0.797,-0.263667,0.703,-0.136333,0.797,-0.130333,0.703,-0.003,0.797,0.003,0.703,0.130333,0.797,0.136333,0.703,0.263667,0.797,0.269667,0.703,0.397,0.797,0.403,0.703,0.530333,0.797,0.536333,0.703,0.663667,0.797,0.669667,0.703,0.797,0.797]},"103":{"data":[-0.130333,-0.397,-0.003,-0.303,0.003,-0.397,0.130333,-0.303,-0.263667,-0.297,-0.136333,-0.203,-0.130333,-0.297,-0.003,-0.203,0.003,-0.297,0.130333,-0.203,0.136333,-0.297,0.263667,-0.203,-0.397,-0.197,-0.269667,-0.103,-0.263667,-0.197,-0.136333,-0.103,-0.130333,-0.197,-0.003,-0.103,0.003,-0.197,0.130333,-0.103,0.136333,-0.197,0.263667,-0.103,0.269667,-0.197,0.397,-0.103,-0.530333,-0.097,-0.403,-0.003,-0.397,-0.097,-0.269667,-0.003,-0.263667,-0.097,-0.136333,-0.003,-0.130333,-0.097,-0.003,-0.003,0.003,-0.097,0.130333,-0.003,0.136333,-0.097,0.263667,-0.003,0.269667,-0.097,0.397,-0.003,0.403,-0.097,0.530333,-0.003,-0.530333,0.003,-0.403,0.097,-0.397,0.003,-0.269667,0.097,-0.263667,0.003,-0.136333,0.097,-0.130333,0.003,-0.003,0.097,0.003,0.003,0.130333,0.097,0.136333,0.003,0.263667,0.097,0.269667,0.003,0.397,0.097,0.403,0.003,0.530333,0.097,-0.397,0.103,-0.269667,0.197,-0.263667,0.103,-0.136333,0.197,-0.130333,0.103,-0.003,0.197,0.003,0.103,0.130333,0.197,0.136333,0.103,0.263667,0.197,0.269667,0.103,0.397,0.197,-0.263667,0.203,-0.136333,0.297,-0.130333,0.203,-0.003,0.297,0.003,0.203,0.130333,0.297,0.136333,0.203,0.263667,0.297,-0.130333,0.303,-0.003,0.397,0.003,0.303,0.130333,0.397]},"106":{"data":[-0.8,-0.8,0.8,-0.8,-0.8,-0.7,0.8,-0.7,-0.8,-0.6,0.8,-0.6,-0.8,-0.5,0.8,-0.5,-0.8,-0.4,0.8,-0.4,-0.8,-0.3,0.8,-0.3,-0.8,-0.2,0.8,-0.2,-0.8,-0.1,0.8,-0.1,-0.8,0.0,0.8,0.0,-0.8,0.1,0.8,0.1,-0.8,0.2,0.8,0.2,-0.8,0.3,0.8,0.3,-0.8,0.4,0.8,0.4,-0.8,0.5,0.8,0.5,-0.8,0.6,0.8,0.6,-0.8,0.7,0.8,0.7,-0.8,0.8,0.8,0.8,-0.8,-0.8,-0.8,0.8,-0.666667,-0.8,-0.666667,0.8,-0.533333,-0.8,-0.533333,0.8,-0.4,-0.8,-0.4,0.8,-0.266667,-0.8,-0.266667,0.8,-0.133333,-0.8,-0.133333,0.8,0.0,-0.8,0.0,0.8,0.133333,-0.8,0.133333,0.8,0.266667,-0.8,0.266667,0.8,0.4,-0.8,0.4,0.8,0.533333,-0.8,0.533333,0.8,0.666667,-0.8,0.666667,0.8,0.8,-0.8,0.8,0.8]}},"transforms":{},"panes":{"1":{"name":"knit","region":{"clipYMin":-1.0,"clipYMax":1.0,"clipXMin":-1.0,"clipXMax":1.0},"hasClearColor":true,"clearColor":[0.12,0.1,0.08,1.0]}},"layers":{"10":{"paneId":1,"name":"stitches"},"11":{"paneId":1,"name":"grid"}},"geometries":{"101":{"vertexBufferId":100,"format":"rect4","vertexCount":152},"104":{"vertexBufferId":103,"format":"rect4","vertexCount":40},"107":{"vertexBufferId":106,"format":"rect4","vertexCount":30}},"drawItems":{"102":{"layerId":10,"name":"bg_stitches","pipeline":"instancedRect@1","geometryId":101,"color":[0.85,0.75,0.6,1.0]},"105":{"layerId":10,"name":"motif_stitches","pipeline":"instancedRect@1","geometryId":104,"color":[0.55,0.15,0.15,1.0]},"108":{"layerId":11,"name":"grid","pipeline":"lineAA@1","geometryId":107,"color":[0.3,0.25,0.2,0.5],"lineWidth":0.5}}}