{"version":1,"viewport":{"width":600,"height":600},"buffers":{"100":{"data":[0.0,0.8,0.0,0.45,-0.150267,0.785761,-0.150267,0.785761,0.0,0.45,-0.084525,0.44199,-0.150267,0.785761,-0.084525,0.44199,-0.295185,0.74355,-0.295185,0.74355,-0.084525,0.44199,-0.166042,0.418247,-0.295185,0.74355,-0.166042,0.418247,-0.429595,0.674869,-0.429595,0.674869,-0.166042,0.418247,-0.241647,0.379614,-0.429595,0.674869,-0.241647,0.379614,-0.548711,0.582165,-0.548711,0.582165,-0.241647,0.379614,-0.30865,0.327468,-0.548711,0.582165,-0.30865,0.327468,-0.648295,0.468736,-0.648295,0.468736,-0.30865,0.327468,-0.364666,0.263664,-0.648295,0.468736,-0.364666,0.263664,-0.7248,0.338621,-0.7248,0.338621,-0.364666,0.263664,-0.4077,0.190474,-0.7248,0.338621,-0.4077,0.190474,-0.775504,0.196452,-0.775504,0.196452,-0.4077,0.190474,-0.436221,0.110504,-0.775504,0.196452,-0.436221,0.110504,-0.798601,0.047289,-0.798601,0.047289,-0.436221,0.110504,-0.449213,0.0266,-0.798601,0.047289,-0.449213,0.0266,-0.793269,-0.103557,-0.793269,-0.103557,-0.449213,0.0266,-0.446214,-0.058251,-0.793269,-0.103557,-0.446214,-0.058251,-0.759698,-0.250716,-0.759698,-0.250716,-0.446214,-0.058251,-0.42733,-0.141028,-0.759698,-0.250716,-0.42733,-0.141028,-0.699083,-0.388951,-0.699083,-0.388951,-0.42733,-0.141028,-0.393234,-0.218785,-0.699083,-0.388951,-0.393234,-0.218785,-0.613582,-0.513339,-0.613582,-0.513339,-0.393234,-0.218785,-0.34514,-0.288753,-0.613582,-0.513339,-0.34514,-0.288753,-0.506238,-0.619454,-0.506238,-0.619454,-0.34514,-0.288753,-0.284759,-0.348443,-0.506238,-0.619454,-0.284759,-0.348443,-0.380873,-0.703517,-0.380873,-0.703517,-0.284759,-0.348443,-0.214241,-0.395728,-0.380873,-0.703517,-0.214241,-0.395728,-0.24195,-0.762535,-0.24195,-0.762535,-0.214241,-0.395728,-0.136097,-0.428926,-0.24195,-0.762535,-0.136097,-0.428926,-0.094413,-0.794409,-0.094413,-0.794409,-0.136097,-0.428926,-0.053107,-0.446855,-0.094413,-0.794409,-0.053107,-0.446855,0.056484,-0.798003,0.056484,-0.798003,-0.053107,-0.446855,0.031772,-0.448877]},"103":{"data":[0.056484,-0.798003,0.031772,-0.448877,0.207099,-0.772729,0.207099,-0.772729,0.031772,-0.448877,0.116493,-0.43466,0.207099,-0.772729,0.116493,-0.43466,0.350167,-0.719294,0.350167,-0.719294,0.116493,-0.43466,0.196969,-0.404603,0.350167,-0.719294,0.196969,-0.404603,0.480473,-0.639645,0.480473,-0.639645,0.196969,-0.404603,0.270266,-0.3598,0.480473,-0.639645,0.270266,-0.3598,0.593269,-0.536686,0.593269,-0.536686,0.270266,-0.3598,0.333714,-0.301886,0.593269,-0.536686,0.333714,-0.301886,0.684445,-0.414168,0.684445,-0.414168,0.333714,-0.301886,0.385,-0.232969,0.684445,-0.414168,0.385,-0.232969,0.750677,-0.276556,0.750677,-0.276556,0.385,-0.232969,0.422256,-0.155563,0.750677,-0.276556,0.422256,-0.155563,0.789553,-0.128866,0.789553,-0.128866,0.422256,-0.155563,0.444123,-0.072487,0.789553,-0.128866,0.444123,-0.072487,0.799654,0.02352,0.799654,0.02352,0.444123,-0.072487,0.449805,0.01323]},"106":{"data":[0.799654,0.02352,0.449805,0.01323,0.780445,0.175798,0.780445,0.175798,0.449805,0.01323,0.439,0.098887,0.780445,0.175798,0.439,0.098887,0.732509,0.321606,0.732509,0.321606,0.439,0.098887,0.412036,0.180903,0.732509,0.321606,0.412036,0.180903,0.65761,0.455576,0.65761,0.455576,0.412036,0.180903,0.369906,0.256261,0.65761,0.455576,0.369906,0.256261,0.558505,0.572776,0.558505,0.572776,0.369906,0.256261,0.314159,0.322186,0.558505,0.572776,0.314159,0.322186,0.438842,0.668893,0.438842,0.668893,0.314159,0.322186,0.246849,0.376252,0.438842,0.668893,0.246849,0.376252,0.303026,0.740389,0.303026,0.740389,0.246849,0.376252,0.170452,0.416469,0.303026,0.740389,0.170452,0.416469,0.156055,0.784632,0.156055,0.784632,0.170452,0.416469,0.087781,0.441355]},"109":{"data":[0.156055,0.784632,0.087781,0.441355,0.10441,0.793157,0.10441,0.793157,0.087781,0.441355,0.05873,0.446151,0.10441,0.793157,0.05873,0.446151,0.052317,0.798288,0.052317,0.798288,0.05873,0.446151,0.029428,0.449037,0.052317,0.798288,0.029428,0.449037,0.0,0.8,0.0,0.8,0.029428,0.449037,0.0,0.45]}},"transforms":{},"panes":{"1":{"name":"Main","region":{"clipYMin":-0.95,"clipYMax":0.95,"clipXMin":-0.95,"clipXMax":0.95},"hasClearColor":true,"clearColor":[0.06,0.09,0.16,1.0]}},"layers":{"10":{"paneId":1,"name":"data"}},"geometries":{"101":{"vertexBufferId":100,"format":"pos2_clip","vertexCount":102},"104":{"vertexBufferId":103,"format":"pos2_clip","vertexCount":48},"107":{"vertexBufferId":106,"format":"pos2_clip","vertexCount":42},"110":{"vertexBufferId":109,"format":"pos2_clip","vertexCount":18}},"drawItems":{"102":{"layerId":10,"name":"ring0","pipeline":"triSolid@1","geometryId":101,"color":[0.23137254901960785,0.5098039215686274,0.9647058823529412,1.0]},"105":{"layerId":10,"name":"ring1","pipeline":"triSolid@1","geometryId":104,"color":[0.9372549019607843,0.26666666666666666,0.26666666666666666,1.0]},"108":{"layerId":10,"name":"ring2","pipeline":"triSolid@1","geometryId":107,"color":[0.13333333333333333,0.7725490196078432,0.3686274509803922,1.0]},"111":{"layerId":10,"name":"ring3","pipeline":"triSolid@1","geometryId":110,"color":[0.9607843137254902,0.6196078431372549,0.043137254901960784,1.0]}}}