{"version":1,"viewport":{"width":900,"height":700},"buffers":{"100":{"data":[657.0,0.739572,447.0,0.977266,410.0,1.633367,331.0,1.469675,313.0,1.06032,347.0,0.902547,604.0,0.844477,441.0,1.145818,306.0,1.24279,271.0,0.777427,200.0,0.037426,115.0,2.204093,179.0,1.175802,383.0,1.476976,432.0,1.300813,339.0,0.777427,185.0,1.397766,160.0,0.977266,273.0,0.739572,276.0,0.812245,595.0,1.175802,567.0,1.113609,520.0,2.176062,314.0,2.041353,291.0,1.518382,499.0,1.230193,358.0,1.145818,375.0,1.342225,353.0,1.601951,537.0,0.902547,298.0,0.999565,457.0,1.447003,191.0,2.11391,268.0,1.845036,123.0,2.278731,249.0,1.698883,216.0,1.543944,509.0,0.902547,510.0,1.113609,228.0,1.447003,287.0,1.397766,223.0,0.999565,355.0,0.95376,211.0,1.175802,287.0,1.078819,521.0,0.739572,531.0,0.11059,296.0,1.476976,414.0,0.999565,432.0,1.175802,417.0,0.698101,217.0,1.954194,229.0,1.740284,485.0,0.928908,491.0,0.698101,239.0,1.342225,628.0,0.173186,440.0,0.812245,399.0,0.999565,325.0,1.361539,100.0,2.041353,102.0,1.230193,185.0,1.342225,299.0,2.041353,595.0,-0.004365,414.0,1.255031,565.0,-0.05061,528.0,0.844477,552.0,-0.102373,305.0,0.999565,592.0,0.902547,378.0,1.203848,146.0,2.176062,370.0,1.342225,345.0,1.175802,298.0,1.579669,242.0,0.844477,386.0,1.175802,255.0,0.396199,279.0,1.361539,234.0,1.601951,572.0,1.518382,512.0,1.568084,351.0,1.601951,443.0,1.397766,546.0,0.95376,641.0,0.844477,585.0,0.874482,394.0,1.175802,437.0,0.600973,388.0,0.777427,314.0,1.145818,286.0,1.175802,508.0,0.812245,319.0,0.777427,358.0,0.902547,87.0,1.954194,259.0,1.590953,171.0,1.175802,601.0,1.342225,425.0,1.175802,392.0,1.397766,469.0,1.203848,196.0,1.954194,517.0,0.999565,512.0,0.777427,337.0,1.342225,339.0,1.230193,495.0,0.902547,393.0,1.175802,242.0,1.518382,70.0,2.477107,132.0,2.11391,227.0,1.778079,321.0,1.342225,329.0,1.300813,151.0,1.903036,345.0,1.361539,326.0,1.078819,421.0,0.999565,280.0,1.447003,272.0,1.300813,517.0,0.95376,366.0,1.078819,155.0,1.698883,328.0,1.230193,203.0,1.653116,272.0,1.175802,339.0,1.113609,271.0,0.95376,132.0,1.543944,368.0,0.844477,298.0,0.999565,225.0,1.113609,350.0,1.698883,262.0,1.447003,335.0,1.278525,284.0,0.999565,145.0,2.079145,70.0,2.301008,402.0,1.397766,290.0,1.543944,306.0,1.778079,391.0,1.397766,309.0,1.476976,300.0,1.601951,429.0,1.300813,547.0,1.113609,34.0,2.954238,372.0,1.300813]},"103":{"data":[34.0,0.0,657.0,0.0,34.0,1.0,657.0,1.0,34.0,2.0,657.0,2.0]}},"transforms":{"50":{"sx":0.002626587,"sy":0.535352341,"tx":-0.907485773,"ty":-0.763376242}},"panes":{"1":{"name":"main","region":{"clipYMin":-0.9,"clipYMax":0.9,"clipXMin":-0.9,"clipXMax":0.9},"hasClearColor":true,"clearColor":[0.06,0.09,0.16,1.0]}},"layers":{"10":{"paneId":1,"name":"grid"},"20":{"paneId":1,"name":"data"}},"geometries":{"101":{"vertexBufferId":100,"format":"pos2_clip","vertexCount":150},"104":{"vertexBufferId":103,"format":"rect4","vertexCount":3}},"drawItems":{"200":{"layerId":20,"name":"scatter","pipeline":"points@1","geometryId":101,"transformId":50,"color":[0.95,0.62,0.07,0.7],"pointSize":6.0},"201":{"layerId":10,"name":"refs","pipeline":"lineAA@1","geometryId":104,"transformId":50,"color":[0.4,0.4,0.4,0.4],"lineWidth":1.0,"dashLength":0.03,"gapLength":0.02}},"textOverlay":{"fontSize":13,"color":"#b2b5bc","labels":[{"clipX":0.0,"clipY":0.97,"text":"Products: Units Sold vs Price (Log Scale)","align":"c"},{"clipX":-0.95,"clipY":0.0,"text":"log10(price)","align":"l","fontSize":11},{"clipX":0.0,"clipY":-0.97,"text":"Units Sold","align":"c","fontSize":11},{"clipX":-0.93,"clipY":-0.763,"text":"$1","align":"l","fontSize":10,"color":"#666"},{"clipX":-0.93,"clipY":-0.228,"text":"$10","align":"l","fontSize":10,"color":"#666"},{"clipX":-0.93,"clipY":0.307,"text":"$100","align":"l","fontSize":10,"color":"#666"}]}}