{"version":1,"viewport":{"width":1100,"height":600},"buffers":{"100":{"data":[0.0,7.936946,0.0,0.0,1.0,8.482375,1.0,8.482375,0.0,0.0,1.0,0.0,1.0,8.482375,1.0,0.0,2.0,9.453619,2.0,9.453619,1.0,0.0,2.0,0.0,2.0,9.453619,2.0,0.0,3.0,8.613494,3.0,8.613494,2.0,0.0,3.0,0.0,3.0,8.613494,3.0,0.0,4.0,8.282791,4.0,8.282791,3.0,0.0,4.0,0.0,4.0,8.282791,4.0,0.0,5.0,8.416249,5.0,8.416249,4.0,0.0,5.0,0.0,5.0,8.416249,5.0,0.0,6.0,8.822687,6.0,8.822687,5.0,0.0,6.0,0.0,6.0,8.822687,6.0,0.0,7.0,9.552424,7.0,9.552424,6.0,0.0,7.0,0.0,7.0,9.552424,7.0,0.0,8.0,10.354286,8.0,10.354286,7.0,0.0,8.0,0.0,8.0,10.354286,8.0,0.0,9.0,8.586499,9.0,8.586499,8.0,0.0,9.0,0.0,9.0,8.586499,9.0,0.0,10.0,9.422929,10.0,9.422929,9.0,0.0,10.0,0.0,10.0,9.422929,10.0,0.0,11.0,10.029704,11.0,10.029704,10.0,0.0,11.0,0.0,11.0,10.029704,11.0,0.0,12.0,7.465999,12.0,7.465999,11.0,0.0,12.0,0.0,12.0,7.465999,12.0,0.0,13.0,9.354292,13.0,9.354292,12.0,0.0,13.0,0.0,13.0,9.354292,13.0,0.0,14.0,10.660657,14.0,10.660657,13.0,0.0,14.0,0.0,14.0,10.660657,14.0,0.0,15.0,10.730095,15.0,10.730095,14.0,0.0,15.0,0.0,15.0,10.730095,15.0,0.0,16.0,7.271232,16.0,7.271232,15.0,0.0,16.0,0.0,16.0,7.271232,16.0,0.0,17.0,9.814922,17.0,9.814922,16.0,0.0,17.0,0.0,17.0,9.814922,17.0,0.0,18.0,10.278785,18.0,10.278785,17.0,0.0,18.0,0.0,18.0,10.278785,18.0,0.0,19.0,9.667081,19.0,9.667081,18.0,0.0,19.0,0.0,19.0,9.667081,19.0,0.0,20.0,8.951743,20.0,8.951743,19.0,0.0,20.0,0.0]},"101":{"data":[0.0,37.750987,0.0,7.936946,1.0,32.228744,1.0,32.228744,0.0,7.936946,1.0,8.482375,1.0,32.228744,1.0,8.482375,2.0,32.486363,2.0,32.486363,1.0,8.482375,2.0,9.453619,2.0,32.486363,2.0,9.453619,3.0,36.886719,3.0,36.886719,2.0,9.453619,3.0,8.613494,3.0,36.886719,3.0,8.613494,4.0,34.513998,4.0,34.513998,3.0,8.613494,4.0,8.282791,4.0,34.513998,4.0,8.282791,5.0,36.057989,5.0,36.057989,4.0,8.282791,5.0,8.416249,5.0,36.057989,5.0,8.416249,6.0,32.970777,6.0,32.970777,5.0,8.416249,6.0,8.822687,6.0,32.970777,6.0,8.822687,7.0,35.949305,7.0,35.949305,6.0,8.822687,7.0,9.552424,7.0,35.949305,7.0,9.552424,8.0,34.435722,8.0,34.435722,7.0,9.552424,8.0,10.354286,8.0,34.435722,8.0,10.354286,9.0,35.253279,9.0,35.253279,8.0,10.354286,9.0,8.586499,9.0,35.253279,9.0,8.586499,10.0,35.425669,10.0,35.425669,9.0,8.586499,10.0,9.422929,10.0,35.425669,10.0,9.422929,11.0,36.779103,11.0,36.779103,10.0,9.422929,11.0,10.029704,11.0,36.779103,11.0,10.029704,12.0,33.679128,12.0,33.679128,11.0,10.029704,12.0,7.465999,12.0,33.679128,12.0,7.465999,13.0,33.065953,13.0,33.065953,12.0,7.465999,13.0,9.354292,13.0,33.065953,13.0,9.354292,14.0,35.453069,14.0,35.453069,13.0,9.354292,14.0,10.660657,14.0,35.453069,14.0,10.660657,15.0,38.94707,15.0,38.94707,14.0,10.660657,15.0,10.730095,15.0,38.94707,15.0,10.730095,16.0,31.873149,16.0,31.873149,15.0,10.730095,16.0,7.271232,16.0,31.873149,16.0,7.271232,17.0,37.106189,17.0,37.106189,16.0,7.271232,17.0,9.814922,17.0,37.106189,17.0,9.814922,18.0,35.516893,18.0,35.516893,17.0,9.814922,18.0,10.278785,18.0,35.516893,18.0,10.278785,19.0,31.815671,19.0,31.815671,18.0,10.278785,19.0,9.667081,19.0,31.815671,19.0,9.667081,20.0,34.25261,20.0,34.25261,19.0,9.667081,20.0,8.951743]},"102":{"data":[0.0,44.884702,0.0,37.750987,1.0,40.885455,1.0,40.885455,0.0,37.750987,1.0,32.228744,1.0,40.885455,1.0,32.228744,2.0,43.219804,2.0,43.219804,1.0,32.228744,2.0,32.486363,2.0,43.219804,2.0,32.486363,3.0,45.346924,3.0,45.346924,2.0,32.486363,3.0,36.886719,3.0,45.346924,3.0,36.886719,4.0,44.275368,4.0,44.275368,3.0,36.886719,4.0,34.513998,4.0,44.275368,4.0,34.513998,5.0,43.417862,5.0,43.417862,4.0,34.513998,5.0,36.057989,5.0,43.417862,5.0,36.057989,6.0,44.785229,6.0,44.785229,5.0,36.057989,6.0,32.970777,6.0,44.785229,6.0,32.970777,7.0,44.133753,7.0,44.133753,6.0,32.970777,7.0,35.949305,7.0,44.133753,7.0,35.949305,8.0,41.101519,8.0,41.101519,7.0,35.949305,8.0,34.435722,8.0,41.101519,8.0,34.435722,9.0,43.40542,9.0,43.40542,8.0,34.435722,9.0,35.253279,9.0,43.40542,9.0,35.253279,10.0,43.938359,10.0,43.938359,9.0,35.253279,10.0,35.425669,10.0,43.938359,10.0,35.425669,11.0,45.230063,11.0,45.230063,10.0,35.425669,11.0,36.779103,11.0,45.230063,11.0,36.779103,12.0,41.067703,12.0,41.067703,11.0,36.779103,12.0,33.679128,12.0,41.067703,12.0,33.679128,13.0,41.700537,13.0,41.700537,12.0,33.679128,13.0,33.065953,13.0,41.700537,13.0,33.065953,14.0,45.237187,14.0,45.237187,13.0,33.065953,14.0,35.453069,14.0,45.237187,14.0,35.453069,15.0,45.557654,15.0,45.557654,14.0,35.453069,15.0,38.94707,15.0,45.557654,15.0,38.94707,16.0,40.210986,16.0,40.210986,15.0,38.94707,16.0,31.873149,16.0,40.210986,16.0,31.873149,17.0,44.459606,17.0,44.459606,16.0,31.873149,17.0,37.106189,17.0,44.459606,17.0,37.106189,18.0,42.246165,18.0,42.246165,17.0,37.106189,18.0,35.516893,18.0,42.246165,18.0,35.516893,19.0,42.180552,19.0,42.180552,18.0,35.516893,19.0,31.815671,19.0,42.180552,19.0,31.815671,20.0,40.832573,20.0,40.832573,19.0,31.815671,20.0,34.25261]},"103":{"data":[0.0,55.978756,0.0,44.884702,1.0,52.287947,1.0,52.287947,0.0,44.884702,1.0,40.885455,1.0,52.287947,1.0,40.885455,2.0,52.19918,2.0,52.19918,1.0,40.885455,2.0,43.219804,2.0,52.19918,2.0,43.219804,3.0,56.488856,3.0,56.488856,2.0,43.219804,3.0,45.346924,3.0,56.488856,3.0,45.346924,4.0,53.931226,4.0,53.931226,3.0,45.346924,4.0,44.275368,4.0,53.931226,4.0,44.275368,5.0,56.061596,5.0,56.061596,4.0,44.275368,5.0,43.417862,5.0,56.061596,5.0,43.417862,6.0,53.729094,6.0,53.729094,5.0,43.417862,6.0,44.785229,6.0,53.729094,6.0,44.785229,7.0,54.597669,7.0,54.597669,6.0,44.785229,7.0,44.133753,7.0,54.597669,7.0,44.133753,8.0,51.46795,8.0,51.46795,7.0,44.133753,8.0,41.101519,8.0,51.46795,8.0,41.101519,9.0,53.310393,9.0,53.310393,8.0,41.101519,9.0,43.40542,9.0,53.310393,9.0,43.40542,10.0,54.40646,10.0,54.40646,9.0,43.40542,10.0,43.938359,10.0,54.40646,10.0,43.938359,11.0,55.845921,11.0,55.845921,10.0,43.938359,11.0,45.230063,11.0,55.845921,11.0,45.230063,12.0,53.269534,12.0,53.269534,11.0,45.230063,12.0,41.067703,12.0,53.269534,12.0,41.067703,13.0,53.999466,13.0,53.999466,12.0,41.067703,13.0,41.700537,13.0,53.999466,13.0,41.700537,14.0,54.335198,14.0,54.335198,13.0,41.700537,14.0,45.237187,14.0,54.335198,14.0,45.237187,15.0,54.094165,15.0,54.094165,14.0,45.237187,15.0,45.557654,15.0,54.094165,15.0,45.557654,16.0,50.241566,16.0,50.241566,15.0,45.557654,16.0,40.210986,16.0,50.241566,16.0,40.210986,17.0,56.643348,17.0,56.643348,16.0,40.210986,17.0,44.459606,17.0,56.643348,17.0,44.459606,18.0,53.948728,18.0,53.948728,17.0,44.459606,18.0,42.246165,18.0,53.948728,18.0,42.246165,19.0,51.277237,19.0,51.277237,18.0,42.246165,19.0,42.180552,19.0,51.277237,19.0,42.180552,20.0,49.229641,20.0,49.229641,19.0,42.180552,20.0,40.832573]},