{"version":1,"viewport":{"width":1000,"height":600},"buffers":{"100":{"data":[0.0,6.343844,1.0,9.15146,1.0,9.15146,2.0,11.819074,2.0,11.819074,3.0,14.324438,3.0,14.324438,4.0,16.342661,4.0,16.342661,5.0,18.257196,5.0,18.257196,6.0,20.039979,6.0,20.039979,7.0,21.736573,7.0,21.736573,8.0,23.327777,8.0,23.327777,9.0,24.871038,9.0,24.871038,10.0,26.407636,10.0,26.407636,11.0,27.928681,11.0,27.928681,12.0,29.423311,12.0,29.423311,13.0,30.908914,13.0,30.908914,14.0,32.343583,14.0,32.343583,15.0,33.775616,15.0,33.775616,16.0,35.204689,16.0,35.204689,17.0,36.613113,17.0,36.613113,18.0,38.010607,18.0,38.010607,19.0,39.15835,19.0,39.15835,20.0,40.300802,20.0,40.300802,21.0,41.442089,21.0,41.442089,22.0,42.54605,22.0,42.54605,23.0,43.618995,23.0,43.618995,24.0,44.659607,24.0,44.659607,25.0,45.68686,25.0,45.68686,26.0,46.702177,26.0,46.702177,27.0,47.689619,27.0,47.689619,28.0,48.660559,28.0,48.660559,29.0,49.596928,29.0,49.596928,30.0,50.512954,30.0,50.512954,31.0,51.410822,31.0,51.410822,32.0,52.301783,32.0,52.301783,33.0,53.127304,33.0,53.127304,34.0,53.947848,34.0,53.947848,35.0,54.766373,35.0,54.766373,36.0,55.564573,36.0,55.564573,37.0,56.36135,37.0,56.36135,38.0,57.157599,38.0,57.157599,39.0,57.939896,39.0,57.939896,40.0,58.702136,40.0,58.702136,41.0,59.455254,41.0,59.455254,42.0,60.200073,42.0,60.200073,43.0,60.928571,43.0,60.928571,44.0,61.651726,44.0,61.651726,45.0,62.353653,45.0,62.353653,46.0,63.053527,46.0,63.053527,47.0,63.744217,47.0,63.744217,48.0,64.415131,48.0,64.415131,49.0,65.077898,49.0,65.077898,50.0,65.728463,50.0,65.728463,51.0,66.377328,51.0,66.377328,52.0,67.015474,52.0,67.015474,53.0,67.650171,53.0,67.650171,54.0,68.278879,54.0,68.278879,55.0,68.896544,55.0,68.896544,56.0,69.505212,56.0,69.505212,57.0,70.113335,57.0,70.113335,58.0,70.721135,58.0,70.721135,59.0,71.327276,59.0,71.327276,60.0,71.928013,60.0,71.928013,61.0,72.527756,61.0,72.527756,62.0,73.122708,62.0,73.122708,63.0,73.705911,63.0,73.705911,64.0,74.284296,64.0,74.284296,65.0,74.857789,65.0,74.857789,66.0,75.396945,66.0,75.396945,67.0,75.9317,67.0,75.9317,68.0,76.459496,68.0,76.459496,69.0,76.981328,69.0,76.981328,70.0,77.501833,70.0,77.501833,71.0,78.021583,71.0,78.021583,72.0,78.540158,72.0,78.540158,73.0,79.041702,73.0,79.041702,74.0,79.535062,74.0,79.535062,75.0,80.017413,75.0,80.017413,76.0,80.49677,76.0,80.49677,77.0,80.967326,77.0,80.967326,78.0,81.434069,78.0,81.434069,79.0,81.886811,79.0,81.886811,80.0,82.32994,80.0,82.32994,81.0,82.766596,81.0,82.766596,82.0,83.194958,82.0,83.194958,83.0,83.614583,83.0,83.614583,84.0,84.034157,84.0,84.034157,85.0,84.444039,85.0,84.444039,86.0,84.843701,86.0,84.843701,87.0,85.228399,87.0,85.228399,88.0,85.60736,88.0,85.60736,89.0,85.984485,89.0,85.984485,90.0,86.361072,90.0,86.361072,91.0,86.726298,91.0,86.726298,92.0,87.085205,92.0,87.085205,93.0,87.443086,93.0,87.443086,94.0,87.800553,94.0,87.800553,95.0,88.157707,95.0,88.157707,96.0,88.506621,96.0,88.506621,97.0,88.854771,97.0,88.854771,98.0,89.198671,98.0,89.198671,99.0,89.541595,99.0,89.541595,100.0,89.884021,100.0,89.884021,101.0,90.219606,101.0,90.219606,102.0,90.553885,102.0,90.553885,103.0,90.887192,103.0,90.887192,104.0,91.217562,104.0,91.217562,105.0,91.54774,105.0,91.54774,106.0,91.871228,106.0,91.871228,107.0,92.19317,107.0,92.19317,108.0,92.510017,108.0,92.510017,109.0,92.810571,109.0,92.810571,110.0,93.103521,110.0,93.103521,111.0,93.396336,111.0,93.396336,112.0,93.678067,112.0,93.678067,113.0,93.94549,113.0,93.94549,114.0,94.205154,114.0,94.205154,115.0,94.461045,115.0,94.461045,116.0,94.710115,116.0,94.710115,117.0,94.958528,117.0,94.958528,118.0,95.200349,118.0,95.200349,119.0,95.441963,119.0,95.441963,120.0,95.679242,120.0,95.679242,121.0,95.912798,121.0,95.912798,122.0,96.145356,122.0,96.145356,123.0,96.377872,123.0,96.377872,124.0,96.609568,124.0,96.609568,125.0,96.836292,125.0,96.836292,126.0,97.052794,126.0,97.052794,127.0,97.26235,127.0,97.26235,128.0,97.470431,128.0,97.470431,129.0,97.669977,129.0,97.669977,130.0,97.868486,130.0,97.868486,131.0,98.057434,131.0,98.057434,132.0,98.239595,132.0,98.239595,133.0,98.408997,133.0,98.408997,134.0,98.574674,134.0,98.574674,135.0,98.729613,135.0,98.729613,136.0,98.875432,136.0,98.875432,137.0,99.018204,137.0,99.018204,138.0,99.159197,138.0,99.159197,139.0,99.296505,139.0,99.296505,140.0,99.428586,140.0,99.428586,141.0,99.55222,141.0,99.55222,142.0,99.674199,142.0,99.674199,143.0,99.750402,143.0,99.750402,144.0,99.806187,144.0,99.806187,145.0,99.857894,145.0,99.857894,146.0,99.905811,146.0,99.905811,147.0,99.946808,147.0,99.946808,148.0,99.982281,148.0,99.982281,149.0,100.0]},"103":{"data":[-1.0,80.0,151.0,80.0,75.0,0.0,75.0,100.0]}},"transforms":{"50":{"sx":0.010982306,"sy":0.015454545,"tx":-0.818181818,"ty":-0.772727273}},"panes":{"1":{"name":"main","region":{"clipYMin":-0.9,"clipYMax":0.9,"clipXMin":-0.9,"clipXMax":0.9},"hasClearColor":true,"clearColor":[0.06,0.09,0.16,1.0]}},"layers":{"10":{"paneId":1,"name":"ref"},"20":{"paneId":1,"name":"data"}},"geometries":{"101":{"vertexBufferId":100,"format":"rect4","vertexCount":149},"104":{"vertexBufferId":103,"format":"rect4","vertexCount":2}},"drawItems":{"200":{"layerId":20,"name":"pareto","pipeline":"lineAA@1","geometryId":101,"transformId":50,"color":[0.23,0.75,0.96,1.0],"lineWidth":2.0},"201":{"layerId":10,"name":"ref_lines","pipeline":"lineAA@1","geometryId":104,"transformId":50,"color":[0.9,0.3,0.3,0.5],"lineWidth":1.0,"dashLength":0.03,"gapLength":0.02}},"textOverlay":{"fontSize":13,"color":"#b2b5bc","labels":[{"clipX":0.0,"clipY":0.97,"text":"Pareto Curve: 75 of 150 products = 80% of revenue","align":"c"},{"clipX":0.88,"clipY":0.504,"text":"80%","align":"r","fontSize":11,"color":"#e04444"}]}}