{"version":1,"viewport":{"width":1000,"height":600},"buffers":{"100":{"data":[2.0,64923.304701,2.0,49980.615299,3.0,60631.262766,3.0,60631.262766,2.0,49980.615299,3.0,47677.9639,3.0,60631.262766,3.0,47677.9639,4.0,61162.997098,4.0,61162.997098,3.0,47677.9639,4.0,47606.322902,4.0,61162.997098,4.0,47606.322902,5.0,81174.616708,5.0,81174.616708,4.0,47606.322902,5.0,53630.683292,5.0,81174.616708,5.0,53630.683292,6.0,81910.612053,6.0,81910.612053,5.0,53630.683292,6.0,43636.487947,6.0,81910.612053,6.0,43636.487947,7.0,76439.291038,7.0,76439.291038,6.0,43636.487947,7.0,30117.048962,7.0,76439.291038,7.0,30117.048962,8.0,65435.633125,8.0,65435.633125,7.0,30117.048962,8.0,31984.100209,8.0,65435.633125,8.0,31984.100209,9.0,80364.327853,9.0,80364.327853,8.0,31984.100209,9.0,42504.26548,9.0,80364.327853,9.0,42504.26548,10.0,81836.960992,10.0,81836.960992,9.0,42504.26548,10.0,73102.525674,10.0,81836.960992,10.0,73102.525674,11.0,81860.26351,11.0,81860.26351,10.0,73102.525674,11.0,72852.489823,11.0,81860.26351,11.0,72852.489823,12.0,80790.72784,12.0,80790.72784,11.0,72852.489823,12.0,70475.49216,12.0,80790.72784,12.0,70475.49216,13.0,72538.071815,13.0,72538.071815,12.0,70475.49216,13.0,68778.761519,13.0,72538.071815,13.0,68778.761519,14.0,71711.425049,14.0,71711.425049,13.0,68778.761519,14.0,61665.421617,14.0,71711.425049,14.0,61665.421617,15.0,66562.019152,15.0,66562.019152,14.0,61665.421617,15.0,59438.740848,15.0,66562.019152,15.0,59438.740848,16.0,72817.667868,16.0,72817.667868,15.0,59438.740848,16.0,58375.872132,16.0,72817.667868,16.0,58375.872132,17.0,79954.565275,17.0,79954.565275,16.0,58375.872132,17.0,64110.601392,17.0,79954.565275,17.0,64110.601392,18.0,81804.477966,18.0,81804.477966,17.0,64110.601392,18.0,53044.508701,18.0,81804.477966,18.0,53044.508701,19.0,73198.478075,19.0,73198.478075,18.0,53044.508701,19.0,43668.261925,19.0,73198.478075,19.0,43668.261925,20.0,60696.082778,20.0,60696.082778,19.0,43668.261925,20.0,45801.097222]},"103":{"data":[2.0,57451.96,3.0,54154.613333,3.0,54154.613333,4.0,54384.66,4.0,54384.66,5.0,67402.65,5.0,67402.65,6.0,62773.55,6.0,62773.55,7.0,53278.17,7.0,53278.17,8.0,48709.866667,8.0,48709.866667,9.0,61434.296667,9.0,61434.296667,10.0,77469.743333,10.0,77469.743333,11.0,77356.376667,11.0,77356.376667,12.0,75633.11,12.0,75633.11,13.0,70658.416667,13.0,70658.416667,14.0,66688.423333,14.0,66688.423333,15.0,63000.38,15.0,63000.38,16.0,65596.77,16.0,65596.77,17.0,72032.583333,17.0,72032.583333,18.0,67424.493333,18.0,67424.493333,19.0,58433.37,19.0,58433.37,20.0,53248.59]}},"transforms":{"50":{"sx":0.081818182,"sy":2.9839e-05,"tx":-0.818181818,"ty":-1.671381998}},"panes":{"1":{"name":"main","region":{"clipYMin":-0.9,"clipYMax":0.9,"clipXMin":-0.9,"clipXMax":0.9},"hasClearColor":true,"clearColor":[0.06,0.09,0.16,1.0]}},"layers":{"10":{"paneId":1,"name":"band"},"20":{"paneId":1,"name":"line"}},"geometries":{"101":{"vertexBufferId":100,"format":"pos2_clip","vertexCount":108},"104":{"vertexBufferId":103,"format":"rect4","vertexCount":18}},"drawItems":{"200":{"layerId":10,"name":"band","pipeline":"triSolid@1","geometryId":101,"transformId":50,"color":[0.23,0.47,0.96,0.2]},"201":{"layerId":20,"name":"mean","pipeline":"lineAA@1","geometryId":104,"transformId":50,"color":[0.23,0.47,0.96,1.0],"lineWidth":2.5}},"textOverlay":{"fontSize":13,"color":"#b2b5bc","labels":[{"clipX":0.0,"clipY":0.97,"text":"Monthly Revenue: 3-Month Rolling Mean +/- 1 Std Dev","align":"c"}]}}