{"version":1,"viewport":{"width":700,"height":700},"buffers":{"100":{"data":[0.144889,0.038823,0.209813,0.056219,0.204115,0.074292,0.144889,0.038823,0.204115,0.074292,0.140954,0.051303,0.140954,0.051303,0.204115,0.074292,0.196863,0.091799,0.140954,0.051303,0.196863,0.091799,0.135946,0.063393,0.135946,0.063393,0.196863,0.091799,0.188113,0.108607,0.135946,0.063393,0.188113,0.108607,0.129904,0.075,0.129904,0.075,0.269164,0.155402,0.254596,0.17827,0.129904,0.075,0.254596,0.17827,0.122873,0.086036,0.122873,0.086036,0.254596,0.17827,0.23809,0.199781,0.122873,0.086036,0.23809,0.199781,0.114907,0.096418,0.114907,0.096418,0.23809,0.199781,0.219772,0.219772,0.114907,0.096418,0.219772,0.219772,0.106066,0.106066,0.106066,0.106066,0.263496,0.263496,0.239528,0.285459,0.106066,0.106066,0.239528,0.285459,0.096418,0.114907,0.096418,0.114907,0.239528,0.285459,0.213738,0.305249,0.096418,0.114907,0.213738,0.305249,0.086036,0.122873,0.086036,0.122873,0.213738,0.305249,0.18632,0.322716,0.086036,0.122873,0.18632,0.322716,0.075,0.129904,0.075,0.129904,0.235925,0.408634,0.199413,0.427642,0.075,0.129904,0.199413,0.427642,0.063393,0.135946,0.063393,0.135946,0.199413,0.427642,0.161382,0.443394,0.063393,0.135946,0.161382,0.443394,0.051303,0.140954,0.051303,0.140954,0.161382,0.443394,0.122124,0.455772,0.051303,0.140954,0.122124,0.455772,0.038823,0.144889,0.038823,0.144889,0.134591,0.5023,0.0903,0.512119,0.038823,0.144889,0.0903,0.512119,0.026047,0.147721,0.026047,0.147721,0.0903,0.512119,0.045323,0.518041,0.026047,0.147721,0.045323,0.518041,0.013073,0.149429,0.013073,0.149429,0.045323,0.518041,0.0,0.52002,0.013073,0.149429,0.0,0.52002,0.0,0.15,0.0,0.15,0.0,0.677026,-0.059007,0.674449,0.0,0.15,-0.059007,0.674449,-0.013073,0.149429,-0.013073,0.149429,-0.059007,0.674449,-0.117564,0.66674,-0.013073,0.149429,-0.117564,0.66674,-0.026047,0.147721,-0.026047,0.147721,-0.117564,0.66674,-0.175227,0.653957,-0.026047,0.147721,-0.175227,0.653957,-0.038823,0.144889,-0.038823,0.144889,-0.193551,0.722341,-0.25577,0.702723,-0.038823,0.144889,-0.25577,0.702723,-0.051303,0.140954,-0.051303,0.140954,-0.25577,0.702723,-0.316043,0.677757,-0.051303,0.140954,-0.316043,0.677757,-0.063393,0.135946,-0.063393,0.135946,-0.316043,0.677757,-0.373911,0.647633,-0.063393,0.135946,-0.373911,0.647633,-0.075,0.129904,-0.075,0.129904,-0.4,0.69282,-0.458861,0.655322,-0.075,0.129904,-0.458861,0.655322,-0.086036,0.122873,-0.086036,0.122873,-0.458861,0.655322,-0.51423,0.612836,-0.086036,0.122873,-0.51423,0.612836,-0.096418,0.114907,-0.096418,0.114907,-0.51423,0.612836,-0.565685,0.565685,-0.096418,0.114907,-0.565685,0.565685,-0.106066,0.106066,-0.106066,0.106066,-0.519744,0.519744,-0.563064,0.472467,-0.106066,0.106066,-0.563064,0.472467,-0.114907,0.096418,-0.114907,0.096418,-0.563064,0.472467,-0.6021,0.421595,-0.114907,0.096418,-0.6021,0.421595,-0.122873,0.086036,-0.122873,0.086036,-0.6021,0.421595,-0.636553,0.367514,-0.122873,0.086036,-0.636553,0.367514,-0.129904,0.075,-0.129904,0.075,-0.544789,0.314534,-0.57013,0.265856,-0.129904,0.075,-0.57013,0.265856,-0.135946,0.063393,-0.135946,0.063393,-0.57013,0.265856,-0.591131,0.215154,-0.135946,0.063393,-0.591131,0.215154,-0.140954,0.051303,-0.140954,0.051303,-0.591131,0.215154,-0.607633,0.162815,-0.140954,0.051303,-0.607633,0.162815,-0.144889,0.038823,-0.144889,0.038823,-0.546309,0.146383,-0.556989,0.098212,-0.144889,0.038823,-0.556989,0.098212,-0.147721,0.026047,-0.147721,0.026047,-0.556989,0.098212,-0.563429,0.049294,-0.147721,0.026047,-0.563429,0.049294,-0.149429,0.013073,-0.149429,0.013073,-0.563429,0.049294,-0.565581,0.0,-0.149429,0.013073,-0.565581,0.0,-0.15,0.0,-0.15,0.0,-0.451693,0.0,-0.449974,-0.039368,-0.15,0.0,-0.449974,-0.039368,-0.149429,-0.013073,-0.149429,-0.013073,-0.449974,-0.039368,-0.444831,-0.078436,-0.149429,-0.013073,-0.444831,-0.078436,-0.147721,-0.026047,-0.147721,-0.026047,-0.444831,-0.078436,-0.436302,-0.116907,-0.147721,-0.026047,-0.436302,-0.116907,-0.144889,-0.038823,-0.144889,-0.038823,-0.3184,-0.085315,-0.309753,-0.112741,-0.144889,-0.038823,-0.309753,-0.112741,-0.140954,-0.051303,-0.140954,-0.051303,-0.309753,-0.112741,-0.298748,-0.139309,-0.140954,-0.051303,-0.298748,-0.139309,-0.135946,-0.063393,-0.135946,-0.063393,-0.298748,-0.139309,-0.28547,-0.164816,-0.135946,-0.063393,-0.28547,-0.164816,-0.129904,-0.075,-0.129904,-0.075,-0.191123,-0.110345,-0.180779,-0.126583,-0.129904,-0.075,-0.180779,-0.126583,-0.122873,-0.086036,-0.122873,-0.086036,-0.180779,-0.126583,-0.169058,-0.141857,-0.122873,-0.086036,-0.169058,-0.141857,-0.114907,-0.096418,-0.114907,-0.096418,-0.169058,-0.141857,-0.156051,-0.156051,-0.114907,-0.096418,-0.156051,-0.156051,-0.106066,-0.106066]},"103":{"data":[0.0,-0.82,0.0,-0.85,0.212232,-0.792059,0.219996,-0.821037,0.41,-0.710141,0.425,-0.736122,0.579828,-0.579828,0.601041,-0.601041,0.710141,-0.41,0.736122,-0.425,0.792059,-0.212232,0.821037,-0.219996,0.82,0.0,0.85,0.0,0.792059,0.212232,0.821037,0.219996,0.710141,0.41,0.736122,0.425,0.579828,0.579828,0.601041,0.601041,0.41,0.710141,0.425,0.736122,0.212232,0.792059,0.219996,0.821037,0.0,0.82,0.0,0.85,-0.212232,0.792059,-0.219996,0.821037,-0.41,0.710141,-0.425,0.736122,-0.579828,0.579828,-0.601041,0.601041,-0.710141,0.41,-0.736122,0.425,-0.792059,0.212232,-0.821037,0.219996,-0.82,0.0,-0.85,0.0,-0.792059,-0.212232,-0.821037,-0.219996,-0.710141,-0.41,-0.736122,-0.425,-0.579828,-0.579828,-0.601041,-0.601041,-0.41,-0.710141,-0.425,-0.736122,-0.212232,-0.792059,-0.219996,-0.821037]}},"transforms":{},"panes":{"1":{"name":"main","region":{"clipYMin":-0.95,"clipYMax":0.95,"clipXMin":-0.95,"clipXMax":0.95},"hasClearColor":true,"clearColor":[0.06,0.09,0.16,1.0]}},"layers":{"10":{"paneId":1,"name":"data"},"20":{"paneId":1,"name":"ticks"}},"geometries":{"101":{"vertexBufferId":100,"format":"pos2_clip","vertexCount":252},"104":{"vertexBufferId":103,"format":"rect4","vertexCount":24}},"drawItems":{"200":{"layerId":10,"name":"wedges","pipeline":"triSolid@1","geometryId":101,"color":[0.95,0.62,0.07,0.8]},"201":{"layerId":20,"name":"ticks","pipeline":"lineAA@1","geometryId":104,"color":[0.6,0.6,0.6,0.5],"lineWidth":1.0}},"textOverlay":{"fontSize":13,"color":"#b2b5bc","labels":[{"clipX":0.0,"clipY":0.97,"text":"Revenue by Hour of Day (Clock Layout)","align":"c"},{"clipX":0.0,"clipY":-0.89,"text":"0:00","align":"c","fontSize":10},{"clipX":0.89,"clipY":0.0,"text":"6:00","align":"c","fontSize":10},{"clipX":0.0,"clipY":0.89,"text":"12:00","align":"c","fontSize":10},{"clipX":-0.89,"clipY":0.0,"text":"18:00","align":"c","fontSize":10}]}}